Id,BIRTHDATE,DEATHDATE,SSN,DRIVERS,PASSPORT,PREFIX,FIRST,MIDDLE,LAST,SUFFIX,MAIDEN,MARITAL,RACE,ETHNICITY,GENDER,BIRTHPLACE,ADDRESS,CITY,STATE,COUNTY,FIPS,ZIP,LAT,LON,HEALTHCARE_EXPENSES,HEALTHCARE_COVERAGE,INCOME
56ea0a94-685f-0e00-2077-cdc9d8c45f02,2006-01-03,,999-89-2492,S99951050,X73434460X,Mr.,Carey440,Beau391,Zieme486,,,,white,nonhispanic,M,San Mateo  California  US,835 Emard Throughway Suite 66,Merced,California,Merced County,6047,95348,37.232385607619904,-120.58087978900303,37905.96,50043.99,75237
14ce6301-7362-0794-14f1-d220d324c04e,2013-09-05,,999-48-8610,,,,Winfred745,Johnson679,Kautzer186,,,,white,nonhispanic,M,Sacramento  California  US,572 O'Hara Path,San Bernardino,California,San Bernardino County,6071,92405,34.1467286508919,-117.25813300919307,30621.86,3935.21,111444
f57c5219-fbc4-97d3-9903-65e941e5f49a,2015-06-19,,999-22-1381,,,,Angla303,,Gusikowski974,,,,black,nonhispanic,F,Linda  California  US,849 Hauck Burg Unit 94,Fresno,California,Fresno County,6019,93721,36.83212385073731,-119.7541141381386,1650.00,44671.25,1642
32da2377-c13c-a5a1-fddf-082818344c75,1971-03-24,2005-10-22,999-49-3920,S99930497,X20466117X,Mr.,Fredrick998,Gene733,McGlynn426,,,M,white,hispanic,M,San Jose  California  US,920 Hintz Fork,San Diego,California,San Diego County,6073,92140,32.93302508067235,-117.10597456235202,10342.71,202995.18,20650
41f14f30-457c-f30e-9f5f-607acbfdb77f,1994-07-29,,999-25-4647,S99913560,X21344258X,Mrs.,Olivia294,,Camarillo982,,Arriaga291,M,white,hispanic,F,Kingston  Kingston  JM,175 Adams Lodge Unit 26,Moreno Valley,California,Riverside County,6065,92555,33.98324763424933,-117.3512934836507,13326.96,1328903.90,5700
d6afda83-ea18-ff05-49f5-106551da5000,1981-05-01,,999-21-6027,S99952190,X58923048X,Mr.,Maria750,,Bosco882,,,M,white,nonhispanic,M,Los Angeles  California  US,919 Toy Way Suite 62,Corona,California,Riverside County,6065,92860,33.795146272380826,-117.47650997811677,96801.47,36743.49,169383
d86eaaab-6fda-7113-c13a-39cdc41883fc,1980-04-07,,999-79-9702,S99988834,X14530771X,Mrs.,Laci507,Syble581,Metz686,,Reilly981,M,hawaiian,hispanic,F,Sacramento  California  US,605 Cruickshank Pathway,Woodland,California,Yolo County,6113,95776,38.715881842590996,-121.87668751393724,568915.92,303828.47,97078
1ebdce50-3cd5-0b9e-91fb-cbdffedc1d76,1971-08-14,,999-12-2434,S99987364,X68975780X,Mr.,Rodrigo242,Martín25,Córdova800,,,D,black,hispanic,M,Panama City  Panama  PA,144 Langworth Road Apt 9,Carson,California,Los Angeles County,6037,90746,33.790397299190786,-118.24328257911723,124269.18,193522.88,40950
f47bee28-ed73-044c-69d3-b0a56ef5026f,1973-05-23,,999-60-7201,S99986696,X43000824X,Mr.,Ray930,Juan88,Heller342,,,M,white,nonhispanic,M,South San Francisco  California  US,152 Yundt Approach Apt 77,Modesto,California,Stanislaus County,6099,95351,37.676985806001035,-121.10361483212567,9957.78,238592.56,17761
597b61cc-44c5-43ca-ceea-bbed6fc4a6fb,1964-05-03,2016-12-08,999-14-7771,S99973214,X17778083X,Mr.,Dustin31,Alonzo487,Lubowitz58,,,M,asian,nonhispanic,M,San Diego  California  US,511 Blick Frontage road Suite 92,Altadena,California,Los Angeles County,6037,91001,34.186512934551494,-118.1024051540849,135948.48,206879.66,98594
2b134772-42c5-9648-7556-7908debab907,1997-03-07,,999-54-8918,S99959475,X21769087X,Mrs.,Maryrose226,Jackie93,Hermiston71,,Carter549,M,white,nonhispanic,F,Los Angeles  California  US,264 Schuppe View,Los Angeles,California,Los Angeles County,6037,91604,34.22248050908845,-118.55561738444644,91305.92,262368.35,110080
9d6a42af-3238-ecf9-e041-5de78ed5d771,1994-10-13,,999-90-1977,S99927706,X16336596X,Mr.,Mario764,Guillermo498,Rael318,,,M,asian,hispanic,M,San Salvador  El Salvador  SV,1051 Kirlin Path,Union City,California,Alameda County,6001,94544,37.769749674763226,-122.03319350133059,80008.24,78309.07,59658
dd206a8d-7c06-fac8-295a-386ca85b4c10,1965-12-19,,999-31-9184,S99929079,X1501728X,Mrs.,Angelia425,Mammie808,Gleason633,,O'Keefe54,D,black,hispanic,F,Antelope  California  US,825 Crooks Brook Suite 4,San Diego,California,San Diego County,6073,92139,32.668567603419255,-116.93829041425948,18542.15,1113734.78,15346
b12e6ef9-eb8b-4c57-e472-2db5bfbbe9b9,1972-01-10,,999-36-4206,S99984408,X25443623X,Mrs.,Jacquline932,,Keeling57,,Corkery305,M,white,nonhispanic,F,Los Angeles  California  US,226 Hickle Underpass Apt 32,Petaluma,California,Sonoma County,6097,94951,38.209674602526654,-122.68614244238326,480497.42,1456523.25,155502
def3019c-9e63-bfdd-f9b9-2a68f9d37cb1,1996-05-05,,999-94-1963,S99989666,X65681216X,Mr.,Raúl937,Octavio643,Arredondo74,,,M,asian,hispanic,M,Caracas  Capital District  VE,804 Haag Junction,Los Angeles,California,Los Angeles County,6037,90025,33.85124969247728,-118.33662025229653,5450.00,150964.24,13499
e6e11ef5-996b-e99f-ccfa-9f0e856b64a1,1984-06-21,,999-27-7647,S99989959,X69473905X,Mr.,Ernesto186,,Sanabria449,,,M,white,hispanic,M,Gaudalajara  Jalisco  MX,269 Lowe Viaduct,Indio,California,Riverside County,6065,92201,33.69562665435196,-116.16157982828129,103669.94,31024.16,244066
cf505cff-77a5-8f05-051b-2c97c4d36554,1966-04-29,,999-51-6343,S99977390,X77319496X,Mr.,Kristopher775,Angelo118,Glover433,,,D,white,hispanic,M,Los Angeles  California  US,129 Kovacek Rue,Pasadena,California,Los Angeles County,6037,91108,34.10442315779702,-118.14078130596911,162029.31,1065214.81,32208
efa77140-9307-6e94-4db7-c20f2c9b41ba,1991-11-21,,999-28-9946,S99928840,X23917868X,Mrs.,Cody889,Wilhelmina724,Aufderhar910,,Braun514,M,white,nonhispanic,F,San Francisco  California  US,304 Wehner Underpass,Poway,California,San Diego County,6073,92064,33.05753550675331,-116.84959933472378,171336.40,965645.32,76488
df47896a-8e9d-4bfd-80f0-e66ddf0fc42a,2017-07-30,,999-12-7749,,,,Edgar153,Domenic627,Gaylord332,,,,asian,nonhispanic,M,Riverside  California  US,653 Bashirian Gateway,Huntington Beach,California,Orange County,6059,92646,33.736409993621415,-118.05783696286764,2334.20,32032.96,36377
b53b98c7-62ec-702d-50c2-33595ad4de13,2002-08-30,,999-90-8754,S99934381,X2004183X,Ms.,Chelsie189,Carlita746,Kuhic920,,,,white,nonhispanic,F,Winton  California  US,178 Bayer Arcade Suite 50,Oakland,California,Alameda County,6001,94602,37.84915528719774,-122.26182904926661,80525.84,233038.33,114444
608b3a14-9a28-e814-1072-a3338ac6a1a3,1986-10-20,,999-65-8463,S99986027,X51986383X,Mrs.,Ángela136,Antonia30,Cisneros174,,Atencio773,M,white,hispanic,F,Mexico City  Mexico City  MX,429 Mosciski Lane Unit 81,Los Angeles,California,Los Angeles County,6037,91344,33.99385444656365,-118.4069276092849,470576.38,991181.41,78779
a11afdeb-01f3-fb56-56a4-fa49b4f8d37f,1989-01-23,,999-69-8667,S99950502,X58919350X,Mrs.,Marcela739,Amalia471,Tejada731,,Montez99,M,white,hispanic,F,Carolina  Puerto Rico  PR,737 Hettinger Underpass Apt 1,Los Angeles,California,Los Angeles County,6037,90046,34.04685659036868,-118.28711031042509,524165.20,803651.27,50755
4139158f-3faa-6e79-c736-c8fc60d01b53,1997-05-05,,999-15-3571,S99914900,X13810812X,Mr.,Mark765,Jerry654,Reichert620,,,M,black,nonhispanic,M,Brawley  California  US,108 Durgan Parade,San Marcos,California,San Diego County,6073,92029,33.16155083522709,-117.13850940029243,141977.77,906290.48,64337
ede22178-27ab-4d30-9fc2-de204f4c502e,2019-06-08,,999-42-4797,,,,Kendrick479,,Crooks415,,,,white,nonhispanic,M,San Jose  California  US,1033 Sipes Club Suite 66,Bakersfield,California,Kern County,6029,93312,35.346606364420175,-119.25432662725805,1184.05,28649.57,5562
d5641082-9130-6664-b003-c9a68a52f516,2012-11-03,,999-42-8574,,,,Rosa195,Elena945,Solorio55,,,,white,hispanic,F,Guatemala City  Guatemala  GT,453 Harris Brook,Los Angeles,California,Los Angeles County,6037,90094,34.31077588388391,-118.1937210909987,2199.78,38663.10,36705
c7168db6-dfb7-0839-eaff-3b2d3c9c007f,2020-02-05,,999-28-2238,,,,Eric487,Forest317,Schulist381,,,,white,nonhispanic,M,Dixon  California  US,161 Davis Street,Sacramento,California,Sacramento County,6067,95834,38.555668610363114,-121.46622883906262,900.00,20882.28,12253
6cc0383f-42bb-45e5-df80-884584e03147,2010-11-25,,999-24-6248,,,,Fran41,Onie555,Marvin195,,,,white,nonhispanic,F,Bakersfield  California  US,1000 Runolfsdottir Port Unit 41,Los Angeles,California,Los Angeles County,6037,91331,34.137667297179405,-118.40966813450964,40850.36,10760.03,60423
5e8bf090-6189-162d-ab81-679c5ed68d99,1948-03-15,2008-10-26,999-31-9488,S99961822,X59574656X,Mr.,Víctor493,Mateo562,González124,,,M,white,hispanic,M,Lima  Lima Province  PE,963 Wiegand Station,Temecula,California,Riverside County,6065,92592,33.46997135251317,-117.02180665928515,319418.79,1137.49,79216
9654eb71-2b6f-1730-cc57-8c46a902e097,1946-04-13,1971-01-01,999-15-7764,S99952178,X66631380X,Mr.,Alton320,Chung121,Gorczany269,,,,white,nonhispanic,M,West Whittier-Los Nietos  California  US,804 Heaney Arcade,Fresno,California,Fresno County,6019,93703,36.80510183921484,-119.8068627725019,80592.44,0.00,53138
b997d1b4-5878-a341-bf06-5d4c87838617,1961-11-29,,999-17-7982,S99969717,X41802722X,Mrs.,Manuela585,Margarita164,Cantú190,,Collazo246,M,white,hispanic,F,Santiago  Santiago Province  CL,979 Kertzmann Spur Suite 43,Long Beach,California,Los Angeles County,6059,90740,33.81603496505456,-118.14433846662611,113982.00,504150.74,26152
b95d0997-dc65-8a28-0c46-cae7a09c7540,1994-01-14,,999-72-9645,S99946594,X37314116X,Mr.,Merle11,Gonzalo160,Schmidt332,,,M,white,nonhispanic,M,Los Angeles  California  US,457 Murazik Quay,San Diego,California,San Diego County,6073,92064,32.81459619958518,-117.19868033046502,66581.26,23596.09,71058
bcfabdef-6a3d-cee0-02f1-c418ab31cdb6,1964-05-03,,999-79-4509,S99979831,X43460587X,Mr.,Herschel574,,Howe413,,,S,asian,nonhispanic,M,Camarillo  California  US,1099 Ryan Ramp Suite 85,Altadena,California,Los Angeles County,6037,91001,34.24423761494967,-118.16214462819464,177938.34,56433.68,98594
b4562d3c-8b39-ac25-a452-67f6cd4e43d0,1971-03-24,,999-29-4721,S99938432,X15543101X,Mr.,Armand155,Milan77,Cormier289,,,M,white,hispanic,M,Rancho Murieta  California  US,774 Rippin Flat,San Diego,California,San Diego County,6073,92113,32.96966301553229,-117.29498041611102,45856.15,1936241.93,20650
0298246e-e19e-02f6-b010-af50657bf286,1992-05-09,,999-15-5648,S99999732,X62125464X,Ms.,Tien590,,Kling921,,,S,white,nonhispanic,F,Orange  California  US,746 Mosciski Heights Apt 97,Hesperia,California,San Bernardino County,6071,92308,34.39094601423022,-117.27894698020748,170243.58,331710.09,288368
082d5a1d-7a97-b936-48a3-44110f7806e2,2012-04-09,,999-63-6812,,,,Dusty207,Carroll471,Eichmann909,,,,white,nonhispanic,F,Victorville  California  US,848 Bauch Passage,Los Angeles,California,Los Angeles County,6037,90011,34.26393985992975,-118.21624855208744,3341.99,255508.79,42942
ccc0115b-2511-3324-eda3-bea81466a2bb,2006-04-23,,999-32-8359,S99949886,,Ms.,Joella167,Solange45,Runte676,,,,white,hispanic,F,Long Beach  California  US,314 Bayer Neck Apt 37,Madera,California,Madera County,6039,93638,37.092726075903904,-120.07238639444256,97382.91,43732.01,78441
fd1a89d9-0fae-24ce-3a2d-accd899c1176,1962-10-05,,999-24-1456,S99941521,X81394093X,Mr.,Jack927,Clifton91,Kovacek682,,,S,white,hispanic,M,San Diego  California  US,608 Swift Camp Apt 33,Irvine,California,Orange County,6059,92604,33.76461842166702,-117.62810955754652,142458.78,285633.45,591384
3e8f578a-4dd2-3318-92f2-10feb3aa0ff0,1984-09-04,,999-80-2249,S99951390,X39003682X,Mr.,José Emilio366,Claudio955,Reyna401,,,M,white,hispanic,M,Guatemala City  Guatemala  GT,901 Smith Byway Apt 57,Fontana,California,San Bernardino County,6071,92377,34.121548974593786,-117.50395837855513,147465.41,73155.63,65108
e95cbddf-dbf2-c8e8-1762-128a5e864f8d,1974-03-29,,999-86-6793,S99927062,X86177869X,Mrs.,Quiana329,Shirly501,Rice937,,Hoeger474,M,white,nonhispanic,F,Los Angeles  California  US,891 Prohaska Center Unit 0,Inglewood,California,Los Angeles County,6037,90250,33.96716571644541,-118.43657749999392,29502.36,2979494.73,18488
8efaadcd-192b-e197-52b8-2be2be2fec26,1956-01-30,,999-60-5460,S99944233,X87346460X,Ms.,Tai836,Takako793,Haag279,,,S,white,hispanic,F,San Clemente  California  US,880 McLaughlin Parade Unit 33,Cupertino,California,Santa Clara County,6085,95070,37.369349739426376,-122.00078723312724,423168.96,1209412.59,721687
547788a1-f4bb-e33d-5e09-f371b795025b,2023-01-14,,999-62-6971,,,,Jeniffer557,,Jast432,,,,white,hispanic,F,Encinitas  California  US,368 Feil Route,Cathedral City,California,Riverside County,6065,92241,33.76145567120418,-116.45772193446267,600.00,14227.67,7869
9a2fe216-9882-a1c3-644a-ca0ff78f5d4b,2005-12-14,,999-62-4418,S99929900,X18485184X,Ms.,Sylvia544,,Koelpin146,,,,white,nonhispanic,F,Franklin  California  US,614 Little Arcade,Vallejo,California,Solano County,6095,94591,38.11665779957331,-122.28630446533818,93387.76,11843.31,159076
50518f29-556a-d1f7-6121-a4333b112570,1948-03-15,2000-05-15,999-97-6034,S99986146,X72266887X,Mr.,Diego848,Miguel Ángel46,Córdova800,,,M,white,hispanic,M,Port-au-Prince  Haiti  HT,748 Turner Fork,Temecula,California,Riverside County,6065,92562,33.5016544147365,-117.04167823272596,243239.40,0.00,79216
9769683c-08e7-53e3-59f8-5550a899ccb3,1951-03-13,,999-49-3284,S99967433,X37266645X,Mrs.,Shanita956,Tisha655,Runolfsson901,,Rippin620,M,white,nonhispanic,F,Escondido  California  US,1075 Runte Vale,Union City,California,Alameda County,6001,94552,37.584109218174284,-122.02034390697142,928259.76,439730.83,57156
cccb3ef6-d5c4-1704-6865-36b91d25b7d6,2020-05-27,,999-31-8705,,,,Rico947,,Thompson596,,,,white,nonhispanic,M,Oceanside  California  US,697 Hauck Loaf Apt 81,Fontana,California,San Bernardino County,6071,92377,34.14225200367545,-117.39504412680064,687.27,11274.29,4783
8641add6-0c16-bcb4-667b-5f4dada5ad16,2012-12-16,,999-83-9610,,,,Sade71,Elvie131,Gerlach374,,,,asian,nonhispanic,F,Valinda  California  US,573 Davis Ranch,Irvine,California,Orange County,6059,92617,33.71563625336582,-117.80360231421918,69242.72,42901.51,80896
883cc2ee-9e7d-6401-6853-c1c242794754,2018-07-02,,999-73-2802,,,,Hai304,Blake449,Dach178,,,,black,nonhispanic,M,Long Beach  California  US,667 Hills Tunnel,Lancaster,California,Los Angeles County,6037,93534,34.7089499396373,-118.32430043746872,24453.73,1190.01,73709
e171b865-d593-5c88-c119-287fdde87f47,1966-12-08,,999-92-5203,S99919296,X62431061X,Mr.,Marquis364,Doug189,Beahan375,,,M,white,nonhispanic,M,San Diego  California  US,604 Ferry Station,San Francisco,California,San Francisco County,6075,94124,37.813190188724825,-122.4098965752874,168111.03,891187.38,30556
6eee43d7-dc42-bdf9-ad23-b20b6e8c200a,1957-07-01,2025-05-13,999-56-4902,S99963753,X48884574X,Mr.,Felipe97,Morton637,Lynch190,,,S,white,nonhispanic,M,Cobb  California  US,933 Reinger Extension Unit 53,Weaverville,California,Trinity County,6105,96093,40.74804778045206,-122.92137706606687,110975.68,174667.55,38605
3fdd194a-d737-8ede-c230-536e53ecc11b,2019-01-31,,999-69-4818,,,,Janay119,Lisbeth69,Wunsch504,,,,white,hispanic,F,Los Alamitos  California  US,827 Tromp View,Foothill Farms,California,Sacramento County,,00000,38.71043227866531,-121.38925547715981,1575.48,36582.46,23837
6628605d-e700-c2fb-acaf-1a7639d34e9f,1978-06-20,,999-10-8564,S99966042,X17563725X,Mr.,Tyrell880,Oscar384,Berge125,,,D,white,nonhispanic,M,Soledad  California  US,602 Kohler Ville,El Paso de Robles (Paso Robles),California,San Luis Obispo County,6079,93446,35.656757202385556,-120.75836636679851,155712.11,25734.00,129205
1468058a-2ba9-77c5-ec01-1c72e61a9f4c,1988-10-01,,999-80-7428,S99980123,X37426628X,Ms.,Joel444,Buffy238,Hudson301,,,S,black,nonhispanic,F,Elk Grove  California  US,407 Schmidt Grove Suite 14,Los Angeles,California,Los Angeles County,6037,90013,34.143346647898234,-118.41783748647643,126100.65,246747.09,41476
5ffd3b8a-6164-f083-a7d8-abece8c2d9a0,2003-02-19,,999-47-4252,S99956839,X25238165X,Ms.,Margarete324,,Krajcik437,,,,asian,nonhispanic,F,Salinas  California  US,592 Marks Glen,Vallejo,California,Solano County,6095,94534,38.093648962471136,-122.30628774277207,109785.19,143111.38,189144
c6d58f31-f271-fe4a-55de-72d14875881c,1974-04-23,,999-32-3515,S99932765,X5249552X,Mrs.,Margarita164,Susana117,Zaragoza109,,Irizarry542,M,white,hispanic,F,Roseau  Saint George  DM,256 Koepp Wall Unit 26,Modesto,California,Stanislaus County,6099,95355,37.64513511921599,-120.86874037934237,718533.83,539076.09,98490
be40f9c7-6280-5255-ccf6-48ad2581995e,1990-05-19,,999-96-9167,S99978138,X61929154X,Mr.,Claude750,Jordan900,Walsh511,,,M,white,hispanic,M,Santa Ana  California  US,965 Reilly Manor Suite 47,Fresno,California,Fresno County,6019,93727,36.799049024220714,-119.83114893464102,8368.51,209570.77,16329
3a706103-fcf7-22c5-a6e5-53042a2a65bb,1946-04-03,,999-82-3642,S99913026,X29420394X,Mr.,Hobert364,,Heaney114,,,D,white,nonhispanic,M,Arden-Arcade  California  US,465 O'Conner Harbor Suite 33,Foster City,California,San Mateo County,6081,94404,37.59517631453734,-122.24201081485418,193123.15,174951.28,182949
12be183d-b47d-3d54-975b-c6e5adcade64,1955-11-12,2016-05-16,999-17-3430,S99976507,X9207728X,Mrs.,Iluminada398,Lorena247,Torp761,,Mills423,M,white,hispanic,F,Santa Ana  California  US,560 Gulgowski Parade Unit 70,Los Molinos,California,Tehama County,6103,96055,40.1108308358515,-122.09340113896158,17955.07,1529657.62,21487
ec6358f8-0908-2789-03c5-49bccc340415,2011-06-16,,999-42-2197,,,,Perry780,Johnny786,Crooks415,,,,white,hispanic,M,Live Oak  California  US,524 Upton Trailer,Sanger,California,Fresno County,6019,93657,36.73770040397215,-119.52283947944285,45841.66,302436.99,65583
aa1395a3-6b6e-8274-97d5-339f97d996a4,2025-04-05,,999-86-8159,,,,Janiece99,Ghislaine112,Wilkinson796,,,,hawaiian,nonhispanic,F,Fremont  California  US,785 Legros Ville,San Jose,California,Santa Clara County,6085,95070,37.279258859449264,-121.99529591170683,100.00,4299.21,36004
158bd3a4-e436-2949-bc5d-b9add19ac5f1,2017-08-08,,999-13-6858,,,,Maryjane289,Krista314,Donnelly343,,,,white,nonhispanic,F,Menlo Park  California  US,303 Leuschke Flat,Rancho Santa Fe,California,San Diego County,6073,92091,33.056892997443306,-117.20718853528685,1800.00,28761.46,39192
4f9689cc-0839-b732-8c62-1bfcb8598f9c,1992-10-01,,999-28-9795,S99978418,X36300516X,Mr.,David908,Ignacio928,Meza847,,,S,black,hispanic,M,Caguas  Puerto Rico  PR,203 Oberbrunner Landing,Rancho Cucamonga,California,San Bernardino County,6071,91701,34.12227325693401,-117.53862996160281,111027.48,20427.02,55642
04aea23b-fb22-c778-71ff-4a10f38c15d0,1948-03-15,,999-44-5423,S99950357,X35773257X,Mr.,Julio255,Teodoro374,Páez758,,,D,white,hispanic,M,Puebla  Puebla  MX,869 Thiel Promenade,Temecula,California,Riverside County,6065,92596,33.490194407555684,-117.11243710527368,231726.71,222265.62,79216
3fa66bb0-7747-c286-2f23-df3b0c278d0b,1946-04-13,2021-10-11,999-58-1008,S99910832,X35732229X,Mr.,Osvaldo336,,Trantow673,,,M,white,nonhispanic,M,Calexico  California  US,153 Toy Gateway Suite 43,Fresno,California,Fresno County,6019,93612,36.76065597419648,-119.79593030103194,490977.11,1160430.32,53138
2908d33c-42ea-a1ff-a0cf-6d52719b192d,1941-02-07,,999-17-9619,S99950358,X63243553X,Mrs.,Arlinda565,Cherise743,Mohr916,,Hegmann834,M,white,nonhispanic,F,Santa Maria  California  US,344 Raynor Branch,Folsom,California,Sacramento County,6067,95630,38.632492549104235,-121.10219119877394,789896.87,277781.32,59606
127e7894-dad7-3a04-6423-73c3524d2b65,1972-01-02,,999-86-8205,S99937639,X60851498X,Mrs.,Love546,,Hintz995,,Beer512,M,white,hispanic,F,Oxnard  California  US,985 Davis Avenue,Anaheim,California,Orange County,6059,92805,33.81303931904322,-117.96533457596514,312628.59,490876.59,828256
e4b544b3-4871-4b3a-4e71-a2e5e68f6def,1972-11-25,,999-27-7319,S99916108,X7146246X,Mr.,Rashad361,Lesley194,Stokes453,,,M,white,nonhispanic,M,Antioch  California  US,378 Cole Wynd Apt 77,Cathedral City,California,Riverside County,6065,92270,33.757915652949166,-116.47112632926121,8642.99,183848.70,13089
90b5a22c-b3c3-ec4f-80d1-2dd632ad4f8f,1993-11-22,,999-19-9086,S99938270,X84537893X,Mr.,Chauncey770,Tyrone215,Homenick806,,,M,white,hispanic,M,Fremont  California  US,932 Champlin Trace,Los Angeles,California,Los Angeles County,6037,90066,33.69880508246547,-118.32172774631255,5521.10,88732.77,12653
fcc1abec-3ce7-94da-9550-12007e5a3b50,1957-07-01,,999-94-6495,S99912007,X68544920X,Mr.,Byron202,Moshe758,Bradtke547,,,M,white,nonhispanic,M,Watsonville  California  US,323 Ledner Underpass,Weaverville,California,Trinity County,6105,96093,40.8108741311678,-122.91585473283497,153717.08,808184.27,38605
7534049b-1d5d-f9d5-fdd1-6189900218cf,1982-02-18,,999-78-2115,S99926284,X69451746X,Mr.,Emory494,Vaughn909,Baumbach677,,,M,white,hispanic,M,Fairfield  California  US,589 Morissette Orchard Unit 1,Lompoc,California,Santa Barbara County,6083,93436,34.673120123326036,-120.50243642229864,118097.05,7083.44,116802
09133a93-aa0c-e705-f0b1-7f28df40f8a7,1999-04-28,,999-93-5174,S99918094,X35843555X,Ms.,Ami949,Katharyn928,Wuckert783,,,,black,hispanic,F,San Diego  California  US,261 Brakus View,San Lorenzo,California,Alameda County,6001,94580,37.63200303637134,-122.18294977631466,168339.39,668331.80,54178
fe7ce8b9-ba83-f031-e481-ef3f53ba0970,2006-08-23,,999-23-6863,S99960325,,Mr.,Ruben688,Edward499,Koelpin146,,,,white,nonhispanic,M,Santa Rosa  California  US,234 Witting Fork Apt 8,Stockton,California,San Joaquin County,6077,95205,38.053656696935576,-121.26416556040182,74583.23,928432.02,96908
3fb81a2e-2b5e-d126-4062-6aca4ea2de54,1956-08-17,,999-79-5848,S99960543,X28047498X,Mr.,Lucas404,Francisco472,Gallardo890,,,M,white,hispanic,M,Tegucigalpa  Francisco Morazán  HN,134 Metz Byway Unit 2,Long Beach,California,Los Angeles County,6037,90803,33.688405363960825,-118.29087873983265,253879.61,144921.55,55200
3f0c7413-275c-bbf2-7572-a8327f07e37d,1993-09-26,,999-30-5287,S99961827,X781736X,Mrs.,Chrissy459,Vella930,Bogisich202,,Turcotte120,M,black,hispanic,F,Los Angeles  California  US,152 Rutherford Union,Armona,California,Kings County,6031,93202,36.315570023111704,-119.71684733976187,742656.61,62092.24,63786
bfe8a56a-e72c-9f62-23e2-2b43d6bfbd5e,2013-08-18,,999-93-5834,,,,Mickey576,Leonardo412,Kertzmann286,,,,black,hispanic,M,San Jose  California  US,857 Stoltenberg Port,San Diego,California,San Diego County,6073,92126,32.94387781514284,-117.00109297211961,54808.24,13922.73,131672
e47c3628-b600-2f28-9966-7bd43ba021d5,2002-03-16,,999-74-7151,S99912742,X80287123X,Mr.,Julio César525,Rubén780,Solís294,,,,white,hispanic,M,Roseau  Saint George  DM,429 Hackett Union Suite 56,San Diego,California,San Diego County,6073,92071,32.64662356473218,-117.18027439790487,124257.28,933455.14,115830
5e409e16-a0c1-cb4c-172e-a19121ec7c6b,2021-07-02,,999-58-3936,,,,Ernesto186,Jorge Luis88,Serrato62,,,,white,hispanic,M,La Paz  Baja California  MX,479 Wisoky Tunnel Apt 62,Beverly Hills,California,Los Angeles County,6037,90211,34.05614240496129,-118.34123929528693,27057.19,12037.81,136213
9d8404aa-dbd3-35d0-4b99-6bbe8707107b,1971-10-06,,999-29-8513,S99983468,X75260911X,Mrs.,Leon728,Adell482,Fisher429,,Grady603,M,asian,nonhispanic,F,Sun Village  California  US,459 Bernier Ville Apt 89,Roseville,California,Placer County,6061,95678,38.741783426370596,-121.22220518762632,15620.21,1306391.24,10657
c1b4c28a-165d-ab77-53c2-3a221ae39027,2005-07-20,,999-28-6255,S99938935,X38850715X,Ms.,Machelle279,Melita22,Stark857,,,,black,nonhispanic,F,Moreno Valley  California  US,370 Hansen Parade Unit 6,Brentwood,California,Contra Costa County,6013,94513,37.92461298586678,-121.6413544190958,11431.98,93917.39,42013
6badaf41-fd5e-1c79-6be9-a72a0be6deb4,1992-09-03,,999-87-7997,S99968026,X20641137X,Mrs.,Theola421,Zenia843,Howell947,,Hagenes547,M,asian,nonhispanic,F,Poway  California  US,743 D'Amore Spur,San Jose,California,Santa Clara County,6085,95121,37.478655853519896,-121.8575386384545,199601.70,880667.78,114963
ec73d5cb-d3c8-242c-efb6-a61ccf12a1f8,2011-10-06,,999-28-9391,,,,Chas63,Valentine262,Collins926,,,,black,nonhispanic,M,San Diego  California  US,229 Kessler Ramp,Los Angeles,California,Los Angeles County,6037,90210,34.10885306872052,-118.5015573271622,2500.00,59613.21,36690
fc1e4bf6-93d5-08da-0ca3-bc57f488a3f6,1955-11-12,,999-23-8143,S99969610,X37673148X,Ms.,Numbers230,Novella551,Kuphal363,,,S,white,hispanic,F,Glendale  California  US,424 Fay Neck,Los Molinos,California,Tehama County,6103,96055,40.11309226753142,-122.03002196490044,22933.31,2525371.88,21487
c65a40ef-6252-606c-a734-d390b3b1ff73,1960-11-07,2019-05-31,999-91-5014,S99958419,X52850162X,Ms.,Bobette685,Minnie888,Shields502,,,S,white,nonhispanic,F,East Los Angeles  California  US,520 Lebsack Esplanade Unit 44,Folsom,California,Sacramento County,6067,95662,38.72392113952477,-121.2239529245806,213561.31,161519.60,97260
cfffa162-5f66-682d-3a32-bff9674d06fc,2010-01-10,,999-35-6760,S99946576,,,Ana972,Dorotea472,Peres371,,,,white,hispanic,F,San Jose  San Jose  CR,326 Mosciski Estate,View Park-Windsor Hills,California,Los Angeles County,,00000,34.03457808370358,-118.36628069054467,53075.47,49335.05,53851
0e605ca0-8123-ed7a-306a-40cc2f0a8e8e,2008-10-29,,999-49-3045,S99939909,,,Columbus656,Scot349,Hammes673,,,,white,nonhispanic,M,Greenfield  California  US,262 Quigley Esplanade Suite 65,Linda,California,Yuba County,6115,95901,39.18917094277581,-121.54273283653173,62696.88,6070.26,119670
21092ade-185a-f922-3686-3568b428ad76,1976-06-14,,999-13-9145,S99991250,X5792090X,Mr.,Joesph309,Vincent299,Moen819,,,S,white,nonhispanic,M,Napa  California  US,869 Connelly Camp,Redding,California,Shasta County,6089,96007,40.712308192146956,-122.24774447805991,110758.22,118975.70,28524
29189366-0172-ac94-c417-d474bc60d291,1971-08-22,,999-18-8325,S99963655,X73459500X,Mr.,Lucas404,,White193,,,M,white,nonhispanic,M,San Francisco  California  US,1012 Wolff Branch,Manteca,California,San Joaquin County,6077,95330,37.716747803099594,-121.26166760943276,18794.74,237027.75,4749
231988ee-c786-be7d-9d0f-00dd1abc924a,1984-07-03,,999-84-1807,S99918083,X72249266X,Mrs.,Christal240,Ariane992,Satterfield305,,Nicolas769,M,asian,nonhispanic,F,Ho Chi Minh City  Gia Định  VN,586 Franecki Park Unit 95,San Diego,California,San Diego County,6073,92173,32.587116409527404,-117.03177158504698,19369.65,1231048.00,43773
97d5def1-d7f7-4d3b-3a69-c175a2dc0e34,1970-03-22,,999-10-1409,S99929799,X81181355X,Mrs.,Christian753,,Satterfield305,,King743,M,white,nonhispanic,F,Sunnyvale  California  US,497 Keebler Burg Unit 34,Los Angeles,California,Los Angeles County,6037,91356,34.19003401580663,-118.38430824987898,219775.26,484570.17,553106
cb9afb1e-684c-c6da-2725-b5f23232c925,2003-07-10,,999-91-3888,S99942780,X75220221X,Ms.,Yolando662,Corey514,Aufderhar910,,,,white,nonhispanic,F,Piedmont  California  US,217 Luettgen Rapid Apt 50,Fontana,California,San Bernardino County,6071,92316,34.158836552826656,-117.55195874790108,242644.43,0.00,97871
79128aa9-a3e0-2de6-a79f-b8874874cd1e,1985-08-08,,999-38-7689,S99984089,X46285531X,Mr.,Jamal145,Whitney250,Dietrich576,,,M,white,nonhispanic,M,Chino  California  US,455 Fritsch Viaduct Apt 2,Perris,California,Riverside County,6065,92585,33.78845383973772,-117.35936496271773,345169.33,99176.24,90475
88609526-d02a-fa24-b048-ea11cb887cc1,2021-12-04,,999-79-5189,,,,Carlton317,Delbert384,Bergnaum523,,,,white,nonhispanic,M,San Francisco  California  US,954 Dare Trafficway,Los Angeles,California,Los Angeles County,6037,90057,34.17481327917372,-118.37715924833967,14158.99,0.00,57340
cdbfd712-7d7a-0e6f-b65a-2ced943ba6b6,1964-04-22,,999-37-1324,S99965867,X63974710X,Ms.,Dona966,Donella937,Adams676,,,S,white,nonhispanic,F,Santa Clarita  California  US,491 Gerlach Grove Suite 9,Clearlake Riviera,California,Lake County,,00000,38.95050062587068,-122.70141956775134,384162.33,377768.34,93537
2266db39-da80-875b-5150-78edbec5856d,2012-04-07,,999-70-7034,,,,Brittani427,,Bernhard322,,,,white,nonhispanic,F,Merced  California  US,556 Kuhic Esplanade Apt 72,Lompoc,California,Santa Barbara County,6083,93436,34.569443975836954,-120.31905168603969,3536.46,308484.87,37579
0f99c4c5-18bb-20c2-11fe-0a89df2a9066,2004-12-25,,999-44-4450,S99929636,X60267292X,Mr.,Ernie189,,Satterfield305,,,,white,nonhispanic,M,Los Angeles  California  US,475 Rowe Byway Unit 7,San Francisco,California,San Francisco County,6075,94129,37.82538513911361,-122.38749241951955,64872.00,2222.24,521106
e59744b4-418f-a1f3-62f5-55dcf3f9f0a3,1998-01-22,,999-76-3293,S99943805,X46609384X,Ms.,Willia886,Thora330,Kerluke267,,,S,white,nonhispanic,F,San Francisco  California  US,808 Skiles Wynd,Palm Desert,California,Riverside County,6065,92211,33.75866834686068,-116.3613500748144,7420.07,452563.73,15975
8dedac27-12e2-b310-354f-a8ab2046496e,1990-10-22,,999-18-1388,S99967944,X61108855X,Mrs.,Merlyn225,Petrina721,Nicolas769,,Quitzon246,M,white,nonhispanic,F,Los Angeles  California  US,885 Aufderhar Manor Unit 31,Long Beach,California,Los Angeles County,6037,90803,33.73750092599881,-118.19847179233213,120771.16,1560191.67,29618
75515c2e-512b-39c1-4029-e0ee236f0280,1963-09-05,,999-23-3009,S99984372,X14975180X,Mrs.,Estelle478,Cathey606,Berge125,,Anderson154,W,hawaiian,nonhispanic,F,Los Angeles  California  US,712 Towne Crossing Unit 31,Santa Rosa,California,Sonoma County,6097,95409,38.55202400881157,-122.61727144210269,1073467.60,386080.49,58925
b3e85507-2ed2-55bd-798d-c655a55f4d7c,1962-07-01,,999-16-6879,S99984276,X6155512X,Mrs.,Zulema784,Celinda332,Stehr398,,Williamson769,M,white,nonhispanic,F,Sacramento  California  US,563 Gerlach Rapid Suite 10,Moorpark,California,Ventura County,6111,93021,34.26867176280121,-118.86144504626576,343738.17,1004524.53,40097
71d7390a-585d-679e-6352-440b948e209a,2004-10-20,,999-16-3552,S99911846,X24648565X,Ms.,Maureen515,,Cole117,,,,hawaiian,nonhispanic,F,San Diego  California  US,338 Lakin Way Suite 53,San Diego,California,San Diego County,6073,92071,32.77616219979548,-117.15968578392192,5333.36,131471.83,974
fd2ac65c-990b-0862-cb7a-7adb554619fb,2019-04-27,,999-46-7606,,,,Sonia106,Cristina921,Arredondo74,,,,white,hispanic,F,Ponce  Puerto Rico  PR,241 Barton Pathway,Santa Ana,California,Orange County,6059,92703,33.734028474035135,-117.84216750314802,7178.68,49673.89,52260
9968873d-fb2b-43ee-e19a-b566ebf5d83b,2018-05-28,,999-10-4358,,,,Florencia449,Ana María762,Armendáriz135,,,,white,hispanic,F,Lima  Lima Province  PE,142 Volkman Rapid,Stanton,California,Orange County,6059,90680,33.78740881236023,-118.0243017391009,25235.29,929.62,46602
3e575309-4cde-9ff2-05bb-0d0c9a89eb25,2005-07-05,,999-41-9098,S99932932,X27920293X,Ms.,Shayla126,Desirae249,Wuckert783,,,,white,nonhispanic,F,Salinas  California  US,525 Keebler Way Suite 31,Torrance,California,Los Angeles County,6037,90504,33.80881731362678,-118.39572752405857,11460.50,73822.00,38114
d2955879-4711-44e4-4fbd-5356994c9d76,2006-02-28,,999-47-9307,S99926909,X64065295X,Mr.,Benito209,Gerardo48,Magaña874,,,,white,hispanic,M,Bogota  Bogota  CO,555 Renner Drive Apt 56,Chula Vista,California,San Diego County,6073,91910,32.63491733951045,-117.015773947131,20416.77,1062164.93,61070
bca1991f-ae60-1953-2fb6-67bbacc709d2,1960-11-07,,999-69-5930,S99945591,X63679959X,Mrs.,Cecelia952,Albertina684,Hyatt152,,Kling921,M,white,nonhispanic,F,Napa  California  US,768 O'Kon Quay,Folsom,California,Sacramento County,6067,95662,38.56944175859085,-121.30675098456861,948952.34,289276.52,97260
b038447b-1af9-39eb-4a44-2d66e9bb0cff,1987-01-04,,999-15-5613,S99971457,X83138137X,Mr.,Terence292,Giuseppe872,Labadie908,,,M,other,nonhispanic,M,San Francisco  California  US,174 Ondricka Skyway Unit 33,Lemon Grove,California,San Diego County,6073,92115,32.726657003032734,-117.05865573316063,339248.61,207761.17,95428
f87ed425-5001-c7aa-e01b-49d60ab27c3f,2014-12-17,,999-41-6546,,,,Alvin56,,Bogisich202,,,,white,hispanic,M,Los Angeles  California  US,510 Witting Annex,Rancho Cucamonga,California,San Bernardino County,6071,91730,34.15615531355836,-117.60548074460704,15622.02,12506.02,171589
f9029853-4ba4-1361-c245-8852738d9e93,2005-08-15,,999-69-7730,S99994724,X1344543X,Mr.,Rosendo998,,Streich926,,,,white,nonhispanic,M,Mendota  California  US,156 Treutel Pathway Unit 68,Santa Cruz,California,Santa Cruz County,6087,95064,36.96310682185472,-121.94728588784152,43015.27,66446.13,531455
9dd343df-752d-0199-c300-791aa71013d6,1970-12-07,,999-63-5951,S99959472,X57394893X,Mrs.,Estela596,María del Carmen27,Orellana194,,Posada6,M,white,hispanic,F,Roseau  Saint George  DM,575 Lakin Vale,Baldwin Park,California,Los Angeles County,6037,91746,34.14161469173788,-117.94249034586653,19204.65,2023195.75,12281
f5a47508-6673-f06f-c4b6-8c3a2d4662a7,1946-04-13,,999-40-2837,S99965169,X27611653X,Mr.,Daron260,Stewart672,Krajcik437,,,D,white,nonhispanic,M,Tracy  California  US,956 Cremin Spur Unit 64,Fresno,California,Fresno County,6019,93722,36.822091562297025,-119.75128227410993,336862.96,1080439.20,53138
5e3d90e5-8b8c-6a67-6950-477ff0f72555,2004-02-18,,999-27-3225,S99967192,X63062160X,Mr.,Ezekiel373,Chad48,McLaughlin530,,,,white,nonhispanic,M,Santa Rosa  California  US,132 Cole Terrace Unit 13,Buena Park,California,Orange County,6059,92833,33.83734964153317,-117.98819854911476,4333.51,64102.91,43384
ac29289f-03dc-6f4b-4ebc-6d72b7f19feb,1998-05-19,,999-63-4439,S99915211,X28649259X,Mr.,Rodrigo242,,Hidalgo930,,,,white,hispanic,M,Havana  Havana  CU,769 Cole Gate,El Segundo,California,Los Angeles County,6037,90245,33.91045629171437,-118.35476040287712,8502.64,1130851.05,2713
b57456e2-c0dc-12ce-386b-62908e2143ae,2002-09-16,,999-66-4370,S99972388,X61613205X,Ms.,Ana972,Verónica383,Bueno515,,,,hawaiian,hispanic,F,Marigot  Saint Andrew Parish  DM,828 Harvey Wall Apt 79,Stockton,California,San Joaquin County,6077,95207,37.91907303192076,-121.41629164423712,7940.26,495489.58,21227
34337cac-e5e4-da00-1708-56c25f9b9766,1984-10-10,,999-25-1626,S99930932,X15378977X,Mrs.,Sierra982,Hollis7,Schneider199,,Pouros728,M,white,nonhispanic,F,East Porterville  California  US,111 Bradtke Throughway Apt 76,San Diego,California,San Diego County,6073,91932,32.80396663542206,-117.08987675094914,143578.80,1888154.54,27314
cdffa85a-22f1-1fa2-3388-cfe4325f13df,2008-09-09,,999-65-1713,S99936798,,,Carolina179,,Robles531,,,,white,hispanic,F,Lima  Lima Province  PE,696 Will Parade Apt 32,Rohnert Park,California,Sonoma County,6097,94931,38.30127123363483,-122.65662713248241,4170.45,111595.90,42601
10b839d6-5870-563b-8dee-cf2b56ecfff6,2000-10-17,,999-21-1967,S99973745,X58181544X,Mr.,Bruno518,Jerome176,Ledner144,,,,white,nonhispanic,M,Irvine  California  US,270 Daniel Crossing,Carpinteria,California,Santa Barbara County,6083,93013,34.44772261367328,-119.47698318486,95530.58,12500.03,102154
0c08dde2-0390-a31e-dc6c-ec93e19a4041,1953-01-23,,999-40-1688,S99921303,X1543483X,Mr.,Hans694,Nathanael908,Collier206,,,M,white,nonhispanic,M,Rancho Santa Margarita  California  US,973 Padberg Promenade Apt 99,Nipomo,California,San Luis Obispo County,6079,93444,35.02062034861585,-120.53760977646213,195770.94,382612.19,52392
55e2d2c8-4c02-ae0a-68d4-a516a744a2da,2008-10-27,,999-21-7172,S99998733,,,Julianna856,Mandy775,Ledner144,,,,white,nonhispanic,F,Oakland  California  US,812 Beahan Fork Apt 36,Los Angeles,California,Los Angeles County,6037,91602,33.971748474423926,-118.27334222072248,48272.16,0.00,54747
77b08f6d-8d14-8c78-c2f8-ca9173593f38,2001-04-23,,999-74-9642,S99964103,X89123966X,Ms.,Elisa944,María842,Sedillo152,,,,white,hispanic,F,Gaudalajara  Jalisco  MX,454 Zemlak Route Unit 72,Irvine,California,Orange County,6059,92780,33.77323144293683,-117.83139225590706,76282.31,122876.43,120601
a64d6c6f-6834-acb5-5a2a-47e64d1be558,2004-12-02,,999-55-3007,S99917974,X10989704X,Ms.,Jong718,,Waelchi213,,,,white,nonhispanic,F,Rancho Cucamonga  California  US,746 Larson Gate Apt 7,Santa Rosa,California,Sonoma County,6097,95472,38.47402200025443,-122.6138517219205,4350.00,134427.12,2004
2f72036c-c86d-2c38-1546-909fc7a927b7,1984-06-14,,999-13-3773,S99995153,X72040717X,Ms.,Gabriela205,Carlota980,Echevarría842,,,S,white,hispanic,F,Bogota  Bogota  CO,836 Roberts Neck Apt 73,Lathrop,California,San Joaquin County,6077,95231,37.676732716459135,-121.39522276702264,309242.78,927083.20,52528
5b78c520-ce21-4ef6-15c8-460b39e1a426,1976-02-01,,999-91-8095,S99935070,X5234180X,Mrs.,Holley125,,Nicolas769,,Greenfelder433,M,black,nonhispanic,F,Lancaster  California  US,204 Paucek Overpass Unit 5,San Ramon,California,Contra Costa County,6013,94582,37.7640856234548,-122.01030690480867,17575.68,1522132.30,2220
49c12faf-a360-f485-a884-89d3c29a43ce,2006-08-14,,999-88-1443,S99918588,,Ms.,Leanora120,Altha90,Will178,,,,asian,nonhispanic,F,San Carlos  California  US,279 Franecki Esplanade Apt 62,Fairfax,California,Marin County,6041,94930,37.95580001222968,-122.56882595544494,38381.50,105280.23,832756
4f48f249-5e98-0ca8-f5ff-29f057cd921b,1983-12-04,,999-95-3739,S99944876,X75330111X,Mrs.,Anette189,Margurite588,Yost751,,Weissnat378,M,black,hispanic,F,Rolling Hills Estates  California  US,462 Willms Road Apt 44,Brentwood,California,Contra Costa County,6013,94513,37.90396125085087,-121.68559176953887,133121.91,2215418.51,317764
330e08f9-e4e4-968a-6ee8-f81a628cbbc4,1977-06-27,,999-33-2709,S99917322,X30874498X,Mr.,Dirk334,Ralph813,Prohaska837,,,M,white,nonhispanic,M,Oakland  California  US,828 Thiel Orchard,Mission Viejo,California,Orange County,6059,92653,33.498422925312724,-117.65202674740652,132955.56,8452.93,666138
e4a2b6c2-8f10-57a7-15ae-4e8b0ad69fe4,1957-08-03,,999-66-3140,S99917883,X21146819X,Mrs.,Cami698,,Conn188,,Rempel203,M,white,nonhispanic,F,Salida  California  US,1088 Rau Neck,Parlier,California,Fresno County,6019,93662,36.573838034311464,-119.6024779993585,28738.89,1762869.07,1871
4cd1cc0c-e3a9-2d21-1492-9afb5e6a120c,2003-09-13,,999-51-3893,S99939524,X50277645X,Mr.,Stephen891,,Daugherty69,,,,asian,nonhispanic,M,San Jose  California  US,682 Williamson View Apt 26,West Whittier-Los Nietos,California,Los Angeles County,,00000,33.93092156013469,-118.06401106409787,86445.10,9887.23,317634
cc733bd0-8d2d-aba3-a5ba-b45dbf87b62a,1964-08-02,,999-39-2450,S99927324,X30248477X,Mrs.,Kina737,Shea825,Shanahan202,,Lang846,M,white,nonhispanic,F,Cathedral City  California  US,246 Hansen Parade Suite 54,San Buenaventura (Ventura),California,Ventura County,6111,93001,34.249019656868235,-119.18787730732369,342464.50,948515.44,33323
2fef6078-2056-bd22-a1e5-353883c5f706,1950-06-18,1992-07-01,999-68-7212,S99981545,X49692123X,Mr.,Fernando603,Luis923,Araña824,,,M,black,hispanic,M,Carolina  Puerto Rico  PR,365 Bode Bay,San Buenaventura (Ventura),California,Ventura County,6111,93001,34.00793954188282,-119.43719173115753,173104.79,0.00,55262
6f7dae6e-72f6-970f-05d7-19dacb8f3482,1992-02-13,,999-72-7388,S99924217,X33512621X,Mr.,Tommie457,Fred155,Lehner980,,,M,white,nonhispanic,M,Elk Grove  California  US,304 Morar Ranch,San Francisco,California,San Francisco County,6075,94124,37.77973159833462,-122.44505912305412,54321.66,63430.98,94950
0e734d3d-0ea2-7ad8-3c7f-8157b4b527d9,2015-10-10,,999-98-4892,,,,Susan422,Adrien235,Goyette777,,,,white,hispanic,F,Clearlake  California  US,1070 Langosh Arcade,Foothill Farms,California,Sacramento County,,00000,38.68760852272151,-121.36677817237057,1300.00,29390.99,27702
f19cdff9-3a54-30d5-b94a-d8a37594b7f9,2017-03-14,,999-64-5939,,,,Byron202,Porter490,Cummerata161,,,,white,nonhispanic,M,Costa Mesa  California  US,293 Kling Crossing,Los Angeles,California,Los Angeles County,6037,90010,34.082443532233256,-118.20813109131414,14458.83,13042.97,119773
f33bda95-07e4-6cbb-e039-23f933853423,2000-10-15,,999-99-1824,S99947634,X48072866X,Ms.,Delisa884,,Heidenreich818,,,,asian,nonhispanic,F,Los Angeles  California  US,539 Kautzer Camp,Lakewood,California,Los Angeles County,6037,90712,33.88936319646244,-118.17032572705578,49467.12,342779.25,44818
63526bdb-5cfd-93f4-5a31-daaa23dbd03e,1979-05-29,1988-08-06,999-62-2028,,,,Codi873,Elmer371,O'Connell601,,,,white,nonhispanic,F,Paris  Ile-de-France  FR,201 Green Trail,Fallbrook,California,San Diego County,6073,92028,33.3971051736519,-117.21767925791646,2465.74,63618.62,22110
ba801f63-6cbe-f350-b2ab-957825205a32,1970-12-26,,999-96-6290,S99985860,X81299412X,Mr.,Santiago500,,Valencia279,,,S,white,hispanic,M,Tegucigalpa  Francisco Morazán  HN,428 Schowalter Mews,Ontario,California,San Bernardino County,6071,91761,34.03664604961278,-117.64240644419652,190265.29,353501.20,36636
2b70d065-7fdd-1a3a-a3f7-a33db06d3c82,1962-06-25,,999-89-2322,S99968097,X60963091X,Mrs.,Kacie297,,Lueilwitz711,,Reichert620,M,white,nonhispanic,F,Anaheim  California  US,447 Herman Avenue,Tracy,California,San Joaquin County,6077,95304,37.62230564718609,-121.42677361471587,20735.22,1589239.50,2349
b063f71b-75f1-ce0e-0f53-4f05234078ef,2006-07-18,,999-98-5060,S99997257,,Mr.,James276,Buford910,Schaefer657,,,,white,nonhispanic,M,Tracy  California  US,989 Renner Ville Suite 49,Pomona,California,Los Angeles County,6037,91789,34.1400086638272,-117.7289698888425,46740.98,9282.92,57716
84b601fb-b78c-4227-40b8-2c4a744c5b0e,1994-03-29,,999-23-8196,S99945627,X74423646X,Mrs.,Rossie247,Lorita217,Wolff180,,Ullrich385,M,white,hispanic,F,Fresno  California  US,906 Deckow Tunnel,Escondido,California,San Diego County,6073,92029,33.086173228255014,-117.15793802596586,80452.80,282202.96,43329
c0f3cbc9-01a5-41d6-1d08-fb88ba33b82b,1992-09-14,,999-20-5091,S99983757,X31283203X,Mrs.,Brittanie254,Patty600,Cole117,,Hilpert278,M,white,nonhispanic,F,Moreno Valley  California  US,923 McDermott Trailer,San Jose,California,Santa Clara County,6085,95139,37.28260819243425,-121.93033017471666,190576.90,251354.94,839190
3ee083cc-2de2-9340-91e8-4ab8452a48b3,1970-07-10,,999-63-1953,S99990188,X39253343X,Mrs.,Pilar644,,Champlin946,,Haley279,M,asian,hispanic,F,Irvine  California  US,791 Rohan Pathway,Santa Monica,California,Los Angeles County,6037,90404,34.021119648074375,-118.51339890742261,287499.16,2092803.58,337693
60fad1fd-bdd9-4372-1637-aabfebb50418,1983-02-16,,999-81-1842,S99935103,X61523381X,Mr.,Truman805,Olen518,Bernhard322,,,M,asian,hispanic,M,Daly City  California  US,393 Romaguera Wynd Apt 28,Long Beach,California,Los Angeles County,6037,90731,33.84641190520205,-118.12305721189345,15534.77,1126393.90,11064
949e0e13-e3c3-d42f-fb24-13ed60510731,1961-10-25,,999-14-4358,S99960190,X74270493X,Mrs.,Judy192,Maegan141,Feest103,,Purdy2,M,white,nonhispanic,F,Rome  Lazio  IT,434 Legros Vale Suite 97,Woodland,California,Yolo County,6113,95695,38.70295524800614,-121.74980139186891,922668.23,819719.04,65929
2af7ba08-6746-f30a-a80d-1a0083f17b5c,2012-09-16,,999-46-5229,,,,Ana María762,Isabela97,Valentín837,,,,asian,hispanic,F,Kingston  Kingston  JM,393 Mante Terrace,Ontario,California,San Bernardino County,6071,91710,34.04890307841445,-117.6515603161535,48121.73,1210.24,75711
8f0b090a-6bc5-2480-45fa-fdeb0535a119,2012-07-15,,999-51-3217,,,,Mohammad578,,Bradtke547,,,,white,nonhispanic,M,Los Angeles  California  US,352 Roob Haven,Gasquet,California,Del Norte County,6015,95543,41.8897605991371,-123.8787938805568,2500.00,70115.28,3606
886ef327-3062-bb3f-058c-f753f3d938e5,2015-03-26,,999-92-5590,,,,Brandon214,Leslie90,Torp761,,,,white,nonhispanic,M,Whittier  California  US,635 Goldner Meadow,Mariposa County,California,Mariposa County,6043,95338,37.522631380240355,-119.95187355242771,30645.47,7635.42,131577
8fcf97bb-9296-b115-4e03-bf780164f69f,2005-06-05,,999-28-3858,S99949225,X26881504X,Mr.,Carlo647,,Rowe323,,,,white,nonhispanic,M,Ontario  California  US,551 Ernser Road Unit 49,San Diego,California,San Diego County,6073,92114,32.747629976609836,-117.17480616687172,72154.62,3937.51,962419
34b25f0b-a06f-cb5b-0317-4447fede098a,1967-07-10,,999-78-8214,S99979728,X36154522X,Ms.,Kristian973,Aurea194,Hintz995,,,S,asian,nonhispanic,F,Beaumont  California  US,658 McLaughlin Gateway,Oakland,California,Alameda County,6001,94601,37.844899474019314,-122.31923488765699,445784.81,608203.06,23507
362b2600-e067-1c93-da6f-361d6cf0b62c,2000-11-25,,999-65-8255,S99916759,X9038538X,Ms.,Adria871,Shellie908,Reichel38,,,,white,hispanic,F,Maywood  California  US,880 Wintheiser Trail,San Jose,California,Santa Clara County,6085,95138,37.210502922127546,-121.85222528000438,65228.47,277604.33,38282
1f2615a3-41f4-0b67-7438-14be085e4870,1979-05-29,,999-22-1396,S99985437,X12331040X,Mrs.,Elly836,Kenia28,Will178,,Schmeler639,M,white,nonhispanic,F,Toulouse  Occitanie  FR,527 Dooley Approach,Fallbrook,California,San Diego County,6073,92028,33.386169139028745,-117.24906055621356,16418.13,2022140.81,22110
8c2ebdfd-a4fc-1e79-3457-96d39eb75512,1951-04-07,2020-10-26,999-11-4435,S99932343,X61659919X,Mrs.,Lurline371,Shera199,McGlynn426,,Kerluke267,M,white,hispanic,F,Roseville  California  US,214 Stanton Fork Apt 59,La Quinta,California,Riverside County,6065,92210,33.746029472546326,-116.2084757368688,1347408.21,368304.23,107462
d9222771-d11f-1727-dff8-c0bfcc39c3d0,2008-12-15,,999-68-6975,S99934094,,,Rocio28,Yolanda648,Covarrubias273,,,,white,hispanic,F,Juarez  Chihuahua  MX,132 Welch Passage Unit 62,Las Flores,California,Orange County,,00000,40.03731462324451,-122.17463636111981,56401.46,14546.65,122478
b735a126-638a-1b59-3fbd-095a0c253bb3,1995-05-22,,999-43-9457,S99951811,X44384074X,Mrs.,Yasmin241,Sasha806,Nitzsche158,,Wisozk929,M,white,nonhispanic,F,Huntington Beach  California  US,415 Satterfield Plaza,Escondido,California,San Diego County,6073,92082,33.099539168869455,-117.15155417676894,215120.04,466098.14,132284
315afc9b-0fc6-b39f-0fe6-ea693eafb5c1,1994-04-08,,999-54-8483,S99999277,X66293116X,Mr.,Carey440,,Rodriguez71,,,M,white,nonhispanic,M,Biggs  California  US,845 Schultz Wall,Jurupa Valley,California,Riverside County,6065,92509,34.046630288513754,-117.47674677157889,46481.23,58733.21,44309
3d531210-b347-d241-b312-9cc43bb1abab,1950-06-18,,999-27-6500,S99964113,X53537355X,Mr.,Clemente531,Roberto515,Gonzales379,,,M,black,hispanic,M,Buenos Aires  Ciudad de Buenos Aires  AR,877 Nikolaus Promenade,San Buenaventura (Ventura),California,Ventura County,6111,93060,34.40076999235163,-119.0706327326191,794611.01,1180202.38,55262
1064bd9c-f345-a9fd-5f1a-d133266bbf70,1969-09-09,,999-41-1384,S99953214,X27541610X,Mr.,Irving123,Darrin898,Harber290,,,S,asian,nonhispanic,M,Hanoi  Hà Đông  VN,406 Balistreri Lock,San Francisco,California,San Francisco County,6075,94122,37.837961395219146,-122.38127963255059,254676.13,85671.49,62138
dd23de33-a017-45b6-d58c-c1a2b3c20d17,1985-11-28,,999-84-9644,S99943635,X15855410X,Mr.,Long300,,Dickinson688,,,S,white,hispanic,M,San Francisco  California  US,185 Rolfson Heights,Golden Hills,California,Kern County,6029,93561,35.126337636730824,-118.47416527619866,107207.15,744144.87,387065
7e61920d-df89-330d-a0a9-cbca44ee38be,1959-06-18,,999-10-1542,S99963664,X79683731X,Mr.,Royal919,,Heaney114,,,M,asian,hispanic,M,Santa Clara  California  US,536 Becker Fort,West Puente Valley,California,Los Angeles County,,00000,34.05900348437524,-117.96825302546586,211640.66,212509.50,49161
5aa2a032-84d1-3705-62a1-b62f7f6e989c,1974-06-08,,999-73-8362,S99933506,X54999164X,Mr.,Fredric73,Gail741,Kutch271,,,M,white,nonhispanic,M,Hacienda Heights  California  US,591 Will Pathway Suite 95,San Jose,California,Santa Clara County,6085,95111,37.259086147507375,-121.75377770539629,26053.65,130897.15,119387
94e57871-3060-5448-e711-090a064e93a6,1991-10-30,,999-45-7429,S99986176,X1278973X,Mr.,Leigh689,,Turcotte120,,,M,white,hispanic,M,Boyes Hot Springs  California  US,1050 Cartwright Rue,Bakersfield,California,Kern County,6029,93304,35.391968625932954,-118.99739974609975,87918.51,419741.57,37786
107d043d-2351-a7df-d1e5-0b88441f2f6d,2008-09-17,,999-55-1424,S99947935,,,Santo387,,Schaden604,,,,white,nonhispanic,M,Escondido  California  US,448 Bartell Course,Montebello,California,Los Angeles County,6037,90022,34.01910227052074,-118.1029809692396,2650.00,56576.58,9900
5dbc3c6a-c7ab-d04f-6e21-a3e514c083ef,2017-10-03,,999-13-9284,,,,Elisa944,Isabel214,Tamez493,,,,white,hispanic,F,Lima  Lima Province  PE,813 Koelpin Gateway,Moreno Valley,California,Riverside County,6065,92553,33.85787583285767,-117.16474586619417,17421.83,1357.56,66110
eb72af97-a13d-89b3-d1b3-bb921745346d,1957-11-13,,999-18-4231,S99990255,X24614480X,Ms.,Frances376,Iola859,Rippin620,,,S,white,nonhispanic,F,Martinez  California  US,958 Langosh Hollow Apt 50,Richgrove,California,Tulare County,6107,93261,35.76066387375767,-119.08013405026837,999994.40,680616.01,39208
8d0d6385-da38-3ec4-b888-07a80a2dc3a1,2012-05-12,,999-31-5482,,,,Hershel911,Jerold208,Larson43,,,,white,nonhispanic,M,Lincoln  California  US,178 Goyette Vale,Santa Clarita,California,Los Angeles County,6037,91321,34.442624166684276,-118.45252985535234,65175.96,0.00,114416
2b1b2ee6-87e3-551a-32ad-aa7e6ce5a1bc,2001-04-21,,999-83-2833,S99979461,X44643564X,Ms.,Graciela518,Julia241,Tamez493,,,,white,hispanic,F,Kingston  Kingston  JM,894 Barrows Vale Suite 7,Santa Monica,California,Los Angeles County,6037,90402,34.039993758496294,-118.50183924165984,52244.97,491124.81,30361
4af365ec-b552-0a7c-3341-0922d6cba4f3,1966-02-13,,999-46-1138,S99915893,X56176804X,Mr.,Lloyd546,,Auer97,,,M,white,nonhispanic,M,Los Angeles  California  US,452 Yundt Estate Unit 8,Corona,California,Riverside County,6065,92503,33.90194493710833,-117.58683581433468,25476.85,569563.34,2168
fc736371-b752-665f-8c73-4a4942318a71,1996-09-12,,999-27-1889,S99957699,X34159673X,Mrs.,Angle307,Theresa98,Little434,,Vandervort697,M,white,hispanic,F,Pomona  California  US,809 Kunde Dam,Marina,California,Monterey County,6053,93955,36.59334957021015,-121.8017918605669,199492.19,909472.86,53134
fb6121be-94d9-c5ba-9ab3-15d7276eca35,1999-01-09,,999-33-9191,S99941388,X61039222X,Ms.,Jaime666,,Rowe323,,,,asian,nonhispanic,F,Fair Oaks  California  US,206 Jacobi Spur Suite 31,San Francisco,California,San Francisco County,6075,94107,37.715455138148364,-122.40415989153954,51790.90,425434.83,176431
4b95a42c-f0a1-47bc-8479-e517d70d97f0,1998-05-07,,999-82-3186,S99944015,X49294610X,Mr.,Peter292,Rupert654,Gleason633,,,,asian,nonhispanic,M,San Bernardino  California  US,592 Greenholt Spur,Rodeo,California,Contra Costa County,6013,94572,37.99854791884156,-122.25851224581231,15997.56,965564.03,26239
cb17bf7d-5eae-8137-30fc-059dbd105641,1980-04-02,,999-44-5496,S99981284,X77310348X,Mr.,Hugo693,Miguel815,Muñoz828,,,S,white,hispanic,M,San Jose  San Jose  CR,500 Lemke Ramp,Rancho Cucamonga,California,San Bernardino County,6071,91739,34.06006834731118,-117.5724610796823,123659.61,10259.25,60039
a7fc9200-9568-fcbd-6bc0-ca0c26b1b174,1974-10-28,,999-93-4599,S99934155,X24380476X,Mrs.,Rikki26,Erica194,Ullrich385,,Dietrich576,M,hawaiian,nonhispanic,F,Pomona  California  US,521 Sporer Trailer Unit 56,Rancho Cucamonga,California,San Bernardino County,6071,91730,34.144997081105615,-117.5717644270476,1500305.96,1342245.24,60520
6611387d-d0ea-87c4-3038-dd10a9edbd6c,1934-09-18,2006-03-12,999-39-8962,S99913285,X1220708X,Ms.,Carla633,María Elena653,Santana368,,,S,white,hispanic,F,Roseau  Saint George  DM,1034 Bartoletti Heights,Rosemead,California,Los Angeles County,6037,91776,34.102657214509684,-118.07151037614786,30421.08,1956332.94,19283
66e2e91e-aaf2-6904-4319-987b7c73ef39,1951-04-07,,999-50-3781,S99937533,X80716853X,Mrs.,Maurine401,Jeanie708,Predovic534,,Baumbach677,D,white,hispanic,F,Live Oak  California  US,416 Ledner Rue,La Quinta,California,Riverside County,6065,92210,33.698144407321855,-116.31069634059288,1102040.75,277639.71,107462
b6b4eabb-68cb-939a-ec19-3fd133444d51,1975-12-12,,999-38-8225,S99916547,X50816603X,Mrs.,Marlen929,Bernardina456,Bergstrom287,,Lockman863,M,asian,nonhispanic,F,Daegu  Daegu  KR,1065 Weissnat Vista Suite 83,Anaheim,California,Orange County,6059,92801,33.90777340654471,-117.74761362957375,876798.69,879957.86,105768
b0eba7e2-3a31-42a7-580c-b72e13c6aa63,2004-02-01,,999-25-8213,S99943458,X84540503X,Mr.,Gene733,Rufus33,Terry864,,,,other,nonhispanic,M,Jeddah  Tihamah  SA,762 Swift Overpass Unit 35,North Highlands,California,Sacramento County,6067,95660,38.7103154757715,-121.38343810693478,7982.02,966171.77,18693
25ad0bb0-df83-57b5-9249-2dd55a95b803,1968-06-29,,999-90-1672,S99922910,X88261656X,Mr.,Waldo53,Darrel772,Nikolaus26,,,M,black,hispanic,M,Azusa  California  US,302 Eichmann Gardens,Delano,California,Kern County,6029,93215,35.80344498529299,-119.25040691792124,14055.52,403829.74,23221
b0a251c0-7e16-8d6f-22d5-6e4b73d6a932,1993-02-13,,999-78-3439,S99968275,X54771216X,Mr.,Gerardo48,Daniel959,Santiago500,PhD,,S,white,hispanic,M,Port-au-Prince  Haiti  HT,203 Pollich Lock,North El Monte,California,Los Angeles County,,00000,34.086289015409264,-118.06318336232935,92608.97,296291.25,68038
fe58b783-f82e-b07b-7eba-7bdc8dba7fd7,2006-04-12,,999-35-5431,S99998209,,Mr.,Tomás404,Eduardo902,Gálvez271,,,,black,hispanic,M,Marigot  Saint Andrew Parish  DM,164 Miller Annex Apt 4,Lancaster,California,Los Angeles County,6037,93536,34.729026305322726,-118.41652672023812,104299.14,0.00,85555
77d039e8-b08c-48dd-0744-60a7c38ceed3,2021-06-17,,999-50-6453,,,,Lady554,,Wuckert783,,,,asian,hispanic,F,Sacramento  California  US,426 Legros Lane,Los Angeles,California,Los Angeles County,6037,91331,33.918360951426315,-118.29112853880666,9012.00,15633.03,180529
3392a2b9-95af-dcb6-e2ae-7c326409597b,1984-04-11,,999-46-1084,S99932215,X10312137X,Mr.,Elmer371,,Shanahan202,,,S,white,nonhispanic,M,Patterson Tract  California  US,771 Hartmann Trace Apt 13,Brentwood,California,Contra Costa County,6013,94513,37.90488585975782,-121.62175645406879,6896.03,170852.74,504
b6cc8060-0857-3384-18ba-273a51a4049c,2026-01-19,,999-26-5066,,,,Martín25,Sergio619,Armas910,,,,asian,hispanic,M,Wesley  Saint Andrew Parish  DM,520 Klocko Club,Dana Point,California,Orange County,6059,92629,33.54292632362989,-117.70989366209228,100.00,585.45,44304
50c6942a-8159-7686-514b-003899437cca,1952-02-15,2023-11-30,999-86-3615,S99982321,X58006250X,Mr.,Javier97,Gilberto712,Esparza426,,,S,white,hispanic,M,Santiago de los Caballeros  Santiago  DO,889 Bergstrom Road Suite 34,San Pablo,California,Contra Costa County,6013,94804,37.93268998027675,-122.30542652739112,41310.72,1005619.70,11339
36e6fb63-7844-50b8-7357-0476ee911b52,1966-10-14,2016-07-02,999-56-8056,S99914654,X44350213X,Mr.,Stanford577,Mel236,Lynch190,,,W,white,nonhispanic,M,San Buenaventura (Ventura)  California  US,1079 Berge Loaf,Sacramento,California,Sacramento County,6067,95841,38.73759257140127,-121.58899456125552,208374.63,124119.49,69539
b4daa437-5ab8-ae76-b148-e51b43a90682,1931-10-09,2001-03-25,999-26-3380,S99975222,X5197147X,Mr.,Raymon366,Levi940,Murazik203,,,M,white,nonhispanic,M,Antioch  California  US,647 Robel Corner,Sacramento,California,Sacramento County,6067,95821,38.50303842088522,-121.44238633401176,808308.88,365050.57,66284
e5e2922a-6284-16d8-41d0-a30e1ff01d23,1965-11-05,2024-11-25,999-56-6450,S99931303,X73746138X,Mr.,Antonio44,Pablo44,Rodrígez614,,,D,white,hispanic,M,Santo Domingo  National District  DO,340 Emard Esplanade Unit 85,Downey,California,Los Angeles County,6037,90650,33.891639632777384,-118.11337323687435,26142.59,763708.23,22428
69645c2c-d991-bc5e-d60c-defbcffab552,1981-03-06,,999-38-6279,S99986933,X75577768X,Mr.,Erwin847,Agustin437,Hyatt152,,,M,white,nonhispanic,M,Montclair  California  US,860 Dooley Plaza,Rialto,California,San Bernardino County,6071,92377,34.1414650707038,-117.27863874440376,177810.50,461952.74,31777
d27a5a25-43a3-ba87-29eb-2058d325a4c1,1997-01-29,,999-48-1129,S99936247,X49904877X,Mrs.,Clarita196,Shavonne800,Cruickshank494,,Balistreri607,M,white,nonhispanic,F,Vallejo  California  US,589 Considine Avenue,San Clemente,California,Orange County,6059,92672,33.46089152342735,-117.63817898929999,22576.73,1296627.96,83915
4ef58076-a1a4-9d08-7719-bb0b03bae11c,1980-01-27,,999-71-5469,S99963934,X26907589X,Mr.,Isidro558,,Kemmer137,,,M,white,nonhispanic,M,Los Angeles  California  US,773 Dickens Pathway,Placerville,California,El Dorado County,6017,95667,38.748505410523315,-120.7461762725455,178521.75,184925.02,41693
993b2e51-6138-5740-aafe-baf16899ab65,1998-07-27,,999-82-1602,S99940603,X20641740X,Mr.,Mel236,Jamaal34,Carroll471,,,,white,nonhispanic,M,Los Angeles  California  US,227 Zboncak Path,Elk Grove,California,Sacramento County,6067,95829,38.37528798191613,-121.42887382141319,4532.02,83023.10,18513
6aa70fd9-d15b-ba00-ab27-67a82e7396ec,1969-10-21,,999-73-1050,S99955400,X51103270X,Mr.,Alphonse92,Alva958,Keebler762,,,D,asian,nonhispanic,M,San Marcos  California  US,366 Swaniawski Course,Long Beach,California,Los Angeles County,6037,90813,33.7493112887768,-118.11245170779758,228828.08,52133.41,98697
5ac39b30-55b1-88be-745f-2b571b8d86f8,2021-04-11,,999-46-4031,,,,Deon400,Huey641,Gleason633,,,,white,nonhispanic,M,Arden-Arcade  California  US,134 Lindgren Bay Apt 58,San Diego,California,San Diego County,6073,92071,32.59678775242182,-117.00884262202197,1352.04,20295.67,18495
bdbdb4c9-a98a-ced7-9eb3-590d038efe37,2006-12-01,,999-55-6398,S99927115,,Mr.,Martín25,,Coronado577,,,,white,hispanic,M,Buenos Aires  Ciudad de Buenos Aires  AR,221 Schaden Knoll,Cudahy,California,Los Angeles County,6037,90255,33.972572509673576,-118.21891060424133,4033.26,51735.56,36730
4f997e46-3a8c-7b54-ef0a-9297a09f9c97,2004-10-25,,999-78-5587,S99971611,X6938462X,Ms.,Esperanza675,Elsa29,Escobedo608,,,,white,hispanic,F,Puebla  Puebla  MX,1076 Runte Forge Apt 70,Hercules,California,Contra Costa County,6013,94547,37.992234039066425,-122.28036075250951,14758.36,99365.31,79432
2774070a-75c2-7b8c-b07e-fa3fbcbcef4d,1976-09-03,,999-28-9054,S99975080,X67280418X,Mrs.,Quinn173,Gladis186,Mayer370,,Cassin499,M,white,nonhispanic,F,Hawthorne  California  US,689 Powlowski Gardens,Buena Park,California,Orange County,6059,92801,33.90343426378726,-117.98577525648375,393366.05,2221529.31,149139
a4d00fad-f682-1ac8-bbb7-52caa5f0d07f,1967-07-16,,999-77-1218,S99940487,X27308192X,Mr.,Yong583,Floyd420,Satterfield305,,,M,white,nonhispanic,M,Glendora  California  US,548 Reilly Trailer,Claremont,California,Los Angeles County,6037,91750,34.18597038938164,-117.805730037641,210642.78,353692.16,83912
fcb9a659-e3b6-32a6-f526-539767700992,2013-09-15,,999-69-5802,,,,Dannie881,Chi716,Mohr916,,,,white,nonhispanic,M,San Jose  California  US,342 D'Amore Course,Dana Point,California,Orange County,6059,92651,33.42868124599899,-117.61308630733373,2100.00,43618.77,17234
3f7568a2-e5f0-68b6-7e32-96535acc3654,1966-10-14,,999-18-5286,S99978217,X14186260X,Mr.,Sherwood961,Rufus33,Baumbach677,,,W,white,nonhispanic,M,Palm Desert  California  US,660 Prohaska Branch Apt 45,Sacramento,California,Sacramento County,6067,95652,38.6268017766104,-121.45953805544114,525966.83,516989.01,69539
52d0b519-8345-bbc8-b7f4-de33426ba77b,1934-09-18,,999-97-5595,S99948114,X46018797X,Mrs.,Alejandra902,Gabriela205,Ceballos171,,Echevarría842,D,white,hispanic,F,Guatemala City  Guatemala  GT,800 McCullough Annex,Rosemead,California,Los Angeles County,6037,90640,34.03964236999081,-118.09517865191366,31083.09,2702574.09,19283
940f7e7d-3ab0-7b8b-f669-112228735a37,2014-06-10,,999-29-2008,,,,Griselda377,,Schroeder447,,,,white,nonhispanic,F,San Francisco  California  US,202 Crist Neck Unit 84,Alameda,California,Alameda County,6001,94501,37.71956431680633,-122.21945274731837,6986.54,15996.52,186471
6e3ecf58-af03-f1cc-8b3e-9852cad8ff11,1965-11-05,,999-38-9739,S99972461,X19152726X,Mr.,Nicolás801,Benito209,Hernandes724,,,M,white,hispanic,M,San Juan  Puerto Rico  PR,612 Bauch Rest Unit 17,Downey,California,Los Angeles County,6037,90650,33.9177123873618,-118.10096362487887,20220.49,479088.63,22428
bc620fd4-a287-8799-e03c-85bc4a9a6766,1966-08-19,,999-55-4489,S99977885,X44768403X,Mrs.,Dominique369,Breana975,Howell947,,Jerde200,D,asian,nonhispanic,F,San Diego  California  US,789 Reynolds Quay,Modesto,California,Stanislaus County,6099,95354,37.616721963998046,-121.03961702194916,1455043.02,706148.02,60914
3d0bb379-ab62-44d1-c05d-8a4ac082a788,1964-07-21,,999-75-4663,S99952874,X51901598X,Mr.,Víctor493,Alejandro916,Yáñez198,,,M,white,hispanic,M,Caracas  Capital District  VE,921 Johns Esplanade Unit 87,Santa Maria,California,Santa Barbara County,6083,93458,34.99647926739205,-120.49157034835598,203937.47,67887.23,59671
bbe02bf6-95d2-68fc-3cc3-423319beac69,1958-03-20,,999-65-7231,S99952779,X68556090X,Mr.,Gustavo235,Napoleon578,Mills423,,,M,white,nonhispanic,M,Berkeley  California  US,228 Littel Village Suite 25,Irvine,California,Orange County,6059,92606,33.66189143907774,-117.64742002601756,11841.34,255960.11,19923
1fdd7f09-e112-d8f9-3e25-ff234da46cc5,2002-03-08,,999-89-1976,S99996399,X34475267X,Ms.,Nilsa143,Sharyn437,Deckow585,,,,white,nonhispanic,F,San Jose  California  US,1054 Turcotte Plaza Apt 71,Fresno,California,Fresno County,6019,93722,36.81391187944227,-119.85205718598918,108575.64,169194.00,149406
b4b8043d-3bd0-84b8-87e3-a2873f94b156,1952-02-15,,999-13-8147,S99970868,X22532914X,Mr.,Jerónimo599,Cristobal567,Moreno82,,,D,white,hispanic,M,Buenos Aires  Ciudad de Buenos Aires  AR,360 Eichmann Loaf,San Pablo,California,Contra Costa County,6013,94803,37.99582868546345,-122.25198197141073,23105.05,777473.67,11339
efb513fb-f60b-a8c1-1b45-d038725023b4,1960-04-08,,999-72-5638,S99996401,X3991921X,Mrs.,Yung349,Neely59,Brakus656,,Weimann465,D,white,hispanic,F,Lodi  California  US,700 Mraz Center Suite 59,Fremont,California,Alameda County,6001,94538,37.59215122679128,-121.99727229323683,565876.84,779329.80,31090
9d09b9f4-4221-2fa5-440e-4f158a7da4f8,2003-11-10,,999-80-5999,S99973458,X386011X,Mr.,Keenan632,,Walker122,,,,hawaiian,nonhispanic,M,Los Angeles  California  US,274 Robel Annex Apt 16,Wildomar,California,Riverside County,6065,92584,33.69737589625356,-117.37701439701385,77445.73,11947.12,834871
e4447338-d154-4afa-5d7c-f0484170617e,1997-10-08,,999-59-6931,S99929513,X50949331X,Mrs.,Ivory697,,Hansen121,,Kuhlman484,M,black,nonhispanic,F,Kentfield  California  US,514 Bergstrom Corner Apt 46,Los Angeles,California,Los Angeles County,6037,90026,34.060782996634735,-118.45717724843131,8101.04,607107.27,7158
e9d427bd-3aba-9e51-5164-d5c5a680ed40,1922-10-18,1992-05-16,999-23-5573,S99983271,X55144317X,Mr.,Perry780,Gale827,Beer512,,,M,white,nonhispanic,M,Suisun City  California  US,1058 Dietrich Bypass,San Diego,California,San Diego County,6073,92121,32.813921329735514,-116.99757024353794,367859.02,253544.66,82934
9891ae15-ccca-d5e9-99f2-4a58d0b231ed,1976-09-11,,999-99-1836,S99965404,X65643102X,Ms.,Mee229,Jaimee549,Fadel536,,,S,white,nonhispanic,F,Chino Hills  California  US,584 Beer Mill,Tracy,California,San Joaquin County,6077,95376,37.634150045906786,-121.45946345960985,363277.60,1788029.86,120878
867d5d8e-5ec9-75b2-1854-b3123816ba01,2024-04-09,,999-47-2892,,,,Enoch803,Phillip440,Kuhn96,,,,white,nonhispanic,M,San Clemente  California  US,176 Weber Bridge,Long Beach,California,Los Angeles County,6037,90831,33.74871158175457,-118.16754689895778,7065.98,0.00,62334
fd7c0246-9993-a899-6043-b4a85b964ec7,1996-08-19,,999-60-6997,S99934997,X50026162X,Mrs.,Otha286,Julietta740,Gerlach374,,Wolf938,M,asian,hispanic,F,La Habra  California  US,969 Schowalter Arcade,West Sacramento,California,Yolo County,6113,95691,38.42607754909299,-121.75939090349239,9395.29,466875.54,11577
c1aa044a-f9bf-19fd-501f-3afebdf1b81b,1973-07-08,,999-18-9411,S99984933,X83332987X,Mr.,Taylor21,,Kuhic920,,,M,white,nonhispanic,M,Modesto  California  US,626 Nolan Tunnel,East Foothills,California,Santa Clara County,,00000,37.353814995903605,-121.79536552430656,119127.47,53237.96,184860
db9f2ae8-0015-9027-b083-5a72f90bf7ee,1922-10-18,1924-09-28,999-66-1013,,,,Bernard308,Hunter736,Friesen796,,,,white,nonhispanic,M,Clearlake Oaks  California  US,773 Auer Union Unit 25,San Diego,California,San Diego County,6073,92131,32.68720011946015,-117.14222695637231,21614.58,40055.03,82934
5bc8e8e3-c9d2-9282-f2fd-4fe6b39e9821,1947-12-12,2021-07-14,999-37-1831,S99939357,X40035322X,Mrs.,Carmen818,Clara183,Tapia475,,Briones478,D,white,hispanic,F,San Juan  Puerto Rico  PR,238 Considine Promenade,Oakland,California,Alameda County,6001,94577,37.73478022073297,-122.21327391749792,1056710.03,282112.25,116926
37bccdcc-07e1-eb54-a6c2-ae792e480c98,1998-03-08,,999-84-5415,S99921421,X9506697X,Mr.,Larry532,Andres25,Stark857,,,M,white,hispanic,M,Wasco  California  US,743 Lang Heights,Oceanside,California,San Diego County,6073,92081,33.38280535725319,-117.19384368279744,34957.01,245079.21,31774
30d7fa7f-5f09-ab01-4bd2-29959cb5454e,2005-09-12,,999-52-6100,S99925008,X39465720X,Ms.,Amparo58,Laticia649,Ernser583,,,,asian,nonhispanic,F,Hacienda Heights  California  US,835 Stamm Skyway Suite 39,San Francisco,California,San Francisco County,6075,94102,37.76754776775051,-122.45039841844441,44411.66,168825.49,93732
ebd05173-f3f3-1de5-c9a9-cedaddfcef20,1968-06-28,,999-11-9398,S99915010,X64769127X,Mrs.,Sherice231,,Bashirian201,,Hermiston71,M,white,nonhispanic,F,San Juan Capistrano  California  US,227 Funk Ville Unit 78,Arcata,California,Humboldt County,6023,95549,40.83613112878617,-124.04211814063954,532456.82,1672132.98,152368
ddbb258f-51c0-4d17-8fde-011718496f72,2011-11-07,,999-22-6348,,,,Shana231,Shanda945,Jerde200,,,,white,nonhispanic,F,San Diego  California  US,379 Swaniawski Rue,Santa Clara,California,Santa Clara County,6085,95050,37.35800941031171,-121.92763062420593,54521.47,10224.84,57509
cc7da811-1335-8e66-3c08-c981f810bf70,2018-09-04,,999-87-2201,,,,Lucinda68,Audrie782,Mueller846,,,,white,nonhispanic,F,San Bernardino  California  US,292 Rath Vista,Sunnyvale,California,Santa Clara County,6085,94086,37.3060591820589,-121.99780227064778,32413.94,2363.63,124892
57a47dcc-4b58-fdbb-db23-b316b3ec6eca,1998-08-17,,999-56-2628,S99927548,X17972158X,Ms.,Claudia969,Luz785,Salas880,,,,asian,hispanic,F,Panama City  Panama  PA,652 Wilkinson Village,Alhambra,California,Los Angeles County,6037,91803,34.08453002098313,-118.12834005848681,7447.60,257743.32,20238
35302783-710f-de45-2fd0-2d9222dcdac1,1959-04-05,,999-73-8798,S99930262,X88722437X,Mr.,Milford485,Waldo53,Skiles927,,,M,white,nonhispanic,M,Pomona  California  US,986 Schimmel Track Apt 88,Marina,California,Monterey County,6053,93933,36.6543585226852,-121.77073434276076,132931.50,308629.09,108762
16eaaebc-e29e-147e-9df4-b0fe840e9cba,2019-04-27,,999-90-4969,,,,Sylvester827,Thurman577,Walker122,,,,white,hispanic,M,Oxnard  California  US,266 Zemlak Path,Los Angeles,California,Los Angeles County,6037,90026,34.09420151377672,-118.31650892311357,33627.59,9386.01,62336
354f528d-6e74-09a0-db84-d789ec4ae6d7,1988-05-10,,999-21-7166,S99919689,X50174132X,Mr.,Blair400,Martin117,Kozey370,,,W,other,nonhispanic,M,Sunnyvale  California  US,987 Goyette Mews Unit 38,Oak Hills,California,San Bernardino County,6071,92344,34.44060292711652,-117.38865805870303,166588.32,0.00,86274
12f0e781-f8b7-bfc5-9f2c-015dee3d76f7,1978-11-06,,999-78-2434,S99918985,X24037511X,Mr.,Zachery872,Buddy254,Funk324,,,S,white,hispanic,M,Clovis  California  US,452 Pacocha Terrace,Rancho Cucamonga,California,San Bernardino County,6071,91737,34.15725674545652,-117.43334593162535,123645.38,100913.22,38068
7c9ad55d-2370-87ae-4f35-f6a346532ee7,2010-12-11,,999-68-5470,,,,Virgil85,Neoma676,Pollich983,,,,asian,hispanic,F,Fresno  California  US,120 Hayes Trace Suite 1,Stevenson Ranch,California,Los Angeles County,6037,91381,34.34658725906048,-118.63453493581213,45058.39,0.00,84841
2ef8a7cf-e06b-0ee8-d360-98815bf7e3ea,2019-06-30,,999-39-3771,,,,Cindie288,Helene803,Schaden604,,,,white,nonhispanic,F,Oakland  California  US,521 Reinger Heights,Seaside,California,Monterey County,6053,93940,36.56583130067373,-121.85473795176722,818.42,54739.82,11792
d40f32d2-35d4-8fb7-7f78-1b3b95983d60,1971-05-07,,999-20-2718,S99975632,X57501318X,Mr.,Dewitt635,Trent525,Rippin620,,,S,white,nonhispanic,M,Paramount  California  US,334 Haag Camp Apt 18,Vista,California,San Diego County,6073,92084,33.106918362060625,-117.14177445034629,111542.38,114783.75,44184
c609cfef-d133-df9c-d265-9d17f2df5768,1991-04-28,,999-59-6847,S99943262,X61683458X,Mrs.,Lyndsey828,Renay451,Stehr398,,Hansen121,M,white,hispanic,F,Valley Center  California  US,679 Hessel Mews,Windsor,California,Sonoma County,6097,95448,38.55118525884413,-122.77990970510221,244557.50,414173.48,63434
c8412844-72f2-238e-cb01-985f08936e37,1931-10-09,,999-47-1739,S99913712,X27181189X,Mr.,Lane844,Wiley422,Roob72,,,M,white,nonhispanic,M,Los Angeles  California  US,405 Kerluke Annex Suite 98,Sacramento,California,Sacramento County,6067,95841,38.65269328410241,-121.47386059450464,573177.88,2365100.89,66284
12ca83d2-927b-57ff-32e5-b597663f3b22,1989-05-01,,999-81-2878,S99918287,X1404626X,Mrs.,Tari300,Narcisa997,Konopelski743,,Johnston597,W,white,nonhispanic,F,Montebello  California  US,136 Stark Union Apt 56,San Dimas,California,Los Angeles County,6037,91740,34.09952879793175,-117.750259046185,22807.91,1106602.31,14600
645bfe10-9010-d254-411c-d70a9d64770f,1981-11-14,,999-78-4408,S99967273,X48395688X,Mrs.,Sharita792,Chelsie189,O'Kon634,,Schmeler639,D,white,nonhispanic,F,Alhambra  California  US,274 Flatley Mission Suite 54,San Diego,California,San Diego County,6073,92105,32.67612166472993,-117.18583504837916,464487.34,1403309.91,58581
6b37cca4-77d3-860c-4606-98407052ba8b,1974-12-13,,999-72-2721,S99952303,X14504086X,Mr.,Pablo44,Roberto515,Guerra754,,,M,white,hispanic,M,Bogota  Bogota  CO,741 Ziemann Flat Apt 18,Lincoln,California,Placer County,6077,95207,38.949793918422685,-121.34782719832664,16835.00,277901.93,19796
488a6590-2110-b448-f823-28da03389c04,1922-10-18,1992-07-13,999-93-1526,S99957479,X31475608X,Mr.,Delbert384,Lindsay928,Casper496,,,S,white,nonhispanic,M,San Francisco  California  US,618 Mante Glen Apt 28,San Diego,California,San Diego County,6073,92075,32.997456621738124,-117.2325930872612,362254.14,3325479.64,82934
276ce366-cd7d-3e9d-288e-5ea7ac48bd90,1994-04-25,,999-71-3306,S99931286,X73791620X,Mr.,Wilfredo622,Alfredo17,Lang846,,,S,asian,nonhispanic,M,Hong Kong  Hong Kong Special Administrative Region  CN,266 Bashirian Arcade,Sunnyvale,California,Santa Clara County,6085,94043,37.376172135147826,-122.06341475429969,89227.47,6088.38,133169
ae71a3e5-13a5-2b53-7ce3-49c106754155,1965-02-11,,999-54-6276,S99985096,X37630793X,Mr.,Arlen68,Jimmy858,Parker433,,,M,white,nonhispanic,M,Redlands  California  US,341 Prosacco Avenue Unit 94,Grizzly Flats,California,El Dorado County,6017,95636,38.58717162941908,-120.42939414393146,113707.82,148482.48,30998
d1794281-b444-04d2-3b68-f0ad40c08e39,1952-08-05,2011-12-01,999-24-6988,S99964184,X11823841X,Mr.,Gonzalo160,Aubrey96,Spencer878,,,M,white,nonhispanic,M,Temple City  California  US,473 Weimann Harbor Apt 88,Richmond,California,Contra Costa County,6013,94803,37.89112891901242,-122.3241783455953,28875.80,421509.46,13695
cb0f1a5f-4f1d-3ca6-a8fb-886072323f5a,1973-09-05,,999-61-8253,S99994002,X42481429X,Mr.,Randolph418,Wendell199,Batz141,,,D,white,nonhispanic,M,Ridgecrest  California  US,582 Bartoletti Tunnel Unit 67,San Fernando,California,Los Angeles County,6037,91342,34.303848154404726,-118.40287480417908,333017.25,156530.98,60895
1a8f3e40-bdcc-183a-9582-53258380fce2,1985-02-17,,999-75-2704,S99960032,X25589499X,Mrs.,Sommer719,Georgia502,Schroeder447,,Skiles927,D,white,nonhispanic,F,San Clemente  California  US,221 Paucek Ramp Unit 15,San Francisco,California,San Francisco County,6075,94158,37.741361031521656,-122.4025631946969,390268.87,618055.66,96441
d25cf15e-31f6-1ba1-3660-57d3836a60e3,1971-04-29,,999-13-2188,S99913122,X45384464X,Mrs.,Johana303,May125,Kohler843,,Franecki195,M,asian,nonhispanic,F,Los Angeles  California  US,474 Hintz Loaf Unit 47,South Pasadena,California,Los Angeles County,6037,91030,34.13359918970497,-118.18008322791638,422171.38,1006547.68,134427
a23ce6c8-e59f-e00a-37e8-d41ee2b94ea2,1991-02-12,,999-23-5358,S99947325,X77753950X,Mr.,Seth414,Aaron697,Berge125,,,D,asian,nonhispanic,M,Beijing  Beijing Municipality  CN,500 Lakin Tunnel Unit 63,Palo Alto,California,Santa Clara County,6085,94043,37.41885398117855,-122.118611795857,84930.62,32433.69,146816
aa8b9329-7592-fa52-df8f-35f1c2dac9c1,1957-03-12,1979-02-26,999-80-1759,S99980742,X52140516X,Mr.,Rey54,Daryl568,Crona259,,,,white,nonhispanic,M,Hermosa Beach  California  US,824 Batz Park Suite 96,San Francisco,California,San Francisco County,6075,94102,37.76470609255508,-122.41877018468864,72148.09,100625.26,103217
6b79ad04-b514-b9ed-215d-ac45bf07e605,1998-08-26,,999-67-8711,S99962843,X78315622X,Mr.,Bryon392,Conrad619,Harber290,,,,white,hispanic,M,Chino  California  US,487 Ebert Glen,Santa Ana,California,Orange County,6059,92866,33.75363088165801,-117.7910633437319,5328.93,130411.75,17876
f294eeab-c7ed-be43-fe27-cfa7f610c4da,2012-06-26,,999-79-6644,,,,Luis923,,Tamayo777,,,,white,hispanic,M,Santo Domingo  National District  DO,544 Flatley Camp,Los Angeles,California,Los Angeles County,6037,91401,33.83628672333221,-118.33145068821754,2650.00,32256.85,795
84cdfc32-961b-eb91-14bc-54ea29576ba9,1968-04-24,,999-90-4414,S99999029,X34456069X,Mr.,Marvin195,Jorge203,Murazik203,,,M,asian,nonhispanic,M,Yuba City  California  US,352 Green Station,San Jose,California,Santa Clara County,6085,95035,37.341926605666,-121.79885705714788,148543.09,238653.11,50724
fdc3c020-3d87-ffbf-7ba9-fa69cfe2ac4d,1947-12-12,,999-89-5710,S99934297,X69525740X,Mrs.,María Elena653,Emilia403,Hernandes724,,Arce139,M,white,hispanic,F,Santo Domingo  National District  DO,924 Wisozk Rue Suite 0,Oakland,California,Alameda County,6001,94608,37.777476625694185,-122.29426008603629,1410277.46,957202.25,116926
807ebb24-3189-2060-2c86-dd42cf533820,1930-12-02,1986-11-17,999-51-6114,S99996037,X54569947X,Mrs.,Corrine68,Windy313,Flatley871,,Collier206,M,white,hispanic,F,Spring Valley  California  US,844 Ferry Manor,Los Angeles,California,Los Angeles County,6037,90024,34.08593517643753,-118.38024037829767,745448.82,561168.64,47172
61f8cda7-6872-f825-dfcf-3e9e6a6b5681,1992-09-18,,999-75-5974,S99948696,X54676204X,Ms.,Mei233,Anna632,Hoppe518,,,S,white,nonhispanic,F,Stockton  California  US,378 Kunde Rapid,Fresno,California,Fresno County,6019,93720,36.601233964223475,-119.71013520001837,669353.60,23118.50,103861
dfce88df-79a1-7090-f57f-f554f7c4f9c2,1986-12-08,,999-85-8252,S99922903,X74307751X,Mrs.,Dian810,Colleen54,Nader710,,Powlowski563,M,white,nonhispanic,F,Rancho Cucamonga  California  US,714 Murazik Corner Suite 94,Fallbrook,California,San Diego County,6073,92028,33.36915256372239,-117.18987955402586,207877.96,541765.71,111550
472ba16d-84ea-3d22-18ce-b0a00f8b98aa,1984-04-26,,999-43-4617,S99996419,X33843621X,Mr.,Antonio44,Booker670,Klein929,,,S,white,nonhispanic,M,Arcadia  California  US,706 Robel Tunnel Suite 49,Chula Vista,California,San Diego County,6073,91902,32.64332414644231,-116.93223175781004,180900.02,872410.03,147601
c8581353-4b6c-a6e7-f0d5-53a2721eaa0f,2021-01-27,,999-44-7198,,,,Beatrice15,,Mraz590,,,,white,nonhispanic,F,Los Angeles  California  US,753 Schneider Haven,Madera,California,Madera County,6039,93637,36.88071579994354,-120.14452630566156,7065.62,5197.42,199643
5ff71e2b-809b-68bf-de2d-900aa3cdf0bf,2004-12-12,,999-41-1826,S99949948,X12288549X,Mr.,Martín25,Pedro316,Villagómez416,,,,white,hispanic,M,Portsmouth  Saint John Parish  DM,571 Murphy Divide Suite 10,Newman,California,Stanislaus County,6099,95360,37.29075026746693,-121.21274220206799,61484.23,5830.55,76727
a400bf51-6de5-4f2c-0ab1-cdc7093ce679,1989-02-06,,999-92-6298,S99969862,X38307714X,Mrs.,Ariane992,Alexandria361,Walter473,,Fisher429,M,white,hispanic,F,Carlsbad  California  US,292 Koch Vale Apt 15,San Rafael,California,Marin County,6041,94901,38.008115411688486,-122.47281112304637,108171.69,56002.88,70277
55bceaf8-ef36-2d6f-143b-130b3344b225,2016-05-28,,999-25-2106,,,,Coralie787,Evelyn437,Friesen796,,,,white,nonhispanic,F,Delano  California  US,429 Grady Plaza,Oildale,California,Kern County,,00000,35.43474661182365,-119.07046613718094,37242.18,0.00,61951
4db84e7c-8c2a-3558-5168-7968e847b924,1952-08-05,2013-09-22,999-47-1144,S99995404,X44677716X,Mr.,Nathaniel596,Joey457,Fay398,,,S,white,nonhispanic,M,Los Angeles  California  US,246 Rau Trail Suite 93,Richmond,California,Contra Costa County,6013,94564,38.00790687065905,-122.31831131483486,12536.23,326095.68,13695
5e8c1e5a-5fc4-5e41-4711-0988ee0a41f1,2009-01-27,,999-48-4597,S99984640,,,Harold594,Kimiko714,Goyette777,,,,white,nonhispanic,F,Upper Lake  California  US,942 Sawayn Mill Apt 92,Stockton,California,San Joaquin County,6077,95203,38.008516150675895,-121.30353375709014,3163.45,67639.52,14630
d3991980-1506-6e6e-3d56-262a82fc88f1,2021-08-06,,999-49-1683,,,,Ambrose149,Isaiah615,West559,,,,native,nonhispanic,M,Truckee  California  US,830 Wehner Grove,McKinleyville,California,Humboldt County,6023,95519,40.83406803675675,-124.02007841748069,682.02,21641.39,32569
13fef244-79fb-3b37-d0b5-d3c1fda004fd,1990-10-29,,999-98-7269,S99964296,X56490865X,Mr.,Marcos263,Germán350,Briones478,,,M,white,hispanic,M,Santiago de los Caballeros  Santiago  DO,560 Lemke Mission Suite 32,Seaside,California,Monterey County,6053,93940,36.58949715412961,-121.79287710811036,8048.12,156261.32,10249
94fe209f-e660-141c-d8b1-977a5a00a291,1930-12-02,1959-10-18,999-67-7320,S99944965,X79554040X,Mrs.,Yelena240,Yetta429,Kessler503,,Auer97,M,white,hispanic,F,San Francisco  California  US,300 Renner Skyway,Los Angeles,California,Los Angeles County,6037,90018,34.08598666188003,-118.17325598134964,156561.76,475779.11,47172
16f437a1-9833-134f-d630-3356262c215c,1972-12-04,,999-52-6975,S99991868,X83290738X,Mrs.,Evangelina20,Delores12,Bayer639,,Thiel172,M,asian,nonhispanic,F,Roseville  California  US,738 Swaniawski Viaduct Suite 76,Ontario,California,San Bernardino County,6071,91710,34.08308473113901,-117.64330269215137,1043724.45,222412.67,111619
55210b31-2b39-65e3-ebde-08a585b3e9b4,1995-10-16,,999-73-5782,S99923905,X80588883X,Mr.,Sean831,Matt836,Dibbert990,,,M,white,hispanic,M,Los Angeles  California  US,755 Rogahn Trace,Stockton,California,San Joaquin County,6077,95203,38.01784320169883,-121.37782493069417,119823.19,9716.57,80315
6613b143-6643-bbc0-a8a2-f8f7f6adb568,1957-03-12,,999-15-1280,S99969073,X12800820X,Mr.,Karl184,Terrance440,Huel628,,,M,white,nonhispanic,M,Coronado  California  US,737 Berge Landing,San Francisco,California,San Francisco County,6075,94127,37.72382728622477,-122.37007286119012,263880.49,143457.92,103217
bcbb6dd0-f2df-3aeb-8954-c90989c4b04c,1986-11-20,,999-37-4974,S99915339,X82802245X,Mr.,José Luis472,Emilio417,Menchaca276,,,M,white,hispanic,M,Wesley  Saint Andrew Parish  DM,849 Dooley Grove Suite 33,Tulare,California,Tulare County,6107,93274,36.1960334718022,-119.32732809905919,8693.04,155105.41,12698
1c6f1f68-6813-1de0-7d2e-5cd713716c1c,2004-06-24,,999-43-6229,S99935726,X79661530X,Ms.,Deandra603,Micheline936,Heidenreich818,,,,white,nonhispanic,F,Palmdale  California  US,921 Wyman Rest Suite 77,Thousand Oaks,California,Ventura County,6111,91361,34.23457154353917,-118.87406852889998,65977.68,25027.71,684873
91a46c84-937e-13ea-b5f1-4aab93b60809,1978-06-26,,999-11-4776,S99971816,X13805023X,Mr.,Adolph80,Dominic463,Lindgren255,,,M,asian,hispanic,M,Chula Vista  California  US,247 Yost Walk,Lathrop,California,San Joaquin County,6077,95231,37.67356591912,-121.39860932372844,219527.45,0.00,59832
018f68fe-45b6-8b28-90a7-e71371ecbe11,1988-03-03,,999-54-6152,S99913834,X17969749X,Mrs.,Beatriz277,Vertie683,Borer986,,Kessler503,M,native,nonhispanic,F,Norwalk  California  US,473 Ziemann Key Unit 49,Costa Mesa,California,Orange County,6059,92627,33.62306837465189,-117.87337041423454,1196241.32,1114354.50,39644
1f7929f3-5682-bb38-9709-05df5534556f,1969-10-28,,999-99-2421,S99997876,X27752167X,Mrs.,Marisol435,Sara501,Monroy712,,Griego535,M,white,hispanic,F,San Salvador  El Salvador  SV,526 Gutkowski Crossing,Moreno Valley,California,Riverside County,6065,92507,34.0027086424949,-117.33367629376085,1231048.42,1161842.38,75186
58d6ae2a-0fcf-c0e5-7a3b-9f2b38e14eab,1957-12-11,,999-31-7972,S99913787,X16707227X,Mrs.,Rosalia943,Lourdes258,Leyva523,,Santillán790,M,white,hispanic,F,Portsmouth  Saint John Parish  DM,588 Upton Brook Apt 34,Windsor,California,Sonoma County,6097,95403,38.49732956032285,-122.94704810311184,327975.39,842715.41,97073
cf5b1a4f-09dd-9954-1737-30beaa5f3e32,2017-12-23,,999-58-7261,,,,Murray856,Mac103,Harris789,,,,black,nonhispanic,M,Los Angeles  California  US,573 McDermott Lock,Morgan Hill,California,Santa Clara County,6085,95046,37.060165291239464,-121.5585612128603,25563.51,23126.51,56963
a8af9817-fc26-4f4f-dbdf-1f7c00994b88,1922-10-18,2006-09-26,999-33-5108,S99987723,X6960088X,Mr.,Gustavo235,Darrick836,Beer512,,,M,white,nonhispanic,M,San Francisco  California  US,571 Rogahn Camp,San Diego,California,San Diego County,6073,92115,32.73573929206825,-117.10716223352853,104128.07,1390972.20,82934
bc0ebbd4-2f57-4bca-bd98-819a6c35d06e,1995-07-30,,999-33-3685,S99940811,X33682562X,Mr.,Milan77,Will178,Wiegand701,,,S,hawaiian,hispanic,M,Los Angeles  California  US,705 Cormier Mission,Escondido,California,San Diego County,6073,92027,33.18239981953594,-117.14227282405946,73272.17,33113.61,68177
9066b051-b5bd-f99a-f744-d021fe6b046a,1952-08-05,,999-93-3328,S99947434,X82236124X,Mr.,Tyrone215,Wallace647,Rutherford999,,,S,white,nonhispanic,M,Lincoln  California  US,764 Fahey Wall,Richmond,California,Contra Costa County,6013,94530,37.97033519746568,-122.33085112159465,18352.49,1139041.37,13695
def874d5-f5fd-e83c-24c8-73e61cde7d80,1999-08-18,,999-44-6674,S99916585,X32113493X,Mr.,Dominick530,Sang383,Murphy561,,,,asian,nonhispanic,M,San Bernardino  California  US,536 Ryan Arcade,Berkeley,California,Alameda County,6001,94702,37.868471043623714,-122.23717965062424,22059.15,53910.72,42013
ecb72921-493d-b9c5-f571-46322544636e,1959-11-13,1962-09-30,999-83-7315,,,,Salena230,Paris331,Metz686,,,,white,nonhispanic,F,Fresno  California  US,911 Raynor Meadow Apt 0,Sacramento,California,Sacramento County,6067,95825,38.40626694825389,-121.48250145333257,4262.29,28666.10,37745
c7a8c907-b877-b1e1-6f50-0cdbb4152b60,1971-12-03,,999-75-3314,S99974167,X59481683X,Mr.,Boyce638,Thomas756,Schneider199,,,S,black,nonhispanic,M,Inglewood  California  US,249 Barton Parade Unit 48,Oakland,California,Alameda County,6001,94704,37.7641083388923,-122.16822013553944,164569.20,55238.41,47211
3bf6dbce-4b77-8de1-d091-175b3f2b9aa4,1958-04-29,,999-22-2403,S99959747,X50362798X,Mrs.,Laura391,Mónica985,Casillas702,,Monroy712,M,white,hispanic,F,Caguas  Puerto Rico  PR,947 Conn Junction Suite 47,Arcadia,California,Los Angeles County,6037,91732,34.113469416537384,-117.9902373597711,361355.27,508289.39,28149
9f4cc4d8-8fcd-f17b-07b2-8e9888c8d0ca,1961-02-15,,999-72-6971,S99983395,X57106217X,Ms.,Dolores502,Sparkle906,Considine820,MD,,S,white,hispanic,F,Livingston  California  US,645 Bednar Glen Apt 2,Hayward,California,Alameda County,6001,94580,37.6679721091151,-122.07917612222987,269638.86,1399544.69,29905
63110eca-f3cc-4aba-f1b9-1201561a909a,1993-03-05,,999-55-6757,S99926067,X82935229X,Ms.,Gwyneth692,Onita767,Zboncak558,,,S,asian,nonhispanic,F,Roseville  California  US,698 Reinger Promenade,Oakland,California,Alameda County,6001,94609,37.7976573738686,-122.2187480650468,101734.41,695812.99,43066
6c60e785-dcf9-389d-def1-fd21adcef9b5,1991-04-20,,999-18-4025,S99985104,X24321859X,Mrs.,Vanda440,Catarina933,Huels583,,Hagenes547,M,white,nonhispanic,F,Hemet  California  US,909 Rau Avenue,San Francisco,California,San Francisco County,6075,94132,37.74313317651142,-122.40442589872312,215893.47,132766.54,70602
aa543424-875f-a0cd-513a-2918683dd195,1930-12-02,,999-78-6830,S99972666,X21514059X,Mrs.,Penni796,Reatha769,Hayes766,,Wolf938,M,white,hispanic,F,Los Angeles  California  US,787 McClure Lock Suite 78,Los Angeles,California,Los Angeles County,6037,91316,34.087791714051235,-118.30317709109312,914713.01,788612.46,47172
ab0d8aed-3863-dc51-a9e6-e8aac359e7bd,2001-01-22,,999-23-5313,S99948592,X9509683X,Mr.,Eduardo902,Alejandro916,Lomeli256,,,,white,hispanic,M,San Salvador  El Salvador  SV,460 Schmitt Skyway,Hanford,California,Kings County,6031,93230,36.29030347973486,-119.62799231554148,54884.47,4210.12,94679
1f923fac-73d9-2bfd-4be8-644bdd81dfb4,1989-04-07,,999-80-2149,S99993848,X66354456X,Mr.,Teodoro374,,Colón139,,,M,black,hispanic,M,San Juan  Puerto Rico  PR,921 Fisher Boulevard,Los Angeles,California,Los Angeles County,6037,91316,34.00866029102565,-118.35583667502837,14843.77,341541.25,3798
38e0484b-07dd-337d-f4ae-d0c78ba1b509,1989-07-05,,999-49-9950,S99991849,X53230540X,Mrs.,Aimee901,Kenda873,Kozey370,,Dare640,M,white,nonhispanic,F,Palo Alto  California  US,731 Howell Ramp Suite 57,Lompoc,California,Santa Barbara County,6083,93436,34.5786036833464,-120.35450314521862,218010.12,439194.41,115111
37fff1df-8720-53b8-4547-9ea48feb6c66,1929-05-27,2007-01-31,999-43-2206,S99924680,X20836419X,Mr.,Javier97,Jacobo456,Bonilla161,,,S,white,hispanic,M,Santiago  Santiago Province  CL,885 Ratke Grove,Black Point-Green Point,California,Marin County,,00000,38.15356808572968,-122.53351968710449,175663.77,1707210.05,73087
1ba45a51-5a7c-4843-413a-32c3127aa129,1972-07-12,,999-67-8014,S99971881,X69403836X,Ms.,Felicitas300,Brigida296,Feeney44,,,S,white,nonhispanic,F,San Marino  California  US,448 Homenick Ramp Suite 47,Vista,California,San Diego County,6073,92084,33.203323371072585,-117.25492271392831,935906.01,1079907.43,94750
9e7a33eb-733d-7bd9-5488-30e440c2fe84,1969-12-13,,999-17-1412,S99947113,X75891279X,Mrs.,Garnett735,Norah104,Cummings51,,Wilkinson796,M,native,nonhispanic,F,Santa Ana  California  US,172 Fritsch Ranch,Santa Clarita,California,Los Angeles County,6037,91350,34.390506161979694,-118.44488278767147,354433.66,160459.47,68065
ff96e30a-f133-35ab-7723-785e738f331b,1945-04-01,2012-10-06,999-55-1985,S99974514,X33559020X,Mrs.,Laci507,Betsy439,Hermiston71,,Bradtke547,W,white,nonhispanic,F,Fairbanks Ranch  California  US,685 Brown Throughway,Fremont,California,Alameda County,6001,94539,37.470878896448355,-122.00609130270287,66561.40,805868.69,29835
304308bd-0ea6-e93e-c52a-ee0ade8d16ab,2021-03-23,,999-33-5598,,,,Colby655,Corinne382,Waters156,,,,white,nonhispanic,F,Vista  California  US,164 Lemke Flat,San Rafael,California,Marin County,6041,94964,37.89647496536954,-122.47020151022602,650.00,16743.89,13757
9f399c1f-76ed-7af1-7a85-f0bb24176390,1972-01-31,,999-99-8884,S99955812,X15052804X,Mr.,Richard937,,Gislason620,,,M,white,nonhispanic,M,Martinez  California  US,693 Price Viaduct Suite 74,Bakersfield,California,Kern County,6029,93314,35.34723475818369,-118.97595122865428,10835.10,168240.22,3241
58cd3748-f9b8-0293-a8e9-15cd9ffab2c1,2004-09-18,,999-50-6456,S99951188,X7911263X,Ms.,Luz785,,Centeno914,,,,white,hispanic,F,Buenos Aires  Ciudad de Buenos Aires  AR,1058 Wehner Trailer,Calexico,California,Imperial County,6025,92231,32.727359388906514,-115.48830259693752,5241.46,108676.60,9695
27a41538-c143-d57e-1775-7645cb544813,1976-11-03,,999-99-7868,S99957800,X6629268X,Mr.,Burt293,,Conroy74,,,M,white,nonhispanic,M,Los Angeles  California  US,203 Schuppe Ville,Walnut Park,California,Los Angeles County,6037,90255,34.02826331836612,-118.17475886713679,98504.89,86167.56,159123
753b90d0-c4e2-d4b8-1218-f31147cac67f,1959-11-13,,999-42-6314,S99962493,X73016949X,Mrs.,Cheryle584,,Crooks415,,Dach178,M,white,nonhispanic,F,Del Aire  California  US,113 Schroeder Route,Sacramento,California,Sacramento County,6067,95824,38.69461833204916,-121.4555221479528,1466256.24,908061.08,37745
e40c633f-cf42-c663-0001-cc9cdcec7952,2009-04-18,,999-37-3532,S99985898,,,Armandina361,,Zulauf375,,,,white,hispanic,F,Laguna Beach  California  US,231 Runolfsdottir Ramp,Davis,California,Yolo County,6113,95776,38.743081624356286,-121.66107770345145,76484.75,820758.66,171484
b32e79af-db8e-847a-446c-b801fab8fe72,2022-11-04,,999-49-1604,,,,Ezequiel972,Patrick786,Stracke611,,,,white,nonhispanic,M,Walnut Creek  California  US,618 Goldner Tunnel,Bakersfield,California,Kern County,6029,93311,35.23317296624668,-118.94410839845938,8259.58,0.00,61492
a425822c-876d-249e-ce48-0d76d58ee746,1997-05-16,,999-72-1235,S99917519,X9633829X,Mr.,Donny470,Galen747,Cummings51,,,M,other,nonhispanic,M,Fullerton  California  US,203 Schultz Crossroad,Menifee,California,Riverside County,6065,92587,33.83492970334397,-117.32225176869564,6694.35,120709.04,16621
1602015f-3ede-764d-f429-9833fb740faa,1971-02-07,,999-77-4955,S99999792,X47644101X,Mr.,Leonard963,Ned189,Jerde200,,,D,white,nonhispanic,M,Sacramento  California  US,425 Rohan Trail,Fullerton,California,Orange County,6059,90631,33.841240552956265,-118.00766125164324,425099.87,255991.42,120164
cd97a073-86a1-e7ee-9432-c0d69335fe82,2014-05-05,,999-42-8977,,,,Olympia319,Lorine399,Kassulke119,,,,white,nonhispanic,F,Rancho Santa Margarita  California  US,766 Kozey Flat,San Diego,California,San Diego County,6073,92027,33.07278728177581,-117.0890639745185,31694.31,0.00,63368
1435748c-553d-c757-b763-f8c523192c99,1979-04-10,,999-51-6225,S99958765,X61522368X,Mrs.,Julia241,Ester635,Ruiz676,,Granado100,M,white,hispanic,F,Salisbury  Saint Joseph Parish  DM,271 Bode Station,Pacific Grove,California,Monterey County,6053,93953,36.61053929848213,-121.94617111553131,186194.06,1202856.93,25697
592271f1-4002-307b-5dd6-cda4043fa85b,2011-04-20,,999-26-1379,,,,Andrés117,Jerónimo599,Almaraz628,,,,black,hispanic,M,Puebla  Puebla  MX,289 Konopelski Highlands,Orinda,California,Contra Costa County,6013,94563,37.83470808978106,-122.15065479610543,44501.45,2011.94,363959
894be0f8-2e56-4fdc-ce77-906367d21e35,2004-09-25,,999-31-1335,S99931798,X54044461X,Ms.,Tomoko463,,Rice937,,,,white,nonhispanic,F,Nice  Provence-Alpes-Cote d'Azur  FR,1067 Marvin Flat Apt 92,Cloverdale,California,Sonoma County,6097,95425,38.82119015130369,-123.08445019561655,90585.86,0.00,49009
c9157236-e2ee-3cc6-8310-2eed05099581,1975-03-16,,999-46-7681,S99913958,X16405821X,Mrs.,Cordelia715,Katia630,Stark857,,Hessel84,M,asian,nonhispanic,F,Macau  Macao Special Administrative Region of the People's Republic of China  CN,681 Quigley Dam Unit 1,Santa Ana,California,Orange County,6059,92614,33.75144978568517,-117.88965390039883,269004.29,664884.64,121483
a8aad71c-76ac-a98b-b492-2767df20c96c,2020-04-07,,999-57-1585,,,,Trevor374,Chris95,Durgan499,,,,white,nonhispanic,M,Los Angeles  California  US,500 Ryan View,Magalia,California,Butte County,6007,95954,39.879851789678426,-121.59388043303338,23634.12,545.23,135351
15020891-5047-519c-b1c0-707192d352ec,1995-02-27,,999-21-1844,S99936667,X24668963X,Mrs.,Victoria535,Conchita9,Guevara385,,Montoya249,M,hawaiian,hispanic,F,Santo Domingo  National District  DO,331 Connelly Passage,South Pasadena,California,Los Angeles County,6037,90042,34.08151223241884,-118.19878700011535,178464.27,396430.85,85951
d3363fee-c2a4-d69a-cf17-e15107cf5984,1981-08-22,,999-72-9303,S99966072,X17185699X,Mrs.,Ricarda574,Jaqueline846,Langosh790,,Wisoky380,M,white,nonhispanic,F,Los Angeles  California  US,274 Wolf Harbor Apt 49,Solana Beach,California,San Diego County,6073,92014,33.01107359005686,-117.27190698289803,608292.62,383102.60,105637
2490416c-18f5-8143-c12c-ac3e8d2bbaa4,1922-10-18,1989-10-25,999-11-1984,S99984259,X30201606X,Mr.,Valentin929,Luis923,Hilpert278,,,M,white,nonhispanic,M,Los Angeles  California  US,1005 Schulist Corner Apt 81,San Diego,California,San Diego County,6073,91950,32.97346618196282,-117.20684627190973,321848.87,89630.62,82934
b246261a-999a-878a-0f6b-ae0149f0599f,2000-10-08,,999-14-6174,S99988704,X63716358X,Mr.,Noe500,Felix524,Nader710,,,,white,hispanic,M,East Porterville  California  US,245 Altenwerth Landing,Sacramento,California,Sacramento County,6067,95835,38.65411369683096,-121.45984935947705,47391.53,26602.81,102879
b4a620df-88c6-aa29-29fd-14d9bbfbf4d2,1993-03-15,,999-73-4412,S99919816,X46737273X,Mr.,Brooks264,Edwin773,Farrell962,,,M,black,nonhispanic,M,Lancaster  California  US,1078 O'Keefe Promenade,Oakland,California,Alameda County,6001,94618,37.83422280686114,-122.19935075621541,72579.59,47125.14,86623
fc17f706-3f2e-5507-5445-bb8aec6a611d,1987-10-14,,999-73-6838,S99994079,X1580044X,Ms.,Tiffiny991,Florencia449,Denesik803,,,S,white,nonhispanic,F,Santa Clara  California  US,1098 Halvorson Row Suite 11,Millbrae,California,San Mateo County,6081,94010,37.524785497674884,-122.38762290896757,770975.27,197473.50,91025
5d66889f-8021-47c5-dc50-e3000a1adf57,1997-08-27,,999-30-8948,S99914971,X12871978X,Mr.,Numbers230,Sung603,Morissette863,,,M,white,nonhispanic,M,Antelope  California  US,133 Walter Route,Santa Ana,California,Orange County,6059,92703,33.768969555734316,-117.9210835974469,80164.04,334313.61,29613
5a3c553e-635a-8833-3d00-d17086b7c80a,1945-04-01,,999-32-1238,S99954478,X49465427X,Mrs.,Caitlyn56,Gianna370,Mann644,,Braun514,M,white,nonhispanic,F,Redding  California  US,906 Yundt Gateway Apt 59,Fremont,California,Alameda County,6001,94538,37.53551640227891,-121.98380947287342,202009.03,1043054.36,29835
b2a662fc-4b88-d051-3722-d04a124f8b41,1966-03-14,,999-70-5660,S99963271,X21319600X,Mrs.,Starla601,,Rodriguez71,,Gislason620,M,black,nonhispanic,F,Fresno  California  US,518 Considine Union Suite 22,Marina del Rey,California,Los Angeles County,6037,90292,33.98482716165555,-118.41449485761741,379207.30,1078587.47,163504
72e60037-0bdb-70be-327c-2bb67c82aa3a,1972-01-24,,999-37-7955,S99912030,X24851897X,Mr.,Timmy68,Dewitt635,Nikolaus26,,,M,white,hispanic,M,Elk Grove  California  US,504 Aufderhar Gateway Suite 61,Jurupa Valley,California,Riverside County,6065,92509,34.00439839769421,-117.45902447743424,282271.22,249947.01,99057
09f2dbdf-1fdf-dbc6-40ce-fc90668f0c34,2008-01-11,,999-63-6255,S99922895,,Ms.,Katheleen349,Nana422,Hickle134,,,,white,nonhispanic,F,San Francisco  California  US,848 Schumm Promenade Apt 18,Los Angeles,California,Los Angeles County,6037,91040,34.329484037088015,-118.25576321311065,72711.97,0.00,55852
4c38129d-4b64-5610-604e-98acbb312bca,1977-09-06,,999-32-8842,S99992995,X51124429X,Ms.,Willodean275,Geraldine667,Fadel536,,,S,white,nonhispanic,F,Aliso Viejo  California  US,513 Heathcote Fort,San Jose,California,Santa Clara County,6085,95035,37.1752363058644,-121.70444260888564,136034.63,18280.60,846588
2634ab1c-892d-7c6d-8218-255590005311,1993-02-25,,999-83-6688,S99935098,X36326770X,Mr.,César846,,Gracia333,,,M,white,hispanic,M,Bogota  Bogota  CO,921 Schroeder Mission,Tracy,California,San Joaquin County,6077,95376,37.68207524526361,-121.41332747225506,89541.39,19551.65,166066
8c99f19c-7ddf-42bf-4efe-ab81d923ba9f,1994-02-01,,999-32-2900,S99995723,X18944089X,Mr.,Horace32,Coy949,Kuphal363,,,M,black,nonhispanic,M,San Diego  California  US,467 Ziemann Walk,Lynwood,California,Los Angeles County,6037,90059,33.87570268850298,-118.22508934346381,19629.80,1183540.81,10942
ff6ea390-ceee-d409-c10e-0c85b5ca491f,1974-02-19,,999-20-2856,S99917478,X35366177X,Ms.,Minerva230,,Grant908,,,S,white,nonhispanic,F,Clearlake Oaks  California  US,812 Hessel Rest Unit 3,Rohnert Park,California,Sonoma County,6097,94931,38.353683617465336,-122.69563679248749,481849.75,1289881.99,154194
5f2e94dc-e779-38e7-753a-170348bc3292,1956-04-16,,999-51-2616,S99998926,X37153356X,Mrs.,Genna99,Tomika243,Ryan260,,Schroeder447,D,asian,nonhispanic,F,Beijing  Beijing Municipality  CN,754 Kub Tunnel Suite 47,Los Angeles,California,Los Angeles County,6037,91364,33.805719286130106,-118.33846575243156,16242.93,1116248.58,14051
da663a63-59aa-a342-9acf-fb91067df0d4,1988-10-27,,999-38-9882,S99920293,X87073158X,Mrs.,Maryjane289,,Trantow673,,Brown30,M,hawaiian,hispanic,F,Los Angeles  California  US,590 Blanda Dale Suite 15,Los Angeles,California,Los Angeles County,6037,90272,34.09020907439894,-118.27159904631442,11321.27,417449.76,3191
97910801-bc32-3667-6cd5-4b050c5331c0,1987-11-06,,999-51-4275,S99913846,X56418849X,Mrs.,Kitty323,Lovella383,Monahan736,,Gislason620,M,white,nonhispanic,F,Palo Alto  California  US,938 Kuvalis Extension Apt 30,Sacramento,California,Sacramento County,6067,95811,38.45545776654562,-121.32052922366678,266450.44,821259.52,94504
f077793a-68ca-6c4a-90bb-5ba0136b780a,1929-05-27,,999-77-3867,S99932218,X12897838X,Mr.,Cristian531,Martín25,Irizarry542,,,M,white,hispanic,M,Santiago de los Caballeros  Santiago  DO,245 Trantow Gateway Apt 74,Black Point-Green Point,California,Marin County,,00000,38.078195628570896,-122.54597459211507,85056.37,660842.15,73087
31e2a600-08db-371a-9dd5-d003af86beca,1951-11-20,,999-62-1603,S99984824,X86614259X,Mr.,Jacob959,Jospeh459,McGlynn426,,,D,white,nonhispanic,M,Los Angeles  California  US,269 Kertzmann Passage Unit 0,Los Angeles,California,Los Angeles County,6037,90058,34.09825755591319,-118.24129681869783,202097.05,196305.10,124425
3d0aa654-0078-9877-c8a3-6e77bd3d1074,1960-01-30,,999-11-9566,S99983613,X52104372X,Mr.,Nicholas495,Brain142,Jast432,,,M,white,hispanic,M,Los Angeles  California  US,1001 Kuhic Key Apt 51,Fresno,California,Fresno County,6019,93711,36.81297570816731,-119.77519311298339,281640.04,355155.77,145277
579fbb1a-e352-de8f-98d7-0588e1bacaf3,1978-11-05,,999-17-6367,S99967506,X47806995X,Mr.,Marcellus830,Teddy976,Walsh511,,,D,white,nonhispanic,M,Chico  California  US,702 Hoppe Corner,Santa Ana,California,Orange County,6059,92866,33.67364224503212,-117.85231672780598,132365.76,0.00,69331
b66143f9-5148-16ff-3a7f-7fb768899bdb,1980-02-23,,999-43-3970,S99958931,X87565299X,Mr.,Felipe97,Otis335,Veum823,,,M,white,nonhispanic,M,Sacramento  California  US,941 Treutel Parade,Brookdale,California,Santa Cruz County,6087,95007,37.101311976076964,-122.06853098129947,10354.08,983269.71,11851
5b8dc1df-ce49-a2d7-205e-2aa8f39aba0c,2013-11-16,,999-78-8083,,,,Robin66,William805,Toy286,,,,white,nonhispanic,M,Santa Maria  California  US,767 Welch Landing,Compton,California,Los Angeles County,6037,90221,33.944237780784796,-118.28563425637346,25224.06,31953.64,59638
058f022a-a9e8-7f5e-6780-c99e3131b965,1986-02-23,,999-62-5054,S99932882,X66036092X,Mrs.,Malia984,Norene941,Wehner319,,McGlynn426,M,white,nonhispanic,F,Holtville  California  US,695 Kutch Harbor Apt 31,Highland,California,San Bernardino County,6071,92359,34.2069672375572,-117.29986812168939,128999.60,714947.29,25090
516b7d32-7c4e-c649-4ceb-8f8225084ce8,2012-03-10,,999-13-2252,,,,José Emilio366,Sancho742,Sosa986,,,,white,hispanic,M,San Salvador  El Salvador  SV,924 Paucek Neck,Carson,California,Los Angeles County,6037,90248,33.858144270563905,-118.20517044552153,23050.82,13231.33,62813
5539dad9-1255-028a-8f26-4cbc9dea5dfb,1922-10-18,1997-10-08,999-32-8454,S99928399,X28434854X,Mr.,Bryce11,Chester802,Parisian75,,,M,white,nonhispanic,M,Waterford  California  US,229 Bashirian Trafficway,San Diego,California,San Diego County,6073,92123,32.893290551938286,-117.06762208646902,435781.75,923203.03,82934
fba060b7-2234-0fd9-39a8-b31884c4aca9,2015-12-17,,999-38-7085,,,,Elena945,Carolina179,Ceja441,,,,white,hispanic,F,Lima  Lima Province  PE,300 Kub Ranch,Bakersfield,California,Kern County,6029,93203,35.34849108330631,-118.97894174734846,2039.23,29004.13,13852
1a754327-9bc3-7158-ed26-ddca635e1e71,1977-05-29,,999-63-7332,S99998357,X36137181X,Mrs.,Arianna984,Shalon513,Borer986,,Steuber698,D,white,nonhispanic,F,Marina del Rey  California  US,528 O'Hara Forge,Milpitas,California,Santa Clara County,6085,95035,37.474908570147974,-121.83146288189366,648335.67,971063.53,100969
e268afe2-8cc3-5b53-c6ab-c1ba3e7c0458,2001-12-27,,999-19-8931,S99972342,X81045671X,Mr.,Cedrick207,Modesto621,Bayer639,,,,asian,nonhispanic,M,Beijing  Beijing Municipality  CN,374 Ondricka Stravenue Apt 19,Sunnyvale,California,Santa Clara County,6085,94086,37.34934411362835,-121.99086798551785,20287.04,994440.28,32416
49c08124-b1f1-54a0-66f7-f0717e05e4b0,1990-11-17,,999-18-9538,S99994528,X10852017X,Mrs.,Rene434,Marketta481,Corkery305,,Kiehn525,M,white,nonhispanic,F,Pasadena  California  US,215 Douglas Forge Unit 75,Chula Vista,California,San Diego County,6073,92154,32.59815657282056,-117.01831969108443,148832.32,305489.71,56685
320b2545-99bc-12f7-2f30-a4b1971e28ce,1975-06-28,,999-92-2277,S99962580,X10526448X,Mrs.,Camellia58,,Haag279,,Hintz995,M,asian,nonhispanic,F,Westminster  California  US,1009 Osinski Union Suite 27,Palo Alto,California,Santa Clara County,6085,95033,37.31217164464569,-122.10806497799845,244142.01,794781.16,177733
3a4c7cb0-8d46-5af8-e1ea-689625e51f61,1943-11-09,2010-06-17,999-47-5158,S99947305,X2434126X,Mr.,Miguel815,Christopher407,Keebler762,,,M,white,nonhispanic,M,Long Beach  California  US,142 Dach Way,San Diego,California,San Diego County,6073,92123,32.746002280221326,-117.06033433903536,341770.78,1786882.56,52467
c523f096-d512-c380-7bbb-3f01d4037830,2017-02-28,,999-15-8238,,,,Barrett790,Benjamin360,Lang846,,,,white,nonhispanic,M,Concord  California  US,969 Stroman Estate,Anaheim,California,Orange County,6059,90621,33.82174716640203,-117.90098333149257,19015.36,8200.91,77619
ba44f83d-dda2-7fc9-466a-e2c068f584a3,1991-11-10,,999-29-8739,S99973904,X10427939X,Mrs.,Shirl54,Jeni110,Towne435,,Kihn564,M,white,nonhispanic,F,Fresno  California  US,409 Heidenreich Haven,Rohnert Park,California,Sonoma County,6097,94931,38.331035349039496,-122.66952643431304,172698.43,115531.18,60551
52dc59dd-5f99-ce70-2468-2db72982a03f,1999-12-27,,999-11-3186,S99974495,X70712978X,Ms.,Joellen497,,Lang846,,,,white,nonhispanic,F,Irvine  California  US,437 Jacobson Heights Suite 14,West Covina,California,Los Angeles County,6037,91789,34.07397706394781,-117.92090206294729,129573.18,90540.00,42084
6ac7784a-0382-3e1c-b66f-5e5f5d770cae,1990-05-18,,999-35-6469,S99940141,X39870956X,Ms.,Angeline97,Gene733,Weimann465,,,S,native,nonhispanic,F,Downey  California  US,610 Robel Rest Unit 67,Jurupa Valley,California,Riverside County,6065,92509,34.00605023465296,-117.4877370683921,11300.00,700840.65,20381
1ab98095-cdd8-8fff-5089-1defc184d4a1,2001-09-14,,999-45-4641,S99937914,X9417285X,Ms.,Meaghan273,Jaye603,Predovic534,,,,white,hispanic,F,Los Angeles  California  US,474 Thiel Green Unit 74,Lake Forest,California,Orange County,6059,92610,33.637737335072295,-117.71294739166451,143657.19,1067618.63,50264
f455fafc-d591-3780-fb2d-736e52aebb60,2008-07-13,,999-37-4938,S99911574,,,Versie644,Phebe144,Ledner144,,,,white,nonhispanic,F,Rosemead  California  US,472 Effertz Grove Apt 34,Citrus Heights,California,Sacramento County,6067,95628,38.705259519563135,-121.39484336813183,89956.41,0.00,54570
b0db72ff-de5a-6440-27f1-2591c410486e,1976-06-02,,999-62-7126,S99962438,X67324578X,Mrs.,Ashley34,Nella762,Schmeler639,JD,Beer512,M,white,nonhispanic,F,Fontana  California  US,299 McKenzie Ville,El Granada,California,San Mateo County,6081,94018,37.51738830853822,-122.43221993771859,778993.58,506875.84,48951
208658ed-42f1-36da-61d3-9ecd92df5534,1919-04-20,2006-09-05,999-12-2782,S99996681,X85551763X,Mr.,Jonah176,,Paucek755,,,M,white,nonhispanic,M,Fort Irwin  California  US,570 Harris Path,Irvine,California,Orange County,6059,92676,33.621220864719746,-117.86295492977398,218595.75,613480.32,182952
09fb9a4f-8cf5-f396-1c0f-87ae19fd5973,2005-06-16,,999-38-8941,S99967449,X17294837X,Ms.,Estela596,,Briseño329,,,,white,hispanic,F,Bayamon  Puerto Rico  PR,151 Hoeger Branch Suite 77,San Clemente,California,Orange County,6059,92624,33.429750524878244,-117.63019219647566,108073.31,288842.90,151081
517ff342-2b33-82ed-4500-bbd94235174d,2010-06-04,,999-84-6520,,,,Dalene805,Ronna740,Volkman526,,,,white,nonhispanic,F,Fremont  California  US,435 Shanahan Parade Unit 80,Sunnyvale,California,Santa Clara County,6085,94043,37.39830364400708,-122.04661186833542,3150.00,74456.60,27680
1b8d8372-9f70-c123-5604-c640f83ba1c5,1976-06-09,,999-36-6747,S99998411,X54850443X,Mrs.,Lavonia8,Yanira774,Murray856,,Goldner995,D,white,hispanic,F,San Francisco  California  US,669 Roberts Stravenue,Sacramento,California,Sacramento County,6067,95825,38.59637586993382,-121.47719662533555,744615.48,856251.71,78344
00e3d812-75e5-f4e5-1bf4-6d0a6538736d,2004-12-23,,999-35-2738,S99949813,X81178755X,Ms.,Rosenda12,Tristan353,Hudson301,,,,asian,nonhispanic,F,Escondido  California  US,381 Jaskolski Landing Unit 98,Los Gatos,California,Santa Clara County,6085,95008,37.21996119452026,-122.0129528534602,83647.21,886634.90,46789
bb46102f-afd2-e7ac-a241-8d9ba9803265,1958-11-15,,999-58-6021,S99940996,X83628092X,Mrs.,Syble581,Nona876,Bogisich202,,Beier427,M,white,hispanic,F,Union City  California  US,462 Funk Throughway Apt 32,San Gabriel,California,Los Angeles County,6037,91801,34.09102948240978,-118.11921174325522,637018.44,212505.63,44853
a4a00926-8acb-2462-5436-4a051c3cae73,1951-06-10,,999-17-8232,S99970295,X19285646X,Mr.,Erin498,Dalton260,Kirlin939,,,S,black,nonhispanic,M,Anaheim  California  US,524 Nitzsche Vista Suite 9,El Cajon,California,San Diego County,6073,92071,32.83587583485666,-116.9033855234658,92392.93,996980.69,24592
4c1e02f6-70f7-9a7d-ebb7-4185a5d0d572,1990-01-20,,999-99-5878,S99917655,X40416169X,Mrs.,Malvina930,Leonia336,Boyle917,,Feest103,M,white,hispanic,F,Fillmore  California  US,946 Ward Brook Suite 55,Los Angeles,California,Los Angeles County,6037,91306,34.09857979311856,-118.36470648300639,179924.82,411796.75,130693
27c0ab96-1a81-b816-9fdf-49bd363c927d,1985-01-10,,999-99-8176,S99998198,X58377460X,Mr.,Harlan808,Keneth579,Ebert178,,,M,asian,nonhispanic,M,Ho Chi Minh City  Gia Định  VN,606 Waters Parade Suite 84,Escondido,California,San Diego County,6073,92069,33.13109358326101,-117.20411528271042,90450.45,916753.13,136777
2e8a6d7c-304f-7742-dcd6-1652e639276f,1987-04-28,,999-85-8737,S99976033,X75791824X,Mrs.,Destiny774,Neta452,Howell947,,Raynor401,D,other,hispanic,F,El Sobrante  California  US,138 Schuster Ville Suite 58,San Jose,California,Santa Clara County,6085,95129,37.29622236079844,-121.79539934154161,12852.47,1817787.25,17612
2db0a1ef-3951-3ba3-3ed1-ae9a30a5be81,2010-02-06,,999-51-8123,S99920538,,,Mistie167,Eve68,Lueilwitz711,,,,asian,nonhispanic,F,Shanghai  Shanghai Municipality  CN,236 Gulgowski Fort Apt 2,Lancaster,California,Los Angeles County,6037,93534,34.624972112198016,-118.26815486055322,58601.50,21764.45,144003
fb264070-84d7-ce1e-9feb-23871373e13a,1983-02-28,,999-20-6889,S99999840,X60621655X,Mr.,Gabriel934,,Muro989,,,D,asian,hispanic,M,Bogota  Bogota  CO,666 Green Highlands,South Pasadena,California,Los Angeles County,6037,91030,34.140973961640626,-118.18502314533396,7687.86,118947.66,1399
b80de6c7-3abd-cfc4-5107-9a94f079443d,2025-09-14,,999-70-2017,,,,José Eduardo181,Patricio639,Castro740,,,,black,hispanic,M,Mexico City  Mexico City  MX,965 Beatty Rest,Heber,California,Imperial County,6025,92249,32.72887327120642,-115.49257653259374,241.99,2913.53,13036
a5ce3848-ba8d-4914-2c6f-c5108fabf99f,2005-09-29,,999-66-2970,S99965968,X79656069X,Mr.,Kerry175,,Runolfsson901,,,,white,nonhispanic,M,Concord  California  US,1077 Mraz Underpass Suite 93,Fallbrook,California,San Diego County,6073,92028,33.41163386949835,-117.21254157013024,104580.22,20606.64,732789
99f2687d-3acd-222f-631c-0f6361d8023f,1963-06-21,,999-38-4639,S99944717,X36546025X,Mr.,Sanford861,Jamal145,Schuppe920,,,D,white,nonhispanic,M,Long Beach  California  US,147 Satterfield Path Unit 0,Costa Mesa,California,Orange County,6059,92646,33.671783024988116,-117.91150286567265,127390.92,293910.80,28156
e391d658-da5b-d399-cac7-cce141037a2a,1943-11-09,,999-20-8419,S99914052,X502129X,Mr.,Elroy493,,Mayer370,,,M,white,nonhispanic,M,Milpitas  California  US,1064 Balistreri Run,San Diego,California,San Diego County,6073,92103,32.75648442578349,-117.08909286330551,304843.63,937332.96,52467
b03f3b31-8ea3-2db2-1942-b866b4051f96,1974-03-05,,999-51-8905,S99944433,X65729405X,Mr.,Roberto515,Hong136,Langosh790,,,D,asian,hispanic,M,San Jose  California  US,147 Weimann Route Suite 33,Livermore,California,Alameda County,6001,94588,37.504598251927945,-121.59477449863647,696827.53,412339.47,63715
794ad6c9-256e-c255-0da0-4f6a84e99779,1977-03-29,,999-48-6321,S99940777,X14923763X,Mrs.,Florencia449,Mariana775,Abeyta738,,Borrego496,D,white,hispanic,F,Kingston  Kingston  JM,1008 Kling Center,Homeland,California,Riverside County,6065,92548,33.71022736139267,-117.0990883103313,12933.94,877146.60,16852
e3e616df-cbd5-f35d-60ea-51c9202b1d86,1960-02-22,,999-22-7323,S99944413,X47703216X,Mr.,Thurman577,Loyd638,Hickle134,,,M,white,nonhispanic,M,Seal Beach  California  US,451 Ernser Lane Unit 65,Soledad,California,Monterey County,6053,93960,36.34169570778045,-121.32388039203056,318862.63,235872.60,122448
531eb8a2-31ed-14b4-ac33-cd6281ee760a,2011-01-21,,999-29-9859,,,,Michael441,Cruz300,Kshlerin58,,,,white,nonhispanic,M,Manteca  California  US,990 Ortiz Divide,Watsonville,California,Santa Cruz County,6087,95019,36.89842839321662,-121.79909309100167,2944.06,63566.46,32820
d145eee2-de3f-1f8d-385d-8796f13a967b,1984-07-20,,999-15-6173,S99975711,X75150520X,Mr.,Alfonso758,José Eduardo181,Tórrez28,,,D,white,hispanic,M,Santo Domingo  National District  DO,526 Hills Street Suite 28,Santa Ana,California,Orange County,6059,92705,33.80319343051307,-117.81395948912468,138904.42,14607.15,54584
0f3967ac-34d0-2781-2e3e-aebb7a2cc8b3,1943-03-29,2004-01-29,999-24-1962,S99912037,X74818356X,Mrs.,Niesha86,,Hauck852,,Cassin499,M,other,nonhispanic,F,Goleta  California  US,711 Leannon Passage,Montclair,California,San Bernardino County,6071,91763,33.9572201850748,-117.64681053704012,876497.36,901552.56,36011
848be003-dfec-c3b1-3e4a-c167652641cc,2002-11-19,,999-14-3196,S99945745,X87660341X,Mr.,Valentine262,Rolf983,Kilback373,,,,asian,nonhispanic,M,Menifee  California  US,1018 Dickinson Haven Apt 8,Orange,California,Orange County,6059,92676,33.8126821811224,-117.84725346336208,17397.41,96938.73,25839
5cd19139-d51b-2daf-a151-b7405a062c4e,1987-02-08,,999-91-9617,S99936117,X233024X,Ms.,Zena758,Cherly215,Wehner319,,,S,white,nonhispanic,F,Los Angeles  California  US,249 Schinner Vale Apt 99,San Bernardino,California,San Bernardino County,6071,92407,34.19598837800455,-117.24224244088352,12956.85,1658903.09,21815
5e8a3eb0-4876-63a5-451f-b9792cdfede8,1969-11-07,,999-44-3869,S99977870,X51087144X,Mr.,Lucas404,Diego848,Ledesma253,,,S,white,hispanic,M,Santiago de los Caballeros  Santiago  DO,846 Halvorson Wynd,San Rafael,California,Marin County,6041,94903,37.998332679470465,-122.59455102716483,31414.64,1422886.25,21906
916c17e1-28d8-065f-c82a-7bd75cc19b1a,2014-05-03,,999-31-8435,,,,Cliff504,Loyd638,Bosco882,,,,white,nonhispanic,M,Winters  California  US,911 Grant Estate,Lemon Hill,California,Sacramento County,,00000,38.53168082047366,-121.41412111075269,1732.02,30233.16,13137
3abc76bb-784a-6885-5aed-cb8717c6c6a0,1984-09-05,,999-66-3318,S99998673,X15511768X,Ms.,Lenna704,Nada112,Legros616,,,S,white,nonhispanic,F,Livermore  California  US,746 Harris Pathway Unit 62,Chula Vista,California,San Diego County,6073,91914,32.58884324644117,-117.01082388543529,644154.14,220161.79,84469
79fef96b-b220-3ba4-8f7d-eff8b0294d44,2013-10-22,,999-42-2353,,,,Rickie717,Lawrence741,Gaylord332,,,,white,nonhispanic,M,Indio  California  US,1092 Leffler Trailer,Chula Vista,California,San Diego County,6073,92154,32.63677904204725,-116.91362121636205,26741.71,40077.02,88745
321e1819-d6f0-c703-5870-51344343527e,1990-02-05,,999-50-1447,S99927024,X43911148X,Mr.,Frederick289,Ned189,Simonis280,,,M,white,nonhispanic,M,Encinitas  California  US,526 Jones Orchard Suite 66,Los Angeles,California,Los Angeles County,6037,90402,33.90540356191812,-118.26695108754816,6064.04,127630.27,12937
e2a9221a-6e19-dd0c-9a28-37041f65de49,1969-06-06,,999-94-6263,S99968012,X23579933X,Mr.,Dewey930,,Quitzon246,,,M,asian,hispanic,M,San Diego  California  US,1037 Lowe Throughway,Los Angeles,California,Los Angeles County,6037,91042,33.88980149321429,-118.2571466660921,10178.08,286592.88,2600
b3aa2c5b-58af-ee68-9202-47fe88748c53,2005-07-07,,999-50-9332,S99985580,X32754676X,Mr.,Emory494,,Goldner995,,,,white,nonhispanic,M,Salinas  California  US,397 Fadel Esplanade Unit 31,San Diego,California,San Diego County,6073,92075,32.75072779874747,-117.16344922338885,106745.28,35007.03,246221
5de76204-a424-1fa3-c24b-38f1f4ff0a62,1919-04-20,,999-62-2719,S99967127,X37845918X,Mr.,Spencer878,Dudley365,Wilderman619,,,M,white,nonhispanic,M,San Carlos  California  US,1056 Schultz Plaza Apt 86,Irvine,California,Orange County,6059,92614,33.730120573744585,-117.78281342604939,207487.03,510386.91,182952
162d5bd3-915f-7364-2da9-2e4ef3f54651,1976-10-17,,999-66-9687,S99932603,X67263147X,Mr.,Reginald96,Curt84,Kreiger457,,,M,white,hispanic,M,Santa Clarita  California  US,259 Ondricka Spur,Long Beach,California,Los Angeles County,6037,90803,33.76483080282738,-118.17078021511989,13669.39,195957.34,11129
01a67af4-b324-5ec4-36c5-7fe27a82004f,1963-11-08,,999-82-9550,S99982722,X69648073X,Mr.,Curt84,,Donnelly343,,,S,asian,nonhispanic,M,Monterey Park  California  US,348 Stiedemann View,Winter Gardens,California,San Diego County,,00000,32.864040637389074,-116.97067917588885,21773.53,1037570.15,223963
80933ccb-7873-c1cd-99d3-db7068ba698b,2023-07-09,,999-90-2494,,,,Colby655,Blanch844,Jast432,,,,white,hispanic,F,Thousand Oaks  California  US,1082 Tillman Bypass Apt 26,Los Angeles,California,Los Angeles County,6037,90007,34.29556098262814,-118.24298776566077,300.00,6058.71,26086
1414671c-3e67-2ad4-5807-57ac1c4e5b73,1981-08-03,,999-69-6193,S99997424,X80001036X,Mr.,Josue598,Arturo47,O'Conner199,,,M,white,nonhispanic,M,Lindsay  California  US,1029 Cartwright Bypass Suite 84,Bellflower,California,Los Angeles County,6037,90706,33.89163994374626,-118.17093079248225,14388.17,223490.52,18176
470ab12e-512d-d3ad-23b6-a1ab59f8cb8a,1992-10-22,,999-15-1123,S99932095,X65301441X,Mrs.,Maragret485,Karon907,Schuppe920,,Klein929,M,asian,nonhispanic,F,Watsonville  California  US,838 Monahan Fort,Irvine,California,Orange County,6059,92630,33.675916683979004,-117.62872894343296,200702.93,435846.85,131491
fefcb305-4ca7-6d3e-a700-9e71175d8db3,1947-11-16,2020-05-20,999-60-5874,S99954222,X87252743X,Mr.,Denny560,,Turcotte120,,,M,hawaiian,nonhispanic,M,Downey  California  US,1028 Kunde Course,San Francisco,California,San Francisco County,6075,94132,37.75321095104831,-122.48490873095021,217751.21,1144212.07,284995
658fb1e7-9959-dfa2-f1b8-e49b80d06fd3,1988-01-05,,999-81-5359,S99920455,X62637937X,Mrs.,Crysta430,Candyce305,Maggio310,,Berge125,M,white,nonhispanic,F,Vacaville  California  US,193 Koss Trafficway Suite 19,Hawthorne,California,Los Angeles County,6037,90250,33.94306832115916,-118.30977250070305,413854.59,839706.24,60699
df34ba91-ccc3-acea-f34d-9451c5d74705,1960-06-06,,999-65-7081,S99945281,X66814980X,Mr.,Gregorio366,,Angulo494,,,S,hawaiian,hispanic,M,Kingston  Kingston  JM,621 Nicolas Parade Suite 28,Chula Vista,California,San Diego County,6073,91910,32.57784851426595,-117.02362016413342,282821.41,1254983.36,196631
dcf0b23c-da43-cf40-c258-d04b19469ab6,2012-03-04,,999-62-8085,,,,Berneice173,Nathalie366,O'Keefe54,,,,asian,nonhispanic,F,Arden-Arcade  California  US,109 Hackett Mall,Millbrae,California,San Mateo County,6081,94030,37.62783579848498,-122.40733568801069,51553.07,8722.79,97504
1c2dbad4-245b-1f02-0c26-8fbb2028da0b,1990-03-04,,999-42-1239,S99935881,X28419714X,Mr.,Andres25,Mark765,Schiller186,,,S,white,hispanic,M,Morgan Hill  California  US,211 Greenfelder Center Unit 49,Anaheim,California,Orange County,6059,92807,33.875627540218886,-117.78957254480986,79527.56,23944.49,71733
148e88cc-3467-81a4-9399-3ef8beb55edc,2007-12-31,,999-76-6767,S99980664,,Ms.,Diana207,Magdalena964,Bétancourt447,,,,white,hispanic,F,Tegucigalpa  Francisco Morazán  HN,338 Roberts Vale Apt 73,Sacramento,California,Sacramento County,6067,95652,38.71047613436424,-121.42498705702528,68188.02,2136.47,122970
e86670c4-8428-0a80-fc79-2cebf7e595ec,2015-12-13,,999-12-1286,,,,Renae431,Gearldine455,Prohaska837,,,,white,hispanic,F,Carlsbad  California  US,350 Legros Extension,Fresno,California,Fresno County,6019,93720,36.94008172931465,-119.70751501776124,1826.87,26453.55,16162
7b6eb4e9-06f7-cd52-844b-47b19e863801,2001-05-01,,999-14-9019,S99912647,X82360446X,Mr.,Lazaro919,August363,Kerluke267,,,,white,hispanic,M,Lynwood  California  US,824 Hackett Trace Apt 45,Hesperia,California,San Bernardino County,6071,92308,34.345251250372044,-117.28474312387019,106990.75,32234.43,83652
9357d917-32e3-b83f-54ed-a1f03d31c766,1968-02-05,,999-52-8318,S99983215,X87826341X,Mrs.,Ana972,Concepción765,Delrío329,,Toledo81,M,white,hispanic,F,Caguas  Puerto Rico  PR,348 Sipes Byway,Oakley,California,Contra Costa County,6013,94561,37.99821384170125,-121.67350634931297,17526.12,922103.87,17157
a12dfa10-9716-b765-e0e3-357b18598e62,1922-01-20,1958-01-23,999-54-7827,S99960727,X7142943X,Mr.,Zack583,Maria750,Cole117,,,M,white,nonhispanic,M,West Modesto  California  US,111 Aufderhar Drive,Mission Viejo,California,Orange County,6059,92694,33.59147523380346,-117.60177097277169,115511.13,138604.21,632635
de3221f3-6dc7-1c45-74e4-fac6ef53094e,1997-04-21,,999-22-6573,S99994430,X18294482X,Mr.,Sergio619,Armando772,González124,,,S,white,hispanic,M,San Jose  San Jose  CR,403 Frami Lodge,South Whittier,California,Los Angeles County,,00000,33.93833432015334,-118.01840806824157,65349.69,31926.93,65835
d661a30d-feb4-9323-271e-6f1b2a305330,1943-03-29,,999-46-3234,S99989136,X44735199X,Mrs.,Barbera53,Pauletta164,Satterfield305,,Wiza601,M,other,nonhispanic,F,Moreno Valley  California  US,547 Bogisich Camp Unit 69,Montclair,California,San Bernardino County,6071,91710,33.97712110345173,-117.73003050767883,641318.24,877216.65,36011
c3cafe91-2279-122c-4c6f-a35ddb655f43,1922-10-18,,999-17-7721,S99953279,X15714504X,Mr.,Jimmie93,,Kub800,,,M,white,nonhispanic,M,Visalia  California  US,342 Hamill Gateway,San Diego,California,San Diego County,6073,91945,32.79869995961696,-117.22446623520419,306605.23,2409652.19,82934
bc73df2c-0dc6-cf41-ffab-9969546dd808,2024-08-11,,999-39-5224,,,,Muriel394,Lai148,Halvorson124,,,,white,nonhispanic,F,Pico Rivera  California  US,691 Kessler Flat Unit 90,Rancho Cucamonga,California,San Bernardino County,6071,91739,34.119936437563624,-117.62848297096906,5648.21,0.00,133925
a7a921f5-287e-f90f-c4b8-742bb4d1c2ca,1977-11-05,2023-08-06,999-36-9619,S99968237,X17766937X,Mr.,Marcelino726,Leonel449,Hamill307,,,D,black,nonhispanic,M,Clovis  California  US,363 Lynch Ferry,Torrance,California,Los Angeles County,6037,90501,33.871732528385834,-118.41482113281907,54894.30,174251.20,25186
c3380646-0a04-809e-e646-49640537cb2b,2005-01-17,,999-93-7541,S99991034,X41634011X,Mr.,Óscar156,Alfonso758,Jáquez824,,,,white,hispanic,M,Guatemala City  Guatemala  GT,536 Ferry Crossroad Unit 57,Chico,California,Butte County,6007,95926,39.920399553301756,-121.82431290655649,3350.00,57205.12,14789
d38278d2-9384-8aea-362c-de95fcc37895,1998-11-27,2022-07-28,999-95-4458,S99944894,X13600578X,Ms.,Darlene91,Marjorie611,Kassulke119,,,,white,nonhispanic,F,Los Angeles  California  US,327 Bosco Lodge,Los Angeles,California,Los Angeles County,6037,91608,34.309627771610714,-118.59794673799388,12606.03,1042886.78,19949
586c78d9-dff9-40c3-a853-7f1d4107dc85,1999-02-08,,999-33-1541,S99969258,X67212796X,Ms.,Clara183,María842,Vargas494,,,,white,hispanic,F,Wesley  Saint Andrew Parish  DM,532 Kshlerin Corner,Brawley,California,Imperial County,6025,92227,32.9672193869537,-115.38880767647117,47988.76,380805.74,73338
b708baae-76e3-039c-1e92-6a49eddaa479,1973-01-03,2023-12-07,999-68-7691,S99944331,X65597220X,Mrs.,Sofia418,,Suárez24,MD,Baca589,W,asian,hispanic,F,Puebla  Puebla  MX,217 Hermann Harbor Suite 57,Los Angeles,California,Los Angeles County,6037,91340,34.23219612737821,-118.5975999815618,238138.07,597750.06,927574
8f2e916a-3e7c-5c6f-4cdc-944ce5403d28,1998-11-27,2006-09-30,999-32-2309,,,,Sumiko254,Portia383,Turcotte120,,,,white,nonhispanic,F,Oakland  California  US,523 Senger Mission,Los Angeles,California,Los Angeles County,6037,91356,33.961794431469066,-118.28832263031158,2136.32,44956.33,19949
2d8e5eb6-8c31-9bb1-8ca7-61f56a8204aa,1968-07-09,,999-68-9941,S99945300,X43458819X,Mrs.,Palmira118,Kelsey155,Waters156,,Upton904,D,asian,nonhispanic,F,Costa Mesa  California  US,662 Cassin Stravenue,Lynwood,California,Los Angeles County,6037,90059,33.923425386239124,-118.22243039317333,699933.73,185396.00,57452
26de75ea-2399-2743-3825-2b84cfbb0c72,2003-07-11,,999-76-9511,S99962474,X72413570X,Ms.,Ashely524,Patria17,Kozey370,,,,asian,nonhispanic,F,Hawthorne  California  US,1037 Hodkiewicz Throughway Apt 72,Milpitas,California,Santa Clara County,6085,95035,37.438894175874026,-121.87569054215076,120885.03,210065.73,141880
2cb0c826-9730-1cb7-5dd1-080675a2c8af,1979-09-19,,999-61-6147,S99978663,X6965316X,Mrs.,Cher186,Lucretia377,Kuhlman484,,Leannon79,D,white,nonhispanic,F,Moorpark  California  US,1076 D'Amore Ville,Victorville,California,San Bernardino County,6071,92394,34.5069546374722,-117.37364006958907,597114.16,999883.14,64458
69dfd951-96d1-7bd3-8bb5-0bf7de677f68,2003-01-26,,999-87-6184,S99947433,X27989231X,Ms.,Siu135,Clare187,Thiel172,,,,white,nonhispanic,F,Salvador  Bahia  BR,368 Rogahn Byway Unit 98,Manteca,California,San Joaquin County,6077,95336,37.69829007754751,-121.21940475781437,132717.44,1395442.29,127738
8f5eb59c-5f06-4529-4e0c-e701313aa353,1922-01-20,1971-03-04,999-43-2308,S99943847,X24539720X,Mr.,Elmo857,Pete38,Ernser583,,,M,white,nonhispanic,M,Palm Desert  California  US,588 Christiansen Orchard Suite 35,Mission Viejo,California,Orange County,6059,92653,33.6331979515145,-117.69739243976436,103738.68,228264.13,632635
0c0406f6-1f04-8951-5219-d4471ec1f6e0,2011-08-26,,999-75-3502,,,,Seth414,Archie818,Lind531,,,,white,hispanic,M,Tara Hills  California  US,414 Zboncak Byway,Vacaville,California,Solano County,6095,94534,38.41059164528632,-122.02814920632454,55317.39,23398.07,144481
ac6eaeda-9a2d-b343-519a-ac15705d7a29,1947-11-16,,999-61-2675,S99989161,X19099547X,Mr.,Van763,Brenton674,Fritsch593,,,M,hawaiian,nonhispanic,M,Hawaiian Gardens  California  US,839 Dare Harbor Unit 82,San Francisco,California,San Francisco County,6075,94134,37.75692633859233,-122.42858915038023,245499.16,234190.28,284995
0da83c22-0714-c51d-f016-683e37d21fac,2001-04-01,,999-65-4727,S99996322,X34525311X,Mr.,Brian582,Sid118,O'Kon634,,,,white,nonhispanic,M,Lincoln  California  US,299 Walter Crossroad Apt 69,Coachella,California,Riverside County,6065,92274,33.48055343125002,-116.09266493943518,91625.42,13718.70,65529
9f39176f-ec89-ed18-e3d1-467321fd6221,1998-11-27,,999-81-8161,S99936897,X69378077X,Ms.,Chau65,Hedwig986,Borer986,,,,white,nonhispanic,F,Garden Grove  California  US,238 Langosh Divide Suite 85,Los Angeles,California,Los Angeles County,6037,91364,33.76012795711053,-118.26870566026682,9675.20,356313.12,19949
61133bb6-755e-8835-ff96-4fc7aa7fc3f1,1966-01-04,,999-94-7021,S99986446,X40299586X,Mr.,Jimmie93,,Ortiz186,,,M,white,nonhispanic,M,Hemet  California  US,883 Walsh Orchard,Rose Hills,California,Los Angeles County,,00000,33.96074028817721,-118.05240357833576,79718.87,94568.98,525883
72465941-a173-6ccb-2ed4-cb7717003c63,1977-11-05,,999-47-1149,S99962250,X50445587X,Mr.,Clair921,Aaron697,Schroeder447,,,M,black,nonhispanic,M,Glendale  California  US,303 Greenholt Orchard,Torrance,California,Los Angeles County,6037,90504,33.8500833337306,-118.28512833200851,99929.18,207296.07,25186
25ee6dd6-57e1-d7b5-5b04-06200f11a528,2010-07-12,,999-48-3091,,,,Maricarmen445,Berta524,Lucero848,,,,white,hispanic,F,San Salvador  El Salvador  SV,390 Waters Trail Unit 81,Pasadena,California,Los Angeles County,6037,91011,34.15764060524598,-118.13080550549765,54783.90,0.00,114214
6ad4aa9c-924c-2ab9-c5f2-e9227f950976,2007-12-05,,999-42-6787,S99937558,,Mr.,Glenn0,Emile522,Monahan736,,,,asian,nonhispanic,M,Santa Clara  California  US,618 Greenfelder Fort Unit 26,South Gate,California,Los Angeles County,6037,90280,33.941646213466505,-118.19041383547477,62811.24,26287.42,66323
1a35ce3d-a5c0-8f98-3e2b-0fbc58e3f912,2019-03-16,,999-34-7320,,,,Raina861,Loyce848,Little434,,,,white,nonhispanic,F,Azusa  California  US,726 Veum Ferry,San Bernardino,California,San Bernardino County,6071,92354,34.09552350359443,-117.29597524769324,950.00,16664.56,16876
5325dca1-ea42-c556-7e3d-516b53cbb8bf,2006-06-18,,999-88-6855,S99961656,,Mr.,Sergio619,Alfredo17,Rocha983,,,,white,hispanic,M,Santo Domingo  National District  DO,429 Quitzon Knoll Apt 39,Anaheim,California,Orange County,6059,92802,33.85714286346495,-117.9492816890162,25919.63,908383.91,49831
9a5c9035-0676-f394-79e0-2711e96577b3,1973-01-03,,999-51-6443,S99984821,X27696875X,Mrs.,Emilia403,,Carrion142,MD,Ojeda263,M,asian,hispanic,F,Santiago de los Caballeros  Santiago  DO,607 Kassulke Grove,Los Angeles,California,Los Angeles County,6037,91306,34.145671718363424,-118.37853334962381,200699.08,664858.54,927574
96840657-1023-148a-f16e-1ce3a115bf93,1981-07-06,,999-61-7210,S99981489,X40051577X,Mr.,Stevie682,Dewayne363,Quitzon246,,,M,white,hispanic,M,Santa Maria  California  US,634 Schaefer Street Unit 2,San Francisco,California,San Francisco County,6075,94132,37.76336605685688,-122.45223645059241,232591.68,282742.69,44838
3120948c-8d31-7a7b-c56f-de0fed439aef,1967-06-19,,999-59-9825,S99955897,X35795958X,Mr.,Keith571,Titus37,McCullough561,,,S,hawaiian,nonhispanic,M,Los Angeles  California  US,158 Rodriguez Dam,Monterey,California,Monterey County,6053,93943,36.59259253512541,-121.79886472285104,128067.63,253488.03,27518
b4efa457-1927-36dd-a6c2-5d86307987f4,1993-05-28,,999-21-3762,S99968165,X24779336X,Mr.,Alfredo17,,Nazario58,,,M,white,hispanic,M,Guatemala City  Guatemala  GT,435 Hamill Way,Redondo Beach,California,Los Angeles County,6037,90278,33.865897361471255,-118.37422761764338,88299.46,952179.46,197854
c6c9baa2-2271-1b70-8c19-bf02f0d0f81f,1979-06-04,,999-24-4731,S99929245,X82133546X,Mrs.,Ulrike696,Rita460,MacGyver246,,Abernathy524,D,white,nonhispanic,F,San Bernardino  California  US,911 Quigley Manor,Danville,California,Contra Costa County,6013,94506,37.826355763930486,-121.93102391323939,728518.16,1050530.92,119905
e5b1a2e5-1e4b-534a-9ff7-a7c4a570d5b4,1981-01-24,,999-59-8024,S99949348,X38000096X,Ms.,Tammie751,Annis955,Goldner995,,,S,white,nonhispanic,F,Vincent  California  US,1090 Halvorson Alley,San Jose,California,Santa Clara County,6085,95123,37.302814746654974,-122.04853663442452,195826.48,1302374.94,30852
1acc64ca-af43-0a24-cbc4-1894248ae482,1999-08-30,,999-38-3481,S99977570,X89928385X,Mr.,Ernesto186,,Grijalva82,,,,white,hispanic,M,Lima  Lima Province  PE,274 Kiehn Harbor,Hacienda Heights,California,Los Angeles County,6037,91745,34.0147538145566,-118.0021951746836,38826.31,43214.68,230685
fc1cf5fc-0434-78f2-f382-44d55d6be902,1969-05-30,,999-96-3517,S99929041,X77982530X,Mrs.,Dianna917,Nanci249,Schmitt836,,Bartell116,M,white,nonhispanic,F,Glendale  California  US,976 Stanton Forge,Los Angeles,California,Los Angeles County,6037,90066,34.14605089478731,-118.41298316043728,693089.01,603571.26,63643
13dddc5e-632e-6539-f0eb-3879d7040132,1998-01-29,,999-90-3853,S99987973,X83068669X,Mr.,Eric487,,Dooley940,,,S,black,nonhispanic,M,Vista  California  US,330 Homenick Divide Suite 34,Livermore,California,Alameda County,6001,94588,37.868946958755146,-121.85561483053216,94375.92,8194.25,180927
a40597e8-a813-dbbf-ac08-6e71e54628e8,1922-01-20,1986-08-12,999-30-3377,S99926051,X42686621X,Mr.,Milo271,Sherwood961,Ondricka197,,,S,white,nonhispanic,M,Menlo Park  California  US,642 Bernhard Road Apt 63,Mission Viejo,California,Orange County,6059,92692,33.51624459534704,-117.62151834962857,82405.96,753518.81,632635
0f8d29ae-19c7-b2c1-20a2-4971d1540399,1964-05-30,1993-10-02,999-22-3810,S99995089,X38721213X,Mr.,Long300,Carol737,Thompson596,,,M,white,hispanic,M,Carson  California  US,966 Langworth Mews Apt 62,Los Angeles,California,Los Angeles County,6037,90068,33.83858566737267,-118.31755386668534,120390.79,0.00,59214
fcab05ee-0426-6b98-54d3-ff163261a397,1990-07-18,,999-69-2665,S99932545,X89024089X,Mr.,Marco Antonio298,,Domínguez946,,,S,white,hispanic,M,San Salvador  El Salvador  SV,204 Abernathy Meadow,Santa Clara,California,Santa Clara County,6085,95126,37.39713044972112,-121.93817231733951,58759.55,98159.77,546155
94909976-5d13-f9cf-5d05-a58ed69d72db,2010-04-05,,999-43-3948,,,,Kip442,Leonel449,Wintheiser220,,,,white,nonhispanic,M,Compton  California  US,320 Grant Skyway Apt 41,Moreno Valley,California,Riverside County,6065,92518,33.79094413242265,-117.19660875473174,52004.31,35606.03,67342
46e6914f-60e4-488d-c107-3615472c38a2,1983-07-26,,999-36-4581,S99928648,X8868051X,Mr.,Anton902,,Spencer878,,,S,white,nonhispanic,M,Fullerton  California  US,829 Rolfson Fork Suite 39,Hercules,California,Contra Costa County,6013,94572,37.99457329585232,-122.13508173938197,105242.98,33890.19,182517
4fd9cc8b-6588-830f-0da1-c021423e97e9,1969-05-27,,999-20-6798,S99927416,X59688427X,Mr.,Marcos263,,Rodríguez701,,,S,white,hispanic,M,San Juan  Puerto Rico  PR,637 Howell Landing Apt 60,Oakdale,California,Stanislaus County,6099,95361,37.747937857477865,-120.7178447748384,66874.73,1155821.94,8838
dfd59b4b-aa14-c7ac-d0bf-bf2796232306,1992-05-19,,999-97-9095,S99944039,X29283904X,Mr.,Luis923,Jaime666,Jaimes535,,,M,white,hispanic,M,Buenos Aires  Ciudad de Buenos Aires  AR,343 Bergstrom Grove,Porterville,California,Tulare County,6107,93257,35.94255815133488,-118.8642429364934,389888.71,679355.47,79409
a74fd072-20ed-788d-9604-7d5cd5c43a48,1923-09-08,2007-08-29,999-25-4205,S99988175,X13066717X,Mrs.,Daria61,Margery365,Glover433,,Graham902,D,white,nonhispanic,F,Valinda  California  US,143 Crist Bypass,San Jacinto,California,Riverside County,6065,92583,33.832984034087296,-117.13578924356383,1044686.65,617476.31,52744
e2ecfdc3-74d3-6648-eac6-b6bba7a1d840,1968-05-06,,999-93-7724,S99963012,X75917341X,Mr.,Wiley422,,Schuppe920,,,M,black,nonhispanic,M,Alameda  California  US,921 Heidenreich Terrace,Charter Oak,California,Los Angeles County,,00000,34.093695796527015,-117.8688484881524,204055.88,111952.96,169121
3bab59d8-ec08-6471-8db4-ff92e5028776,2024-02-27,,999-17-8879,,,,Marilu588,Virginia437,Feliciano160,,,,white,hispanic,F,San Jose  San Jose  CR,457 Okuneva Quay,Corona,California,Riverside County,6065,92860,33.88965875910626,-117.42166232492673,7820.25,0.00,92874
95ab61c0-0d6f-a36f-810e-be56828f3684,1954-09-08,,999-94-5461,S99942565,X29495834X,Mrs.,Katlyn29,Macie339,Armstrong51,,Bahringer146,M,white,nonhispanic,F,Lake Forest  California  US,631 Flatley Fort Unit 55,Berkeley,California,Alameda County,6001,94704,37.86934208741406,-122.26865720394652,1144780.85,439888.11,62037
0e17be9e-db0f-4094-6cdf-4ea56c53a098,2011-06-08,,999-85-4799,,,,Dick869,,Hirthe744,,,,white,nonhispanic,M,Rialto  California  US,225 Hegmann Quay,Victorville,California,San Bernardino County,6071,92307,34.509624181198106,-117.27526316919567,4384.05,460476.82,45728
dcdcd2ae-59da-ac6d-5d04-a7341190b766,2012-07-09,,999-24-2560,,,,Reina25,Florencia449,Sotelo656,,,,white,hispanic,F,Carolina  Puerto Rico  PR,818 Bernier Vista,Los Angeles,California,Los Angeles County,6037,91325,33.74742406237407,-118.32367800211833,3023.62,108390.32,43012
b317c8f1-1b1a-9fc4-1a1e-e259090545e1,2023-05-04,,999-99-3157,,,,Hector463,Byron202,McCullough561,,,,white,nonhispanic,M,Rancho Cucamonga  California  US,852 Turner Heights,Susanville,California,Lassen County,6035,96130,40.56757405530197,-120.23637921365825,650.00,14170.88,20571
9f32d60f-5117-46f7-e26e-6664d3d65d39,1993-07-29,,999-96-5822,S99913370,X87610918X,Mr.,Emilio417,Andrés117,Venegas795,,,S,white,hispanic,M,Caguas  Puerto Rico  PR,722 Kuvalis Ville,Chula Vista,California,San Diego County,6073,91911,32.614313297412046,-117.09955465414964,68675.25,6099.22,138219
d7f09458-67e8-13b6-ff27-2c272465ab7f,2005-11-21,,999-26-1441,S99992856,X68562500X,Mr.,Amos720,,Dibbert990,,,,asian,nonhispanic,M,Victorville  California  US,160 Hansen Mission,Ladera Heights,California,Los Angeles County,,00000,34.02908366757094,-118.41454460450461,3750.00,78700.34,5138
ac3bc157-694b-7ea7-53e0-46f3b60a794b,1964-05-30,,999-66-9428,S99942024,X61215978X,Mr.,Armand155,Karl184,Rogahn59,,,M,white,hispanic,M,Garden Grove  California  US,958 Rosenbaum Well,Los Angeles,California,Los Angeles County,6037,90710,33.98446896334388,-118.27296714469603,177936.07,103771.68,59214
1efabc4e-dd80-286a-fb80-45739a1632a3,2024-01-17,,999-52-3009,,,,Ji399,,Prosacco716,,,,white,nonhispanic,F,Irvine  California  US,801 Kshlerin Gardens,El Segundo,California,Los Angeles County,6037,90245,33.873616049421514,-118.37481185668149,6361.13,204.30,187252
dd27a304-2027-3289-3977-9527f94f5dbf,1956-09-30,,999-14-4003,S99931908,X48381945X,Ms.,Myrtis608,Theodora872,Reichert620,,,S,white,hispanic,F,La Mirada  California  US,449 Gaylord Meadow Unit 37,Woodacre,California,Marin County,6041,94973,37.968256289214224,-122.62785022066068,792529.86,237338.25,57736
2e20f1c6-20da-998b-7bdf-9b4647edc48c,1943-07-18,2007-08-24,999-70-3702,S99968769,X57235299X,Mr.,Rodger755,Octavio643,Howe413,,,D,white,nonhispanic,M,Perris  California  US,597 Bogisich Passage,Calabasas,California,Los Angeles County,6037,91301,34.13516534471145,-118.72006151922167,201948.87,749788.73,31625
93c6f5a2-3694-1501-ac24-bb00785a2e71,1992-07-14,,999-49-1611,S99980900,X23716131X,Mr.,Faustino767,Damion480,Pouros728,,,M,white,nonhispanic,M,Folsom  California  US,243 Walker Port,Buena Park,California,Orange County,6059,92801,33.819593738715874,-118.01405650287221,88240.12,0.00,67155
d82dab0c-9ac0-81f9-4e90-8e2d4b88b2ea,1975-12-26,,999-96-2126,S99952582,X10179539X,Mr.,Arnulfo253,,Moore224,,,M,white,nonhispanic,M,San Bernardino  California  US,488 Herzog Ramp Suite 57,Downey,California,Los Angeles County,6037,90240,33.94316420586149,-118.08085928400413,94499.55,59226.76,48524
5638aaed-264c-5d32-4eb5-d882d6737dab,1922-01-20,1988-09-02,999-97-9675,S99946834,X27350601X,Mr.,Mohammad578,,Abbott774,,,D,white,nonhispanic,M,Los Angeles  California  US,413 Muller Union,Mission Viejo,California,Orange County,6059,92692,33.58131188196925,-117.7338536575006,198109.17,750035.87,632635
0eb7be08-e61c-c25f-f81a-5a9be0856832,2016-07-17,,999-12-9583,,,,Blake449,Glenn0,Simonis280,,,,asian,nonhispanic,F,Beijing  Beijing Municipality  CN,424 Sipes Mission,North Highlands,California,Sacramento County,6067,95660,38.66640328817212,-121.33584407302298,1400.00,18815.51,27075
dcd47d8e-6d3a-9896-683f-f2c78551ec05,1995-02-23,,999-37-1142,S99967532,X23553136X,Mr.,Edwin773,Elisha578,Beer512,,,M,white,nonhispanic,M,Novosibirsk  Novosibirsk Oblast  RU,776 Howell Lodge,Covina,California,Los Angeles County,6037,91722,34.099963397068926,-117.85590556836553,149048.73,0.00,74194
c32833f4-d8ec-24da-3900-3e539c18ee44,1957-11-05,,999-48-9251,S99977330,X81576849X,Mr.,Juan88,Angelo118,Hickle134,,,M,white,nonhispanic,M,Lake Forest  California  US,243 Pagac Frontage road Apt 98,Huntington Beach,California,Orange County,6059,92648,33.69404123638423,-118.02457908801753,209549.25,78895.73,142915
6c05cb91-751f-0b58-e556-a77f4a861fe6,1982-11-21,,999-36-6864,S99969275,X3604706X,Ms.,Farah862,Fae378,O'Reilly797,,,S,white,nonhispanic,F,Simi Valley  California  US,243 Reilly Run Suite 61,Los Angeles,California,Los Angeles County,6037,90042,34.30691596143347,-118.37045180423284,531870.83,70925.36,91878
9b594e62-8db6-977f-92b8-b85d77cca601,1997-10-05,,999-63-1826,S99949494,X86681897X,Mr.,Matt836,Norman647,Blick895,,,M,white,nonhispanic,M,Eastvale  California  US,168 Hilll Path,Irvine,California,Orange County,6059,92614,33.69221830019988,-117.80646503877094,171925.19,868592.48,106517
97617487-da50-e4ce-50bd-8b9175936fab,2019-02-26,,999-94-8805,,,,Sebrina910,,Fritsch593,,,,white,nonhispanic,F,La Habra  California  US,588 Goyette Lock Apt 32,San Diego,California,San Diego County,6073,92106,32.69649624325316,-117.16501197473397,1385.63,22772.54,3761
c44fa70c-9355-a2c9-826f-006bbc38d5fe,1923-09-08,1991-06-08,999-34-1438,S99995071,X60215673X,Mrs.,Sarai636,,Stiedemann542,,Reinger292,M,white,nonhispanic,F,San Diego  California  US,432 Bayer Lodge Unit 4,San Jacinto,California,Riverside County,6065,92583,33.8091303507471,-116.89373212750455,1812814.30,558018.76,52744
3d7b99fa-1bc5-9bc0-b861-9243cdf352c8,1954-09-01,,999-65-1637,S99992747,X50332456X,Ms.,Eladia866,Dani520,Gorczany269,,,S,asian,nonhispanic,F,Los Angeles  California  US,586 Zieme Overpass Suite 67,Thousand Oaks,California,Ventura County,6111,91362,34.29923967584856,-118.75346651826017,1686580.26,794238.97,91776
14190921-4990-cba4-4b2f-340e248f69d2,1954-03-01,2022-12-28,999-96-9795,S99957591,X4117630X,Mr.,Sammy219,Stevie682,King743,,,S,black,nonhispanic,M,Los Angeles  California  US,937 Kling Hollow Apt 30,Los Angeles,California,Los Angeles County,6037,90043,34.10886261575983,-118.41350624920445,21509.22,1578250.35,21928
1a5f3157-5131-9341-0397-8db9f7644419,2008-08-22,,999-44-2150,S99999433,,,Violette536,Joni720,McDermott739,,,,white,nonhispanic,F,Santa Ynez  California  US,937 Schoen View Suite 81,Loma Linda,California,San Bernardino County,6071,92354,34.01289198933838,-117.22264643189901,43019.81,58201.11,66452
0cb0bb75-d157-8557-35e2-64995215320f,1971-09-29,,999-36-4021,S99948192,X37568414X,Mrs.,Rosamond509,Manda751,Turcotte120,,Cole117,D,white,nonhispanic,F,Ridgemark  California  US,979 Bechtelar Estate Suite 67,Hawthorne,California,Los Angeles County,6037,90260,33.90669008659269,-118.36956860581265,540405.40,912982.12,39852
bb2e142f-ea05-7e0c-bd42-df13fc6c039f,1990-05-11,,999-91-5444,S99974585,X72404852X,Mrs.,Shawn523,Echo53,Rogahn59,,Volkman526,M,asian,nonhispanic,F,Riverside  California  US,760 Collins Loaf Suite 91,San Jose,California,Santa Clara County,6085,95054,37.420757418344245,-121.80043433276788,88033.32,488985.07,27790
579f4a1f-8563-a65b-f4d1-a7fc32895049,1997-08-09,,999-59-7378,S99993831,X58663388X,Mr.,Antonio44,César846,Rodríguez701,,,S,black,hispanic,M,Buenos Aires  Ciudad de Buenos Aires  AR,518 Parisian Terrace,South San Jose Hills,California,Los Angeles County,,00000,34.033582208129914,-117.88282303417918,86226.08,12770.31,55026
eeb36016-e0d9-49c1-f29d-3a440e061e85,1925-09-13,2025-10-19,999-94-5696,S99968204,X25160813X,Mr.,Eddie505,,O'Reilly797,,,M,white,nonhispanic,M,Irvine  California  US,531 Trantow Manor,East Los Angeles,California,Los Angeles County,6037,90022,33.991095279175866,-118.16573035178642,245868.81,859807.75,48658
1e8d62b9-ed7f-f903-25f5-582a00d3e2a5,1976-05-05,,999-73-6599,S99925975,X46279821X,Mrs.,Emilia403,,Tamez493,,Meraz691,M,white,hispanic,F,Puebla  Puebla  MX,1040 Homenick Grove Apt 49,San Diego,California,San Diego County,6073,92131,32.78641760342045,-117.12178746497263,13658.78,1161793.08,2708
ee035bac-88a0-40c7-57fd-b57cc528fb28,1966-04-13,,999-16-9508,S99941452,X65427357X,Mrs.,Sun500,Alix578,Paucek755,,Bernhard322,D,white,nonhispanic,F,Fullerton  California  US,444 Huels Camp,Carson,California,Los Angeles County,6037,90747,33.8348957272961,-118.2537249797171,534536.82,441761.20,66642
45553e5b-a3f2-2b8d-9040-0c66fad48d0e,1990-12-29,,999-46-4448,S99945891,X88861860X,Mrs.,Bev675,Etta748,Hirthe744,,Monahan736,M,asian,hispanic,F,Jamul  California  US,1075 Windler Well Suite 97,Downey,California,Los Angeles County,6037,90670,33.97535470338668,-118.10725253183645,198452.19,817704.78,34579
a1761bfc-09bb-9e7c-25e5-5f123f5acee6,1928-08-21,1994-06-13,999-64-9552,S99929662,X85286401X,Mr.,Dominique369,Galen747,Mante251,,,W,white,nonhispanic,M,Visalia  California  US,748 Lehner Camp,Parkway,California,Sacramento County,,00000,38.4710621376458,-121.44419795165467,156813.37,183326.08,27033
0fa54765-aa51-7f6a-2c82-4a48cf56f00a,1973-08-09,1988-05-22,999-59-7797,,,,Bradford382,Curtis94,Von197,,,,white,nonhispanic,M,Burbank  California  US,112 Ferry Grove Suite 55,Trinity County,California,Trinity County,6105,96093,40.781135766586836,-122.93652665523403,3568.20,112844.44,15448
a4e25cc6-27e1-516e-5c97-21341c8a0add,1923-09-08,1979-12-24,999-76-6504,S99939414,X46372134X,Mrs.,Emeline473,Aurore252,Greenholt190,,Turner526,D,white,nonhispanic,F,Firebaugh  California  US,461 Cartwright Trace Apt 99,San Jacinto,California,Riverside County,6065,92583,33.63781798535717,-116.90145434944492,1163210.92,785413.82,52744
3d94b805-7729-5fd3-4978-d3d0b88ae135,2018-01-06,,999-67-6225,,,,Jesús825,Gustavo235,Dueñas839,,,,black,hispanic,M,Caracas  Capital District  VE,863 Koss Orchard,Victorville,California,San Bernardino County,6071,92394,34.616828480128454,-117.31547213535006,28147.66,0.00,91500
a53407e2-486c-f2f5-2041-92a5d7912a62,1943-07-18,,999-33-1621,S99970783,X29815843X,Mr.,Nick779,Arlen68,Pfannerstill264,,,M,white,nonhispanic,M,Pico Rivera  California  US,378 Carroll Center Apt 18,Calabasas,California,Los Angeles County,6037,91302,34.16231822827469,-118.77490622692036,72164.91,286938.45,31625
4fea3942-5783-70bc-9285-82dcb4ee3880,1979-03-10,,999-22-7950,S99945350,X15406403X,Mr.,Rocco842,,Bayer639,,,M,white,nonhispanic,M,Elk Grove  California  US,478 O'Conner Corner,Fortuna,California,Humboldt County,6023,95540,40.551104776068,-124.13159763480265,81098.73,100301.01,44450
661ebaad-5367-1fb2-6afa-a8f6223fcd7a,2004-11-12,,999-69-2284,S99975217,X77597502X,Mr.,Perry780,Scotty190,Reinger292,,,,asian,nonhispanic,M,Chongqing  Chongqing Municipality  CN,1046 Labadie Rapid Suite 34,Oxnard,California,Ventura County,6111,93033,34.059062020049566,-119.0844572167174,105647.54,1020207.49,56085
f260a1ba-b632-c8bd-a80a-946bb13edff2,2007-08-24,,999-47-4918,S99968320,,Ms.,Virginia437,,Cerda549,,,,white,hispanic,F,Juarez  Chihuahua  MX,675 Hahn Approach,Imperial,California,Imperial County,6025,92243,32.749323457482035,-115.61755520645937,4716.07,289078.48,1809
bdba8b6c-e5e9-0eed-e853-5bbb660f7eec,1954-03-01,,999-55-6126,S99959642,X24470573X,Mr.,Amado512,Darrin898,Mohr916,,,M,black,nonhispanic,M,Santa Monica  California  US,805 Krajcik Trailer,Los Angeles,California,Los Angeles County,6037,90402,34.04224315116655,-118.42640569108502,22391.83,536650.30,21928
9f4f1cde-50d9-84ab-be7c-bf610e520dab,2018-06-03,,999-39-4433,,,,Lucinda68,Kirsten270,Weissnat378,,,,white,nonhispanic,F,Temecula  California  US,1032 Wiza Trailer,San Diego,California,San Diego County,6073,92132,32.97505071982361,-117.1806471570293,1116.45,49219.82,19953
b3cb1e1a-2076-658c-3387-70f86c8ee1d4,2024-12-17,,999-23-7571,,,,Fonda178,,Hessel84,,,,white,nonhispanic,F,Novato  California  US,1021 Watsica Bypass,San Jose,California,Santa Clara County,6085,95008,37.32374625342705,-121.81223374929478,5587.63,608.71,153591
a6827ef9-bd11-e8bc-7591-bea4df513f14,1928-08-21,1973-07-30,999-67-1329,S99986378,X88008444X,Mr.,James276,Cordell41,Miller503,,,D,white,nonhispanic,M,Los Angeles  California  US,404 Beahan Arcade Apt 47,Parkway,California,Sacramento County,,00000,38.475810432274926,-121.47644275462743,55061.52,76291.00,27033
0dffa475-5ed1-1463-3674-aeca2f926d79,2018-08-28,,999-52-1332,,,,January966,Crystle668,Weber641,,,,white,nonhispanic,F,Los Angeles  California  US,577 Halvorson Lodge,Oakland,California,Alameda County,6001,94705,37.70501711348349,-122.1841912330018,17136.32,4745.16,88366
790c6e6e-cd03-d730-476c-9962d04bd71e,1973-08-09,,999-88-3068,S99988546,X38798727X,Mr.,Blair400,Benny518,Bechtelar572,JD,,D,white,nonhispanic,M,Hayward  California  US,268 Waelchi Route,Trinity County,California,Trinity County,6105,96093,40.75261197212079,-122.95973532496429,11951.74,224291.16,15448
0940604d-e2f5-ace9-9b83-c3d9edbcc425,2015-03-19,,999-75-8933,,,,Hunter736,Rayford811,Wunsch504,,,,hawaiian,nonhispanic,M,Los Angeles  California  US,700 Batz Neck,San Bernardino,California,San Bernardino County,6071,92408,34.13555785311822,-117.27510662787572,11810.18,9818.60,75966
8a96fa20-425b-02c9-0951-2ab81f85d6ba,1963-01-09,,999-20-7621,S99979028,X13859011X,Mr.,Marco Antonio298,Homero668,Quiñónez764,,,D,white,hispanic,M,Mexico City  Mexico City  MX,238 Tromp Crossroad Suite 12,Stockton,California,San Joaquin County,6077,95231,38.00010814741078,-121.24146933750903,206561.68,86474.04,66248
95975041-2916-c541-4439-5dd2ecb78ef7,1952-05-04,,999-48-4525,S99938507,X75322573X,Mrs.,Regine404,Shandra823,Kessler503,,Abernathy524,W,white,nonhispanic,F,Simi Valley  California  US,338 Monahan Gardens Unit 81,Redondo Beach,California,Los Angeles County,6037,90278,33.793761211675076,-118.41801649144034,464759.34,1758554.83,139813
fd870941-44de-e252-dfc7-5d1dc17c66b0,2018-11-23,,999-79-5412,,,,Chadwick722,Sebastian508,Gerhold939,,,,asian,nonhispanic,M,Los Angeles  California  US,367 Dare Station,Foster City,California,San Mateo County,6081,94404,37.57220369824309,-122.30037622433092,10956.80,11925.48,91239
9645ecd7-bf87-a7de-aab8-a0076224dbf3,2022-06-27,,999-49-7651,,,,Wiley422,,Reichel38,,,,black,nonhispanic,M,San Diego  California  US,138 Kertzmann Union Unit 9,Los Angeles,California,Los Angeles County,6037,91505,33.74886789124184,-118.26538664943551,900.00,19942.65,6802
455b04e3-4700-02a3-6d52-3fa12b6a9731,1975-05-22,,999-77-4303,S99991273,X2296319X,Mr.,Refugio197,Ivory697,Kunze215,,,M,white,nonhispanic,M,Los Angeles  California  US,1020 O'Conner Trace Unit 83,Mendota,California,Fresno County,6019,93640,36.730837654780395,-120.40138401055077,72243.73,177212.16,28378
2f586626-9c68-c6a0-00f5-6a877d9aa4ab,1925-09-13,1999-03-19,999-51-1540,S99959621,X79978405X,Mr.,Elvin140,Lee268,Corwin846,,,M,white,nonhispanic,M,Sunnyvale  California  US,494 Upton Gardens Suite 51,East Los Angeles,California,Los Angeles County,6037,90022,34.00108281246795,-118.12620167147712,183088.75,293251.29,48658
114d18e0-ff43-bd4f-1c10-9317590cd5ee,2004-12-31,,999-31-3483,S99976804,X8723870X,Mr.,Rubén780,,Prado282,,,,white,hispanic,M,Kingston  Kingston  JM,468 Bogisich Ferry Apt 73,Apple Valley,California,San Bernardino County,6071,92307,34.45707957564388,-117.12526073204812,65867.80,35391.49,192045
e208fb5a-ec90-5937-e1c5-930d050b1aec,1965-04-03,,999-51-8096,S99956788,X12190282X,Ms.,Alicia629,Cristina921,Araña824,,,S,asian,hispanic,F,Bayamon  Puerto Rico  PR,515 Howe Orchard Suite 64,Cambrian Park,California,Santa Clara County,,00000,37.27299515183039,-121.97453581320808,1066715.51,369259.44,90387
91a548ad-fd43-3908-8d48-28b69fe03a26,2006-05-15,,999-70-4055,S99962566,,Mr.,José Emilio366,Gabriel934,Carrillo204,,,,white,hispanic,M,Caguas  Puerto Rico  PR,294 Gerlach Crossing Apt 19,Long Beach,California,Los Angeles County,6059,90740,33.780212821795615,-118.3236271053621,87936.35,770678.32,68040
b481dd01-a113-ce04-0e27-38637c4f2986,1993-03-20,,999-22-5228,S99988759,X11950350X,Mr.,Josh874,,Gibson10,,,S,white,hispanic,M,Hayward  California  US,957 Ortiz Overpass,La Presa,California,San Diego County,,00000,32.66365557337653,-116.97224697379188,146751.13,877213.03,191894
47fdbd57-970f-8b77-9d2a-e486dd0e04bf,1953-06-18,,999-93-8635,S99925271,X84282674X,Mr.,David908,Carmelo33,Huel628,,,S,other,hispanic,M,Stockton  California  US,367 Terry Brook Suite 80,Searles Valley,California,San Bernardino County,,00000,35.77724623700134,-117.4100785476539,361019.69,277652.98,94279
b718fac4-351d-7f4c-38a0-9f516316b6c3,1992-01-31,,999-66-7946,S99973386,X81966602X,Mrs.,María Teresa440,Carlota980,Velásquez56,,Robles531,M,white,hispanic,F,Ponce  Puerto Rico  PR,109 Dietrich Annex,Shell Ridge,California,Contra Costa County,,00000,37.95143664870687,-122.04866421975986,127022.32,797257.85,309941
aff0b880-0bb7-3ef9-4647-ac53156fc0cf,2004-03-25,,999-94-4164,S99945441,X78830884X,Ms.,Cristina921,Teresa94,Borrego496,,,,white,hispanic,F,Guatemala City  Guatemala  GT,746 Dooley Station Unit 91,Baldwin Park,California,Los Angeles County,6037,91706,34.071935048659945,-117.99200092028093,62328.52,336289.82,83081
90dfdfd1-5893-8c35-3272-a0c00a8751ed,1923-09-08,2009-12-14,999-82-2526,S99992494,X81064883X,Ms.,Charlene806,,Rempel203,,,S,white,nonhispanic,F,Fairfield  California  US,397 Gibson Divide Unit 54,San Jacinto,California,Riverside County,6065,92544,33.81876272932293,-116.97393559138605,760733.33,1451090.69,52744
132dec0d-053f-160c-ad20-caf39c2b9dfa,1972-02-23,2016-08-23,999-42-4422,S99931503,X40194932X,Ms.,Edwina60,Twanda979,Emmerich580,,,S,asian,nonhispanic,F,San Jose  California  US,519 Mills Vale Unit 73,Hayward,California,Alameda County,6001,94541,37.8201067285191,-121.84983650680331,609774.59,77636.06,76311
18356729-c528-13e6-ad06-0c28c751007e,1982-12-20,,999-85-3562,S99920245,X62549739X,Mrs.,Bev675,Dahlia209,Lind531,,Stehr398,M,white,nonhispanic,F,Anaheim  California  US,463 Harber Walk Unit 8,Oakland,California,Alameda County,6001,94605,37.824931402073084,-122.2090386460957,224859.95,731480.32,28147
f37e23d7-4f7e-767f-81c3-10fa3aefefef,2024-03-07,,999-30-8390,,,,Carroll471,Dewayne363,Braun514,,,,asian,nonhispanic,M,Santa Ana  California  US,372 Stoltenberg Pathway Suite 52,Santa Clara,California,Santa Clara County,6085,95053,37.32251258461557,-121.99741847233929,700.00,13405.32,29886
2ecc615b-1b7f-75e3-6f78-8321c1929a15,2004-01-03,,999-61-5699,S99941437,X43162948X,Ms.,Lori426,Julian715,Conroy74,,,,white,hispanic,F,Elk Grove  California  US,907 Wisozk Road Apt 57,Palmdale,California,Los Angeles County,6037,93591,34.70791335653655,-117.87384870967868,72493.88,22708.43,70608
ca812465-cd8a-6b89-39c8-0f9d435f7dad,1990-01-26,,999-73-8932,S99959239,X78474962X,Mr.,Karl184,,Wolff180,,,M,asian,nonhispanic,M,Garden Grove  California  US,536 Blanda Loaf Suite 54,Lakewood,California,Los Angeles County,6037,90715,33.84563888166966,-118.22694871541705,40744.57,62886.09,36204
b04f9ec2-a1e6-94e5-30eb-e1bf766e25b1,2006-08-23,,999-73-5269,S99948358,,Mr.,Claudio955,Teodoro374,Ornelas92,,,,white,hispanic,M,Port-au-Prince  Haiti  HT,1084 Moore Rest Apt 99,Azusa,California,Los Angeles County,6037,91702,34.252343632046404,-117.85752655451932,9032.45,60819.47,34311
57dc1f32-959e-8d63-fe86-b4cbdeac6cd4,1970-11-03,,999-10-1685,S99979986,X74160309X,Mr.,Andres25,Leigh689,Schmidt332,,,M,white,nonhispanic,M,Modesto  California  US,300 Casper Ramp,San Jose,California,Santa Clara County,6085,95002,37.26724301529301,-121.93022078351396,169081.75,26191.05,584387
28bb21a1-e414-567b-a89f-eb85757c375e,2010-07-31,,999-54-5991,,,,Guadalupe206,Wally311,Lemke654,,,,white,hispanic,M,Clovis  California  US,545 Kemmer Burg Apt 60,Palo Alto,California,Santa Clara County,6085,94043,37.406749456038604,-122.16755858103633,31793.29,43398.89,133408
be473aa2-e94f-2c0d-9215-d1d99e9f89aa,1974-07-26,,999-18-6751,S99956237,X17054390X,Mrs.,Lachelle614,Meaghan273,Gutkowski940,,McClure239,M,white,nonhispanic,F,Salinas  California  US,151 Yundt Village Apt 57,Daly City,California,San Mateo County,6081,94015,37.664354099019945,-122.50063920542638,733536.99,527620.96,67134
8b10f7c1-c47b-eb7c-b136-f86c1235ef22,1928-08-21,2006-07-02,999-12-4221,S99963799,X88961563X,Mr.,Cornelius968,Chester802,Schamberger479,,,D,white,nonhispanic,M,Menifee  California  US,308 Quitzon Neck Unit 69,Parkway,California,Sacramento County,,00000,38.4898382212724,-121.4681213050729,289797.38,4905725.90,27033
3f7b27a9-5248-9387-cf36-60f01179105b,1925-09-13,1992-06-03,999-84-1111,S99942989,X84026864X,Mr.,Robbie31,Jan231,Dibbert990,,,M,white,nonhispanic,M,Elk Grove  California  US,154 Carroll Harbor Unit 88,East Los Angeles,California,Los Angeles County,6037,90022,34.06462695474836,-118.16027499229894,294541.10,88477.82,48658
91eb3a02-16d5-3152-1f34-5ae9081cb9a0,1972-02-23,,999-67-6109,S99968675,X35326602X,Mrs.,Noel608,,Sipes176,,Runolfsson901,M,asian,nonhispanic,F,Los Angeles  California  US,984 Borer Passage Suite 31,Hayward,California,Alameda County,6001,94588,37.79360910844402,-121.93072946656558,426748.26,186376.52,76311
f1c7004e-2e27-b726-9db6-e43b99f40342,1966-04-05,,999-30-6874,S99917787,X33366505X,Ms.,Fumiko79,Karima879,Torp761,,,S,white,nonhispanic,F,Wrocław  Lower Silesian  PL,834 Dare Brook,San Jacinto,California,Riverside County,6065,92582,33.69665682095506,-116.87388868539321,488934.09,0.00,120121
3b6f3d0e-c5d8-8282-88ac-582fcc38ad34,1922-01-20,2009-04-04,999-82-3175,S99915936,X14489314X,Mr.,Jed345,Harrison106,Block661,,,M,white,nonhispanic,M,Interlaken  California  US,623 Konopelski Gate Unit 78,Mission Viejo,California,Orange County,6059,92653,33.592923889104156,-117.58030171875613,215385.29,2845215.06,632635
cd789a18-e944-5801-20dd-e4e0be019387,1998-05-01,,999-77-1282,S99989794,X44872501X,Mr.,Williams176,,Schmidt332,,,,white,nonhispanic,M,Milpitas  California  US,1053 Ankunding Viaduct Suite 73,Coachella,California,Riverside County,6065,92236,33.48402378276818,-116.1337409947534,15712.62,88238.58,43080
0a15cf19-6f9f-227b-54c4-d3da911b452d,2018-01-03,,999-25-7358,,,,Xiomara943,Kenya524,Quitzon246,,,,white,hispanic,F,San Jose  California  US,133 Ruecker Parade,Long Beach,California,Los Angeles County,6037,90713,33.707951873491716,-118.17171944505438,1287.97,22247.33,30735
1c186e0e-b311-6a6f-eb99-a3db37aca99c,1941-01-05,,999-17-2143,S99927904,X27472596X,Mrs.,Merlene950,Reita211,Schowalter414,,Marks830,D,native,nonhispanic,F,Murrieta  California  US,752 Kessler Ranch Apt 85,Port Hueneme,California,Ventura County,6111,93041,34.20544530171694,-119.18297365473731,845680.42,729925.20,43542
4aa986cf-8650-bf79-1ff3-cac0e2836ab0,1990-10-18,,999-51-6687,S99911661,X30482389X,Mrs.,Leticia253,Rosalia943,Galarza986,,Lebrón484,D,white,hispanic,F,Havana  Havana  CU,310 Bergstrom Run Suite 71,Exeter,California,Tulare County,6107,93221,36.335453912490145,-119.03841285600227,115159.97,819944.30,32163
88e4a30c-0849-8511-c0ae-29ede598e37f,1980-03-05,,999-29-4215,S99957974,X79064961X,Mr.,Donte636,,Little434,,,M,white,nonhispanic,M,Norwalk  California  US,940 Schiller Alley,Richmond,California,Contra Costa County,6013,94805,37.93652133897089,-122.303677907266,66951.98,65596.08,196845
bd01627e-b9eb-1f2f-1278-aad090a1b35f,1971-06-25,,999-68-4111,S99981759,X11713285X,Mrs.,Tien590,Genia944,McCullough561,,Harris789,M,white,nonhispanic,F,Los Angeles  California  US,704 Hartmann Plaza Unit 49,Fullerton,California,Orange County,6059,92831,33.84798268191103,-117.92154929538266,14198.81,1488985.53,21459
072c93fb-b4fb-3c60-44ab-b5db708bc476,2020-02-15,,999-83-8802,,,,Kimberley248,Verna758,Fahey393,,,,white,nonhispanic,F,Chula Vista  California  US,551 Rippin Wynd,Laguna Niguel,California,Orange County,6059,92677,33.53945046936705,-117.74907624871175,20003.34,5403.07,414044
16cb7aac-af56-78ea-573c-708d786a24f0,1923-09-08,2006-09-26,999-10-6460,S99997915,X48571871X,Mrs.,Sudie246,Sibyl335,Sauer652,,Kris249,M,white,nonhispanic,F,East Los Angeles  California  US,989 Klein Branch Apt 20,San Jacinto,California,Riverside County,6065,92583,33.84034891818296,-116.89368889563274,1833696.25,466976.37,52744
cb300bb2-53cf-aaca-d1fa-87fad2df8874,1979-08-17,,999-21-7126,S99981970,X17997450X,Mrs.,Dorie139,,Langworth352,,Moore224,M,white,nonhispanic,F,El Monte  California  US,853 Gerhold Ville,La Cañada Flintridge,California,Los Angeles County,6037,91011,34.1933153374023,-118.2387126764887,309870.56,897867.61,692066
aab3ba43-9ac0-1dac-79fd-1c50972c6d43,1987-07-26,,999-42-4411,S99991752,X54771475X,Mr.,Kelly223,Jae222,Kris249,,,M,white,nonhispanic,M,Santa Cruz  California  US,313 Macejkovic Road Unit 64,La Puente,California,Los Angeles County,6037,91746,34.07345811197088,-117.9717196266007,113013.92,22853.10,67554
655b022c-9c61-f765-1680-3eb5583d5e79,2021-06-28,,999-95-9454,,,,Scot349,Art115,Hansen121,,,,white,nonhispanic,M,San Juan Capistrano  California  US,149 Bogan Ferry,Minkler,California,Fresno County,,00000,36.70847110866924,-119.47488846068292,21268.53,2913.72,95977
a1976a0b-ab8d-e946-a84e-53cf3ab39731,2023-03-23,,999-64-3932,,,,Homer307,Arron144,Gerhold939,,,,asian,nonhispanic,M,Selma  California  US,892 Medhurst Quay Suite 17,San Francisco,California,San Francisco County,6075,94111,37.81310510730796,-122.4011510356885,350.00,9660.55,15479
5e163ebb-7386-45b7-6bb9-1ec52a38e81d,1976-05-28,,999-98-1016,S99985058,X77315143X,Mr.,Porter490,Dexter530,Kling921,,,M,white,nonhispanic,M,Ceres  California  US,469 Mitchell Brook,Pasadena,California,Los Angeles County,6037,91101,34.191127773044315,-118.10681366573645,10910.09,941106.45,18541
fef8437c-357f-34cd-322e-e4eda676cf50,1995-09-29,,999-32-7854,S99941204,X5810764X,Mr.,Joaquín233,Julio César525,Esquivel546,,,S,hawaiian,hispanic,M,Tegucigalpa  Francisco Morazán  HN,515 Cormier Harbor,Bakersfield,California,Kern County,6029,93220,35.43865059944615,-118.93933464999974,9571.06,1044338.83,15449
a847e19a-86a9-2d98-0800-8af646365a8d,1983-12-14,,999-68-9312,S99923146,X3868178X,Mr.,Dorian295,,Hintz995,,,M,white,nonhispanic,M,Jurupa Valley  California  US,625 Raynor Lock,Albany,California,Alameda County,6001,94707,37.89601388693009,-122.35039753894809,156650.42,104864.81,195920
14e28c76-d699-cfd1-3d5c-a54073059b58,1925-09-13,1992-12-10,999-38-1637,S99952520,X75260107X,Mr.,Chung121,Isreal8,Schulist381,,,D,white,nonhispanic,M,Bellflower  California  US,319 Mueller Rue Unit 1,East Los Angeles,California,Los Angeles County,6037,90022,34.049908400143785,-118.1543126557958,335820.86,130461.41,48658
20aa678d-5d34-7d3d-6893-b57d3f2c3e09,1968-05-11,,999-93-2440,S99952593,X33349111X,Mr.,Cristobal567,Claudio955,Marroquín624,,,M,white,hispanic,M,San Salvador  El Salvador  SV,567 Hermiston Gardens,Brawley,California,Imperial County,6025,92227,32.95164693657658,-115.40860060346519,151799.41,32260.04,50318
77be9615-0d06-e30c-f479-568686b0a344,1973-02-28,,999-57-7723,S99970604,X38782906X,Mr.,Nickolas58,,Wehner319,,,M,white,nonhispanic,M,Clovis  California  US,469 Tillman Vista Apt 97,Newport Beach,California,Orange County,6059,92612,33.57582889080898,-117.92627763754376,26507.61,1161275.57,4007
579cf0fc-c270-4943-6d01-af86225db445,2010-07-25,,999-35-4148,,,,Garth972,Dennis979,Weber641,,,,white,nonhispanic,M,Victorville  California  US,890 Williamson Fork Suite 55,Mill Valley,California,Marin County,6041,94904,37.8978165132799,-122.55236122224473,27680.71,30845.30,144672
05e154ca-8222-b152-2a9f-8b374d84d20c,1967-09-19,,999-47-1581,S99995781,X102733X,Mr.,Donald774,Trinidad33,Gorczany269,,,M,white,nonhispanic,M,Temecula  California  US,498 Goldner Rest,Lancaster,California,Los Angeles County,6037,93551,34.61579772253976,-118.19152378414105,14180.77,392972.17,15403
eabd0276-f3bc-1619-ed51-ba2b5aaaf31f,1994-09-21,,999-69-7143,S99915691,X22052980X,Mr.,Jon665,Von197,Glover433,,,M,white,nonhispanic,M,Long Beach  California  US,561 Runolfsdottir Spur,Lawndale,California,Los Angeles County,6037,90250,33.8408179934062,-118.35263230391752,23327.75,76780.10,32762
66eaf3b8-615b-45d4-a38f-e183999eb987,1987-10-19,,999-15-1132,S99933071,X62009958X,Mr.,Roderick835,Gene733,Schiller186,,,S,white,nonhispanic,M,Bellflower  California  US,1018 Kreiger Glen Apt 13,San Marcos,California,San Diego County,6073,92009,33.142950611318874,-117.21542071191463,60745.68,220422.34,26144
5249c4b6-8a86-1a15-c55d-19fb9f7b19be,1994-03-19,,999-55-9638,S99949765,X85230733X,Mrs.,Shanda945,Nu535,Konopelski743,,Volkman526,M,asian,nonhispanic,F,Ceres  California  US,327 Brakus Common,Lake Forest,California,Orange County,6059,92630,33.62078310074568,-117.65356589218051,146144.33,397828.87,906415
57b58f05-5b77-c05e-bba3-6aa90cd6aec6,1978-05-06,,999-16-1833,S99943382,X72691487X,Mr.,Lonnie913,Jere230,Boyer713,,,S,white,nonhispanic,M,Westminster  California  US,702 Paucek Mill,San Francisco,California,San Francisco County,6075,94102,37.72783928662522,-122.4857989552772,53309.17,146807.16,24607
aa036461-0893-f1a8-bc8a-f21f6c70269e,2014-05-25,,999-37-4370,,,,Gregorio366,Rodrigo242,Mayert710,,,,asian,nonhispanic,M,Wildomar  California  US,236 Beier Gate,Oakland,California,Alameda County,6001,94610,37.735333883542296,-122.20964089383482,34035.81,5844.39,57163
e71de285-5e37-bde0-53d8-0eee53094d19,1925-09-13,1961-04-18,999-30-8842,S99927179,X45783328X,Mr.,Denis399,,Kertzmann286,,,D,white,nonhispanic,M,Belmont  California  US,886 Graham Overpass,East Los Angeles,California,Los Angeles County,6037,90022,34.006383742466625,-118.1885055599941,136898.63,78040.19,48658
272f5a88-62ea-70a3-8c46-61d4e8abeebd,1928-08-21,2011-04-06,999-33-1208,S99993529,X21486722X,Mr.,Willis868,,Jakubowski832,,,D,white,nonhispanic,M,San Clemente  California  US,510 Abshire Rest Suite 68,Parkway,California,Sacramento County,,00000,38.520138279748565,-121.49120356421545,198089.56,627484.13,27033
90696766-ae22-4dd7-750e-26131c9e4da8,1923-09-08,1992-11-14,999-89-3682,S99986473,X89646719X,Mrs.,Kaycee352,Candance389,Dibbert990,,Harvey63,M,white,nonhispanic,F,Brea  California  US,1063 Wehner Alley Unit 50,San Jacinto,California,Riverside County,6065,92583,33.76365816849105,-117.105367941853,1318702.57,856174.87,52744
2dfa75ed-aaa7-5f8b-2de6-eb2e042e4dbc,1990-01-13,,999-50-9776,S99990283,X22845962X,Mr.,Benito209,Enrique929,Bahena335,,,M,white,hispanic,M,Caguas  Puerto Rico  PR,466 Cassin Road Suite 35,Visalia,California,Tulare County,6107,93277,36.38189529604428,-119.2293314660359,229952.33,97469.26,71303
8acd8d34-d453-de07-1c7a-3e419cb17d82,1962-03-19,,999-93-3890,S99949944,X35464682X,Mrs.,Nichelle912,Tyisha680,Lynch190,JD,Ritchie586,D,white,hispanic,F,Livermore  California  US,299 Christiansen Mission Apt 31,Murphys,California,Calaveras County,6009,95247,38.17776544232271,-120.4566951266599,1132025.16,87756.57,116916
6c7ebd88-7126-7317-3bc8-2882011e2bcc,2021-06-06,,999-61-8611,,,,James276,Lamar193,Stiedemann542,,,,white,nonhispanic,M,Fontana  California  US,919 Howe Branch,Moreno Valley,California,Riverside County,6065,92557,34.01089112849713,-117.29864143474116,18344.42,5869.87,61006
52269681-ef85-ef34-7717-41053883da0d,1991-04-03,,999-11-3862,S99965921,X31689617X,Mrs.,Susana117,,Saucedo620,,Cedillo160,M,white,hispanic,F,Santiago de los Caballeros  Santiago  DO,721 McLaughlin Glen,Fontana,California,San Bernardino County,6071,92337,34.072680034527394,-117.51466221937916,887833.29,249832.95,184
b79dd930-982b-f5d9-e52d-a3a94f0f855f,1972-05-30,2021-10-03,999-24-3577,S99943871,X8035827X,Mr.,Andy346,Kareem959,Dietrich576,,,M,asian,nonhispanic,M,San Jose  California  US,183 Homenick Bay Apt 9,Elk Grove,California,Sacramento County,6067,95758,38.482710738721735,-121.32372603807065,10009.67,426863.50,10061
e50916bc-6f93-fa6b-32af-62235a293b4c,1978-06-30,,999-55-9800,S99973649,X75419495X,Mr.,Terrence276,,Klocko335,,,D,white,hispanic,M,San Diego  California  US,889 Wiegand Pathway,Los Angeles,California,Los Angeles County,6037,91604,34.140119139399886,-118.19353750763575,23601.80,1471552.48,6784
ac3d2727-7c04-c638-dda1-251de172fd2e,2009-01-29,,999-63-7356,S99929271,,,Ana Luisa894,,Duran646,,,,white,hispanic,F,San Salvador  El Salvador  SV,235 Ebert Boulevard,San Diego,California,San Diego County,6073,92071,32.73436810963151,-117.13894390824632,6614.77,945482.45,3556
0e86a109-1caf-2477-511f-76412937ec40,1972-12-15,,999-20-7138,S99969865,X9769633X,Mr.,Neil122,Marcel580,Jaskolski867,,,M,white,hispanic,M,Rio del Mar  California  US,548 Murray Gateway Suite 43,Fontana,California,San Bernardino County,6071,92377,34.16965070199003,-117.43433840279559,158890.25,27520.57,135878
98ee8964-75a0-eada-cd22-8b90359dedcd,1972-12-15,,999-46-6037,S99996075,X16211067X,Mr.,Ramón841,Mariano761,Trujillo801,,,S,black,hispanic,M,San Salvador  El Salvador  SV,1093 Crooks Walk Suite 1,Redlands,California,San Bernardino County,6071,92374,34.05600509462278,-117.18355554898176,49279.18,109095.57,35873
c64897ed-0fe5-b5cc-0412-967085a8a3d6,1995-06-19,,999-32-2582,S99975285,X57111617X,Mr.,Kent912,Pierre431,Weimann465,,,M,native,nonhispanic,M,Chula Vista  California  US,159 Considine Promenade,Paramount,California,Los Angeles County,6037,90262,33.95514131195755,-118.19152548441393,52329.17,213602.96,43887
213156cf-e136-64db-8ae3-f667f6b3b4b9,2003-12-28,,999-84-9449,S99924735,X6264885X,Ms.,Eliz744,Pauletta164,Wolff180,,,,white,hispanic,F,Los Angeles  California  US,1077 Schaden Path Apt 64,Orange,California,Orange County,6059,92806,33.70882924667795,-117.75218762609049,5084.65,103780.86,15701
cf924996-f20a-6cbc-7fbc-2a13bf9e8885,1978-01-18,,999-43-4494,S99952141,X53171126X,Mr.,Jackie93,,Predovic534,,,M,white,nonhispanic,M,San Diego  California  US,266 Schimmel Junction,Escondido,California,San Diego County,6073,92025,33.11127708162627,-117.17710056397459,103954.30,29817.31,169621
f61ebb43-e895-a3f9-61c6-056605721801,1990-09-14,,999-56-9739,S99937152,X81526440X,Mrs.,Sha84,Chantell995,Reynolds644,,Blick895,M,white,nonhispanic,F,Palmdale  California  US,820 Gerlach Wynd Suite 17,Roseville,California,Placer County,6061,95661,38.77270281142768,-121.32686164767024,814054.61,159506.82,68215
e59113bb-2426-88f6-e634-c81c76101e67,1987-03-31,2025-09-04,999-88-8830,S99984236,X4868431X,Mrs.,Zenia843,Nobuko304,McLaughlin530,,Leuschke194,D,white,hispanic,F,Foothill Farms  California  US,788 Ondricka Common Unit 7,Los Angeles,California,Los Angeles County,6037,90402,34.31004380049982,-118.42966588726426,205439.22,871297.62,73783
db88c5d2-b6a5-bcaf-38f6-3aeed3e4641a,1927-10-06,2013-06-11,999-22-1344,S99969763,X22576854X,Mrs.,Leticia253,Silvia880,Nava670,JD,Alicea505,M,white,hispanic,F,La Paz  Baja California  MX,921 Gleason Alley,Arcadia,California,Los Angeles County,6037,91732,34.09378645297412,-117.98982218213877,688281.67,558308.04,85104
a03570c7-65e4-62eb-2b1e-6f95408e8f81,1972-05-30,,999-30-6686,S99970429,X9087710X,Mr.,Ernest565,Isreal8,Wunsch504,,,M,asian,nonhispanic,M,Bakersfield  California  US,150 Schultz Key Unit 45,Elk Grove,California,Sacramento County,6067,95624,38.351554402428945,-121.40476785131436,38019.14,1671485.87,10061
81141eff-8947-7734-9073-2a4c2284fb49,1925-09-13,2012-06-28,999-46-3935,S99940384,X57969718X,Mr.,Gary33,Maximo817,Runte676,,,M,white,nonhispanic,M,Santa Maria  California  US,574 Collier Bridge Apt 32,East Los Angeles,California,Los Angeles County,6037,90022,34.01795259194518,-118.16927111048165,158464.94,751578.44,48658
f1a19168-3520-a671-7ac8-31790a33c631,1980-10-24,,999-72-9301,S99916532,X59356232X,Mr.,Mohamed943,Mauricio81,Glover433,,,S,white,nonhispanic,M,Escondido  California  US,510 Johnston Meadow,Hawthorne,California,Los Angeles County,6037,90250,33.954661095604216,-118.38117700327444,104237.68,60750.63,74768
1b056071-0756-2b35-0512-5a0a737d28bb,1923-09-08,2009-05-08,999-37-3443,S99998208,X45395135X,Mrs.,Lana840,Francie486,Koepp521,,Casper496,D,white,nonhispanic,F,Larkfield-Wikiup  California  US,340 Barrows Throughway,San Jacinto,California,Riverside County,6065,92544,33.827706112372624,-116.88878575683904,1013093.61,660430.50,52744
29b63aa2-c8dd-3373-177d-bde35ea07524,1980-04-11,,999-66-6404,S99919662,X70728497X,Mr.,Salvador46,Josue598,Kutch271,,,M,white,hispanic,M,Upland  California  US,480 Baumbach Byway,Los Angeles,California,Los Angeles County,6037,91340,34.15007512199887,-118.59080983832192,41921.77,95325.58,36657
ddd354f3-d6f1-9516-d35c-0b7198273041,2023-12-01,,999-53-1366,,,,Gustavo235,,Welch179,,,,asian,nonhispanic,M,Sacramento  California  US,188 Maggio Terrace Apt 78,West Covina,California,Los Angeles County,6037,91746,34.055649557310794,-117.92700852547003,6476.94,1768.73,49540
5cae6bb6-a474-013e-afb1-b5489b66ff42,2025-10-31,,999-71-3391,,,,Aldo414,Shannon293,Mraz590,,,,white,hispanic,M,West Hollywood  California  US,1035 Weissnat Loaf,San Luis Obispo,California,San Luis Obispo County,6079,93405,35.258225987119346,-120.67841098667988,100.00,1712.46,39253
4c083e84-9d56-4ec0-0968-c7ba26bbe781,1985-08-17,,999-67-7832,S99990340,X76439246X,Mr.,Teodoro374,Rodrigo242,Luevano912,,,M,white,hispanic,M,Ponce  Puerto Rico  PR,1095 Carroll Harbor Suite 42,Walnut Creek,California,Contra Costa County,6013,94595,37.853328854227826,-122.06197793918565,609620.06,468125.27,70588
da8da6ae-41f8-c5ea-ae63-5424365aa723,1992-09-20,,999-89-7904,S99970429,X49004513X,Mrs.,Cherie102,,Klocko335,,Willms744,M,white,hispanic,F,Los Angeles  California  US,164 Hand Fork,Los Angeles,California,Los Angeles County,6037,91401,34.281851167446405,-118.28713322740509,9839.94,388734.42,5661
799f8b4d-b21d-1704-71d8-247674e8bf4f,2013-12-12,,999-21-3226,,,,María Luisa888,,Padrón382,,,,white,hispanic,F,Havana  Havana  CU,284 Nader Plaza,Carmichael,California,Sacramento County,6067,95608,38.59336383145799,-121.36639091689393,2046.31,35128.79,6132
69040cff-4131-46df-fe92-31c1b4c64ccf,1987-03-31,,999-67-5736,S99912354,X39246304X,Ms.,Raguel228,Sarita454,Runte676,,,S,white,hispanic,F,San Francisco  California  US,614 Terry Highlands Suite 15,Los Angeles,California,Los Angeles County,6037,91343,34.064152536673454,-118.25535990130663,106572.74,348620.95,73783
dbb02216-6e75-f393-5839-9f58ad25189e,1935-02-19,2018-11-29,999-76-1677,S99947949,X54142617X,Mr.,Quentin28,Adolph80,Beatty507,,,M,white,nonhispanic,M,Commerce  California  US,554 Erdman Plaza,Lawndale,California,Los Angeles County,6037,90260,33.86943369900733,-118.34916009563815,496920.54,380871.20,38845
a15f9f3b-2eb1-5a43-3d74-a6acb2daeec9,1985-11-30,,999-79-4393,S99981246,X81208775X,Mrs.,Harmony242,Adelina682,Carroll471,,Keebler762,M,white,hispanic,F,Pittsburg  California  US,420 Rath Trace Apt 22,Los Angeles,California,Los Angeles County,6037,90038,34.06675156056382,-118.41933512855377,303982.48,272703.12,49043
56551199-a716-7cdc-e5ae-cf0464630f42,1982-01-19,,999-71-8116,S99979999,X36468158X,Mr.,Martín25,Ramiro608,Saiz247,,,M,white,hispanic,M,Kingston  Kingston  JM,669 Goyette Ville Unit 49,San Diego,California,San Diego County,6073,92127,32.848279203857686,-117.09009989625753,199327.06,12933.31,106969
8761b102-8033-c2b0-fa76-956450da68e4,1993-09-10,,999-12-7982,S99921544,X63823078X,Mrs.,Angle307,Berna338,Champlin946,,Daniel959,M,white,nonhispanic,F,Clovis  California  US,877 Kutch Stravenue,San Bernardino,California,San Bernardino County,6071,92407,34.110460018549766,-117.30702433702403,141391.64,265488.39,68162
2e3858e9-ecad-6564-d2ec-3d82d05504dc,1983-04-08,,999-88-3486,S99968416,X38240688X,Mr.,Jordon466,Lowell343,Shields502,,,M,white,nonhispanic,M,San Francisco  California  US,472 Becker Overpass Suite 38,Long Beach,California,Los Angeles County,6037,90713,33.774417083629196,-118.1357848364463,38834.55,170073.25,25643
0ea2fd3a-b30e-cb17-65ef-c5e6fafff9d0,1922-01-20,,999-60-2717,S99925226,X20096651X,Mr.,Ron353,Refugio197,Berge125,,,M,white,nonhispanic,M,Los Angeles  California  US,488 Bashirian Fork Unit 77,Mission Viejo,California,Orange County,6059,92691,33.58006421904103,-117.60237366970398,419579.62,2317497.13,632635
8158f3b7-97b2-bfaf-b9e9-7c21aa0a504f,1960-08-13,,999-44-1105,S99918877,X1397141X,Mr.,Eusebio566,,Kerluke267,,,M,white,hispanic,M,Emerald Lake Hills  California  US,659 Prohaska Lock,Brawley,California,Imperial County,6025,92227,32.956092592120356,-115.39934718793363,13365.36,373366.27,8626
a6164465-13c0-6497-ae4b-dbb76ac65083,1980-05-28,,999-37-7252,S99961283,X71316881X,Mr.,Federico589,Tomás404,Aguilera202,,,M,white,hispanic,M,Bogota  Bogota  CO,400 Toy Club,Pleasanton,California,Alameda County,6001,94568,37.620382344109665,-121.89016249764772,102346.41,43057.32,364833
5e05faa7-7948-3733-b3c7-062a7349e71b,1997-02-17,,999-40-6461,S99974630,X39395106X,Mr.,Lon587,Hugh686,Considine820,,,M,white,nonhispanic,M,San Diego  California  US,464 Zboncak Common,Tracy,California,San Joaquin County,6077,95304,37.677702890479765,-121.4425253569148,285658.87,227325.83,107004
068dbccc-49d0-3ccf-8797-2fb03422319c,1989-02-22,,999-24-7503,S99922539,X32545010X,Ms.,Andrea7,Adriana394,Gálvez271,,,S,white,hispanic,F,Santiago de los Caballeros  Santiago  DO,1052 Kuhn Underpass Suite 79,Los Angeles,California,Los Angeles County,6037,90095,34.00531219564403,-118.23642659698973,251401.87,887438.61,65474
4cf51225-7e6f-71da-588b-d48307f6665f,2018-01-24,,999-28-2242,,,,Rene434,Rex53,Sawayn19,,,,black,hispanic,M,Los Angeles  California  US,503 Hahn Terrace,El Sobrante,California,Riverside County,6013,94803,37.992076141014564,-122.30453241357019,25894.93,18026.56,51966
2a5f8d25-7048-4385-850a-80ae5fa5c8f3,2007-09-05,,999-17-1947,S99973074,,Mr.,Andrew29,Douglas31,Yost751,,,,black,hispanic,M,Napa  California  US,848 Bechtelar Ramp Apt 59,Rialto,California,San Bernardino County,6071,92316,34.040864386397274,-117.34254519550205,29015.15,29153.61,71988
eaa059ee-0021-6b75-8903-9b91b6704f1e,1970-04-27,,999-63-6617,S99914027,X78056354X,Mr.,Homero668,Alfonso758,Barela183,,,D,white,hispanic,M,Roseau  Saint George  DM,160 Kilback Park,Palmdale,California,Los Angeles County,6037,91390,34.61916979811591,-117.84490327414171,16926.56,204490.59,23138
ae5f35ce-b27f-eb04-0d1d-c09bc10cb3e5,1973-02-06,,999-84-9299,S99933327,X49961241X,Mr.,Miguel Ángel46,Clemente531,Alonzo487,,,M,white,hispanic,M,Bogota  Bogota  CO,648 Hansen Center Suite 74,Santa Clara,California,Santa Clara County,6085,94086,37.38998981780594,-121.96151907829996,118693.60,142046.64,27548
c263aa2f-411e-3daf-16e0-87fd0257fc5c,1962-04-06,,999-51-5616,S99968404,X69426819X,Mr.,Rod343,Cletus494,Heaney114,,,M,black,nonhispanic,M,Meadow Vista  California  US,628 McClure Junction Unit 93,Cherryland,California,Alameda County,,00000,37.643028010515806,-122.09468226736925,166386.80,525549.26,64999
5b1b09c4-7884-c3f5-b819-8fd9f9b67b9d,1923-09-08,,999-43-2657,S99929667,X3153834X,Mrs.,Ellyn26,Rebbeca432,Volkman526,,Rohan584,M,white,nonhispanic,F,San Francisco  California  US,244 Nader View Suite 79,San Jacinto,California,Riverside County,6065,92582,33.79251840089294,-117.03263275092641,740233.92,386268.99,52744
76651142-2a94-5802-20ce-2d1b60ed6001,1968-08-09,2025-12-20,999-39-9331,S99954454,X72989414X,Mr.,Hilario934,Milan77,Rutherford999,,,M,white,nonhispanic,M,El Centro  California  US,237 Maggio Key,San Francisco,California,San Francisco County,6075,94109,37.779010638020175,-122.35731100099977,6128.81,401297.54,15546
8811e54a-61c4-33ad-843f-84d34515105f,1925-09-13,2009-06-25,999-41-6395,S99995565,X5689754X,Mr.,Abe604,Irvin970,Jakubowski832,,,M,white,nonhispanic,M,San Diego  California  US,207 Oberbrunner Spur Suite 78,East Los Angeles,California,Los Angeles County,6037,90022,33.983854167372826,-118.13942152285395,451427.41,650984.88,48658
d649f124-080f-821c-812f-f65a78751dbc,1989-10-27,,999-70-3920,S99946378,X46416870X,Mrs.,Idell650,,Kovacek682,,Friesen796,M,black,nonhispanic,F,Los Angeles  California  US,165 Daugherty Walk,Madera,California,Madera County,6039,93637,36.91438806621689,-120.16862572369314,141318.93,123114.01,46738
4c0c40e4-1c5f-8e3f-698a-f623184054ec,1974-06-25,,999-50-3166,S99971778,X29410253X,Mr.,Roger751,Barney639,Conn188,,,M,white,nonhispanic,M,El Cajon  California  US,831 Nitzsche View Unit 97,Roseville,California,Placer County,6061,95765,38.755814679609045,-121.29730090584492,81956.41,126623.63,121244
e4b40ae4-fc79-7a76-396a-57c3e454c543,2002-12-02,,999-96-1667,S99936442,X52017793X,Ms.,Blanca837,Esperanza675,Villa94,,,,asian,hispanic,F,Mexico City  Mexico City  MX,973 West Dale Apt 84,Pasadena,California,Los Angeles County,6037,91107,34.11140521706942,-118.13603897655712,218912.53,17611.72,118416
fe942124-a551-732d-7e74-52541de0e870,2005-12-10,,999-36-6425,S99916110,X63327793X,Ms.,Hilde556,,Dietrich576,,,,white,nonhispanic,F,Isleton  California  US,808 Gottlieb Fork Suite 23,Escondido,California,San Diego County,6073,92026,33.14219036496134,-117.11271206883305,5824.21,316401.99,5445
d052db3c-030e-ee8b-52eb-0330acb6ebb1,1935-02-19,,999-69-4775,S99920982,X1168670X,Mr.,Derek111,Brett333,Cassin499,,,M,white,nonhispanic,M,Walnut Creek  California  US,1042 Hartmann Esplanade,Lawndale,California,Los Angeles County,6037,90260,33.87377895789894,-118.28827573119972,406077.51,397755.90,38845
b871c9ad-e93e-c331-4e09-84bd09914396,1985-03-25,,999-82-7529,S99919231,X61840012X,Mrs.,Shara355,Gretta175,Cummerata161,,Krajcik437,D,white,hispanic,F,Baldwin Park  California  US,165 Orn Bypass Unit 44,Menifee,California,Riverside County,6065,92584,33.75077658549821,-117.20371727859585,20891.20,1472635.23,14731
9931fc4a-e091-a20e-90c8-b395ec70e515,1927-10-06,2013-05-30,999-69-7649,S99973601,X41981207X,Mrs.,Catalina187,Dolores502,Irizarry542,PhD,Molina998,M,white,hispanic,F,Portsmouth  Saint John Parish  DM,176 Bauch Annex Suite 45,Arcadia,California,Los Angeles County,6037,91007,34.076886619666624,-118.04324011903068,1480017.88,1841661.04,85104
af11b49f-ac8b-fe54-2d46-25e0cae8f7c4,1950-05-03,,999-52-3879,S99990003,X42390412X,Mr.,Clair921,Cleo27,Hirthe744,,,D,white,nonhispanic,M,Bellflower  California  US,385 Thompson Bridge,Los Angeles,California,Los Angeles County,6037,90014,34.227013511208575,-118.51028135363921,13411.04,401030.76,12428
27a29570-2f49-449e-ad4b-50a163ae2c24,2001-12-13,,999-85-1573,S99927625,X2851558X,Mr.,Calvin845,Anthony633,Denesik803,,,,white,nonhispanic,M,Agoura Hills  California  US,394 Huel Port Suite 46,San Dimas,California,Los Angeles County,6037,91773,34.190788199461494,-117.7693713765735,25454.73,967949.30,34098
69d85be7-bfb7-e6df-24e9-68a35cc533ce,2004-07-01,,999-42-1200,S99927276,X81037250X,Mr.,Julian715,Seymour882,VonRueden376,,,,white,nonhispanic,M,Los Angeles  California  US,876 Konopelski Throughway Unit 82,Seaside,California,Monterey County,6053,93940,36.54226665191527,-121.86862234307438,9458.94,81104.10,31627
c022157b-1640-217b-e7fb-ca1b1de0b186,1968-08-09,,999-68-7577,S99990481,X78999894X,Mr.,Paris331,,Leannon79,,,S,white,nonhispanic,M,Los Angeles  California  US,915 Larkin Byway,San Francisco,California,San Francisco County,6075,94130,37.73595283503531,-122.4927352482111,20093.54,1267471.33,15546
5a7afb04-cde5-290c-af30-1250e71abc7a,2024-08-01,,999-58-5841,,,,Lady554,,Maggio310,,,,black,nonhispanic,F,Pasadena  California  US,285 Brown Knoll Suite 71,Los Angeles,California,Los Angeles County,6037,90014,34.24573445481054,-118.46974627340848,6305.53,0.00,190867
cc4f84de-07f9-f3db-63fd-cc8cfd89c85f,1928-08-21,2025-06-14,999-53-8583,S99974669,X899572X,Mr.,Rory188,Rolando809,Dooley940,,,D,white,nonhispanic,M,Ceres  California  US,1022 Breitenberg Trafficway,Parkway,California,Sacramento County,,00000,38.49555090988159,-121.46428640528516,380900.06,3828363.17,27033
dadde9af-6784-a4bf-5c3b-4d2ddc864b12,2020-11-11,,999-56-5910,,,,Rene434,,Weimann465,,,,black,nonhispanic,M,Thousand Oaks  California  US,153 Boyer Lodge Suite 91,Fairfield,California,Solano County,6095,94535,38.269257697036345,-122.02346960522006,25902.92,11408.29,157967
dc164e13-7d75-7a7f-5133-20996cc7bd08,1969-09-23,,999-67-9748,S99929617,X76044193X,Mr.,Dexter530,Raphael767,Wisozk929,,,M,asian,hispanic,M,Livermore  California  US,996 Pagac Union,Oxnard,California,Ventura County,6111,93035,34.2474854777049,-119.15930392012939,252873.49,78325.22,40588
e8978f61-db45-e896-33a3-791267c42a52,1980-03-22,,999-61-2883,S99962022,X3645031X,Ms.,Lesha323,Faustina753,Weimann465,,,S,black,nonhispanic,F,Rialto  California  US,401 Grady Gateway,Kensington,California,Contra Costa County,6001,94706,37.94140694510705,-122.24409989136166,435388.53,1167765.31,141591
90ff3243-c8ee-15cf-0eeb-76cc24c4e1d7,2021-03-03,,999-36-6513,,,,Bradley693,Marco578,Lind531,,,,white,nonhispanic,M,Chino  California  US,165 Jacobs Approach,Los Angeles,California,Los Angeles County,6037,90745,34.08231525566617,-118.25820877248431,650.00,13156.74,18179
33d9560d-cd47-00b7-828b-b441bb49290b,1951-05-19,,999-44-3687,S99914282,X17889814X,Ms.,Kerry175,,Spencer878,,,S,white,nonhispanic,F,Los Angeles  California  US,824 Lebsack Pathway,Palmdale,California,Los Angeles County,6037,93535,34.45131391439761,-118.13421154730955,21783.95,2139248.64,7149
9802e782-0f45-43ff-db81-2744a074a9d2,1996-04-07,,999-15-7611,S99958790,X9491543X,Mrs.,Marcie463,Neida631,Sipes176,,Durgan499,M,white,hispanic,F,Long Beach  California  US,584 Bashirian Underpass,San Jacinto,California,Riverside County,6065,92543,33.611138894042774,-116.87630053432014,14641.10,1504565.85,11399
2588573d-ccb0-43bc-e436-1b2bd25c5210,2000-01-22,,999-66-8547,S99962847,X52458518X,Ms.,Drucilla444,Sharda101,Fahey393,,,,white,hispanic,F,San Jose  California  US,716 Dickinson Ramp,Reliez Valley,California,Contra Costa County,,00000,37.89698910156705,-122.0623631705707,76833.26,308890.70,489756
60a903b4-e059-490d-7a61-99e9414b8627,1964-02-23,,999-28-2480,S99976902,X45888813X,Mr.,Gavin481,Wilber603,Raynor401,,,D,white,hispanic,M,Elk Grove  California  US,977 Crooks Throughway Unit 72,Lancaster,California,Los Angeles County,6037,93535,34.74619255492294,-118.2026295645269,389100.72,6705.90,90773
48df952a-e502-a954-125c-2c4fd8bd6f56,2003-08-15,,999-40-4026,S99921837,X28071301X,Ms.,Apolonia139,Noelle559,Wiza601,,,,white,nonhispanic,F,Los Angeles  California  US,147 Rodriguez Walk Suite 17,Chino,California,San Bernardino County,6071,91709,33.998408349746335,-117.78667778267162,87684.14,13692.00,123016
27a5184b-a922-de70-cb8f-5ba8953aa44b,2024-08-09,,999-89-7697,,,,Michaele314,Arnette709,Schiller186,,,,white,nonhispanic,F,Brentwood  California  US,466 Orn Glen Suite 36,Brea,California,Orange County,6059,90631,33.85215127996607,-117.7549695355545,4367.83,3198.56,75084
2ebc0e1f-7ec7-648d-a148-9b9d58b12d8c,1925-09-13,2009-06-09,999-21-8556,S99922728,X56101417X,Mr.,Jerrell6,Jamey282,Bauch723,,,S,white,nonhispanic,M,Richmond  California  US,689 Bode Knoll,East Los Angeles,California,Los Angeles County,6037,90022,33.992845762121355,-118.11681070737495,580529.80,440248.46,48658
cbaecc23-27b6-cad8-4491-938ec3abe810,1992-09-28,,999-19-8624,S99920721,X88424758X,Mr.,Mariano761,Miguel815,Padilla483,,,M,asian,hispanic,M,Caguas  Puerto Rico  PR,263 Feest Center,San Diego,California,San Diego County,6073,92027,32.82165135104182,-117.22454681805934,10821.77,182369.20,14667
30db0fee-ab0b-ab7f-8613-434a4d19d5b7,1957-06-28,,999-56-3817,S99982649,X45634036X,Mr.,Reinaldo138,,Pollich983,,,M,white,nonhispanic,M,Danville  California  US,107 Cartwright Green,Woodcrest,California,Riverside County,,00000,33.832607069714534,-117.41157889777477,218531.73,138847.71,154076
90133000-33d1-b729-557d-8c084f546b86,1925-03-20,,999-75-7237,S99962344,X2399573X,Ms.,Nila48,Susann104,Nolan344,,,S,white,nonhispanic,F,Pismo Beach  California  US,360 Cruickshank Hollow,San Jacinto,California,Riverside County,6065,92583,33.627573555678005,-116.95273660115996,955227.58,1390563.54,52421
9d32b348-f57b-8829-734e-ca6258aeea56,1959-04-06,,999-72-9864,S99978810,X14619900X,Mrs.,Willia886,Cheree978,Cummings51,,Tillman293,W,white,nonhispanic,F,Calexico  California  US,1036 Wisozk Haven Suite 50,San Clemente,California,Orange County,6059,92675,33.470935564148554,-117.69325806855497,280312.76,637730.34,144679
3849f3c6-0edf-2731-cafa-bbce4422dd05,1961-03-08,,999-76-1848,S99980437,X6121864X,Mrs.,Iva908,Marisha663,Spinka232,,Gaylord332,M,white,hispanic,F,Aliso Viejo  California  US,235 Renner Harbor Unit 30,Monterey Park,California,Los Angeles County,6037,91803,34.03856531606574,-118.1256165793288,249492.53,204442.95,46663
b0d4597d-d30c-76f7-8644-c508d0a9f90b,1971-11-20,,999-16-5040,S99976678,X70743314X,Mr.,Federico589,Hernán834,Amador986,,,D,asian,hispanic,M,Portsmouth  Saint John Parish  DM,1039 Shields Crossroad Apt 73,Lake Elsinore,California,Riverside County,6065,92587,33.68829891898244,-117.31641359761232,355205.74,146407.88,50235
3a7fd286-345c-d279-9156-441ae0de644d,2006-03-08,,999-48-7240,S99992694,,Mr.,Monty345,Isidro558,Pfannerstill264,,,,white,nonhispanic,M,Fairfield  California  US,240 Kling Wall Suite 25,Madera,California,Madera County,6039,93638,36.91637719709025,-120.12168164601509,26568.92,26827.61,134838
e9612ca5-fdfd-501d-6297-1d6e23fd0d01,1986-12-27,,999-99-8967,S99946486,X12116334X,Mrs.,Kimberly627,,Nolan344,,Stanton715,M,white,nonhispanic,F,Ontario  California  US,238 Leuschke Union Apt 56,Duarte,California,Los Angeles County,6037,91008,34.13532202721844,-117.968530713931,145725.37,796665.53,420155
0cd4bd30-9e5c-cce2-5171-f022e68ca577,2015-06-10,,999-82-7024,,,,Ana María762,,Espinoza81,,,,asian,hispanic,F,Wesley  Saint Andrew Parish  DM,436 Tromp Bypass,Oceanside,California,San Diego County,6073,92010,33.22345256507232,-117.32531860881146,46140.79,6267.91,458519
4ad92401-5092-4969-4555-473f59e4e735,1965-12-26,,999-53-9875,S99941424,X72990970X,Mrs.,Julissa825,,Thiel172,,McCullough561,D,white,hispanic,F,Pomona  California  US,269 Grady Underpass,Lake Los Angeles,California,Los Angeles County,6037,93591,34.750771516624326,-117.83723815429133,18141.44,1031758.56,5120
7cd13182-9971-25ad-2507-53ba70394021,2013-01-12,,999-78-1408,,,,Joaquín233,Claudio955,Lebrón484,,,,white,hispanic,M,Wesley  Saint Andrew Parish  DM,548 Casper Course,Diamond Bar,California,Los Angeles County,6037,91789,33.99061071692916,-117.86528129599978,2350.00,31912.71,35785
2f3dfbd4-704f-e4e6-90eb-e5f161c15f8f,1953-03-07,2011-07-16,999-19-9312,S99927616,X88124217X,Mrs.,Marylouise236,,Buckridge80,,Osinski784,M,white,nonhispanic,F,Rowland Heights  California  US,614 Sipes Rapid,Camino,California,El Dorado County,6017,95709,38.73236190431328,-120.71769792455021,365251.11,1287922.99,164609
dc3177bf-361c-14f8-d96a-16a9a66b8db2,1953-06-06,,999-98-3608,S99940105,X38241583X,Mr.,Rubin812,,Jenkins714,,,M,white,nonhispanic,M,Oxnard  California  US,164 Lockman Mill Unit 78,San Clemente,California,Orange County,6059,92624,33.42569744274836,-117.62838163341603,49196.71,558508.48,804614
7cf27045-a7ea-c349-d912-b295aae3b21d,2024-10-06,,999-25-7855,,,,Kory651,Lawrence741,Ward668,,,,black,nonhispanic,M,Los Angeles  California  US,626 Sawayn Terrace,Camarillo,California,Ventura County,6111,93010,34.1873721984229,-118.95358800983108,8221.58,0.00,60196
6b1bfda7-d7d1-ee9d-dcd2-d79f49e35a54,1991-03-09,,999-84-6868,S99929445,X59849139X,Mr.,Stephan15,Luke971,Murazik203,,,M,asian,nonhispanic,M,Hong Kong  Hong Kong Special Administrative Region  CN,785 Pacocha Junction Apt 25,San Dimas,California,Los Angeles County,6037,91773,34.06081067481804,-117.78991528304344,4914.89,65526.27,12854
837223f9-ed18-82f3-3b18-be79340c9ffa,1972-06-21,,999-85-2441,S99988812,X51431176X,Mr.,Marcos263,Marcos263,Escalante498,,,M,white,hispanic,M,San Jose  San Jose  CR,883 Turner Wall Suite 73,Chula Vista,California,San Diego County,6073,91911,32.648012586872966,-116.97528565075986,9147.78,177513.64,23028
75632675-6437-4774-153a-d7704fba7648,1985-08-26,,999-81-1761,S99922471,X9849546X,Mr.,Clair921,,Boyer713,,,M,white,nonhispanic,M,West Carson  California  US,334 Rodriguez Skyway,Temecula,California,Riverside County,6065,92592,33.4733522456394,-117.21612995499302,72365.33,115373.08,983700
a062e398-eaa0-3239-79d7-c70cf6d5cb7b,1988-05-12,,999-90-1425,S99941813,X45311843X,Mr.,Shayne60,,Hermann103,,,S,native,hispanic,M,San Lorenzo  California  US,523 Conn Gardens Suite 11,Calabasas,California,Los Angeles County,6037,91302,34.09555643494498,-118.64138156175801,117744.17,999957.79,431219
679087f4-8e10-6d75-081b-6da0fc18e87c,1969-06-29,,999-68-3973,S99922688,X77819611X,Ms.,Cindi877,Mora209,Mitchell808,,,S,hawaiian,hispanic,F,Paramount  California  US,811 Roob Dale,Home Gardens,California,Riverside County,,00000,33.87627329918218,-117.4875732917222,113807.91,393063.03,34256
e9bc2dc1-2931-3745-a656-de1cbb8db608,1957-04-14,,999-69-9513,S99917172,X18364992X,Mr.,Elvin140,,Macejkovic424,,,S,asian,nonhispanic,M,Macau  Macao Special Administrative Region of the People's Republic of China  CN,569 Hauck Quay,Lakewood,California,Los Angeles County,6037,90713,33.83486277142333,-118.03920154045304,14303.34,408415.69,5345
2c3e06ca-9966-992b-5da5-18ade367ea1e,1963-11-25,,999-87-8405,S99931716,X67068234X,Mr.,Fletcher87,Darren774,Beer512,,,M,white,nonhispanic,M,Los Angeles  California  US,687 Block Extension Apt 54,Oxnard,California,Ventura County,6111,93036,34.222644789095185,-119.21045082653502,567927.96,22264.75,63610
1053e1d9-ffe1-b606-000f-34778381ae2e,2008-11-21,,999-59-8109,S99980881,,,Dean966,Xavier983,Boyle917,,,,black,nonhispanic,M,Santa Rosa  California  US,712 Rosenbaum Lane Apt 96,Downey,California,Los Angeles County,6037,90240,33.906054456203755,-118.06802432965475,72885.91,8892.81,79872
ae8adee0-ed75-3c0d-ecd6-4aee1c8830c3,1927-10-06,2019-09-03,999-20-2971,S99943221,X60584023X,Ms.,María Eugenia578,,Villaseñor332,PhD,,S,white,hispanic,F,Wesley  Saint Andrew Parish  DM,578 Reinger Row Suite 67,Arcadia,California,Los Angeles County,6037,91006,34.17117390951524,-118.02901927918126,896028.06,1281201.98,85104
17147de5-807d-f7ea-138e-98b2826cdf6c,1980-03-10,,999-79-1102,S99975455,X19408228X,Mrs.,Lizzette325,Steven797,Stehr398,,Dach178,M,white,nonhispanic,F,San Diego  California  US,401 Klein Gardens,San Buenaventura (Ventura),California,Ventura County,6111,93003,34.28777747424858,-119.22739303077621,380489.70,820050.81,91948
ec88616f-43c2-d282-1127-370230410705,2003-02-19,,999-63-6098,S99977049,X35174110X,Mr.,Michel472,Humberto482,Considine820,,,,white,nonhispanic,M,Lake Elsinore  California  US,543 Gaylord Lock Apt 40,Watsonville,California,Santa Cruz County,6087,95076,36.949391281102145,-121.83196385163474,82450.66,1774.53,147525
af7f9c14-2708-9fcf-93e0-de50e4980ce1,1928-08-21,1998-03-19,999-61-9057,S99994283,X59460485X,Mr.,Riley817,,Mraz590,,,M,white,nonhispanic,M,El Paso de Robles (Paso Robles)  California  US,893 Haag Alley,Parkway,California,Sacramento County,,00000,38.54459439492818,-121.49834846273761,470655.46,4193443.03,27033
fbc4c8c0-9a87-1c59-aead-91afac337937,2004-04-18,,999-47-2612,S99997481,X58114309X,Mr.,Timoteo39,,Bahena335,,,,white,hispanic,M,La Paz  Baja California  MX,917 Wolff Track,Tulare,California,Tulare County,6107,93274,36.184561247459655,-119.3837885910735,5275.99,174446.05,4260
a9703a29-855f-ce79-57f7-72cda1f3cc1d,1925-09-13,2016-03-11,999-37-1225,S99993777,X35968100X,Mr.,Huey641,Ozzie259,Champlin946,,,D,white,nonhispanic,M,Berkeley  California  US,572 Eichmann Heights,East Los Angeles,California,Los Angeles County,6037,90022,33.98143279199535,-118.13761596121344,472238.23,1307839.84,48658
99b41d20-c528-0d2d-c54d-f14751034fb7,1970-12-04,2023-02-12,999-95-2445,S99999208,X56342805X,Ms.,Trang668,Jolyn4,Haley279,,,S,white,nonhispanic,F,Los Angeles  California  US,225 Huels Green,Stockton,California,San Joaquin County,6077,95211,37.92209177581943,-121.29562761736574,24171.33,1804577.41,13287
8b9eca09-2fb1-b117-d549-e048754b6683,1974-06-09,,999-28-5352,S99976580,X16516514X,Mr.,Lavern240,Ashley34,Wilkinson796,,,D,white,nonhispanic,M,Poway  California  US,526 Gutmann Dam Apt 79,San Francisco,California,San Francisco County,6075,94129,37.76755685078575,-122.37119340038241,137256.26,50160.60,336889
e654eb16-530f-d40b-7b9b-adac1fb7a1a2,1990-11-28,,999-53-7246,S99997804,X49950946X,Mrs.,Robbie31,Vida128,Schmitt836,,Torphy630,M,asian,nonhispanic,F,Riverside  California  US,885 Lockman Gate Apt 19,Arden-Arcade,California,Sacramento County,,00000,38.60270496796849,-121.37387501513176,192358.04,374008.79,48987
add07c23-8dd9-ce97-048d-5cf9f2b04f0a,1953-03-07,,999-48-7199,S99971564,X31803781X,Mrs.,Avery919,Asuncion264,Dickens475,,Schinner682,M,white,nonhispanic,F,Santee  California  US,775 Schmitt Passage Apt 27,Camino,California,El Dorado County,6017,95709,38.70284218427863,-120.71310274276607,416337.60,2039754.75,164609
145409c3-e051-133b-5d1c-4594f45c5e64,1984-06-14,,999-89-3628,S99994769,X89541003X,Mrs.,Samatha845,Kimi714,Mitchell808,,Thompson596,M,white,nonhispanic,F,Chico  California  US,711 Kuhlman Burg Suite 86,Garden Grove,California,Orange County,6059,92683,33.712383605761175,-118.0418024456093,1086407.01,124329.84,68588
974b005e-8f31-3f6e-58cf-089b11a29653,2013-05-17,,999-61-5858,,,,Nicolás801,,Verduzco998,,,,white,hispanic,M,Caguas  Puerto Rico  PR,295 Morissette Center,Arcadia,California,Los Angeles County,6037,91006,34.16733516064294,-118.07176296826417,2100.00,52674.81,3246
4bab07db-4294-75b7-8bcc-c605331d7cc8,2004-06-24,,999-53-1330,S99955705,X60339747X,Mr.,Cliff504,Gary33,Franecki195,,,,white,nonhispanic,M,Menifee  California  US,626 Johns Manor Suite 8,Camp Pendleton North,California,San Diego County,,00000,33.36891108689122,-117.32561657695034,42308.95,46320.91,87059
c9414199-3f16-6358-d7be-f13f70af12a9,2008-05-12,,999-45-9054,S99987546,,,Sammie902,Jayson808,Howe413,,,,white,nonhispanic,M,Santa Ana  California  US,687 Crooks Trail Apt 11,Blackhawk,California,Contra Costa County,6013,94506,37.85767705777058,-121.88438870927261,80871.16,803647.50,867138
2c971abb-3c9d-1ab9-c4f7-f2b748c32d80,1959-10-17,,999-51-3960,S99991754,X71008490X,Mrs.,Tomasa683,Chantal971,Johnston597,,Greenfelder433,M,asian,nonhispanic,F,Anaheim  California  US,436 Marquardt Bridge Suite 63,Livermore,California,Alameda County,6001,94588,37.819690871297006,-121.87006149327324,373434.07,507948.26,131196
9373677e-b3e1-716c-eac7-bcf7dda7b465,1995-03-10,,999-86-8910,S99922920,X7964949X,Mr.,Kelley882,,Smith67,,,M,white,nonhispanic,M,Bakersfield  California  US,216 Hermiston Gate,Campbell,California,Santa Clara County,6085,95032,37.181156096452575,-121.9385883380897,161973.02,811890.07,886455
9a5148da-3e6d-d603-c001-1c5c4df52206,1981-09-16,,999-98-5533,S99942514,X40611811X,Mrs.,Renata373,,Tillman293,,Muller251,M,asian,nonhispanic,F,Macau  Macao Special Administrative Region of the People's Republic of China  CN,732 Little Frontage road,Orinda,California,Contra Costa County,6013,94556,37.82720147936089,-122.15446654597122,249593.20,739722.23,404670
6e443c59-0d8e-248c-2f13-402f60ac1758,1960-04-16,2009-01-28,999-55-5962,S99991512,X70164201X,Mrs.,Freida957,Luanne915,Greenholt190,,Jacobson885,D,hawaiian,nonhispanic,F,South Whittier  California  US,875 Ryan Estate Suite 57,Menifee,California,Riverside County,6065,92587,33.66476103139385,-117.19690682332926,19431.62,1588760.62,11069
c0675237-cc69-8f3c-8d0c-b3e992063cb5,1974-06-30,,999-17-8679,S99910172,X41105X,Mr.,Eldridge510,Jarvis643,Ratke343,,,M,white,nonhispanic,M,Oakland  California  US,496 Gibson Burg Apt 66,San Francisco,California,San Francisco County,6075,94102,37.72642237079833,-122.5038493615546,8451.15,326785.73,11896
e16222a1-612a-4e53-e8d9-c6984e34052b,1986-10-30,,999-41-7031,S99962203,X52457913X,Mr.,Pierre431,Wallace647,Johns824,,,M,white,nonhispanic,M,Los Angeles  California  US,479 Lockman Estate Unit 87,Lathrop,California,San Joaquin County,6077,95231,37.68555976759024,-121.38759155895501,137398.26,217.05,53377
0c00d7cc-3144-67ce-6be5-be5168bb5620,1970-12-04,,999-34-9337,S99929064,X17437705X,Mrs.,Lesli455,Aletha771,Schmeler639,,Sanford861,M,white,nonhispanic,F,Hacienda Heights  California  US,1064 Goldner Loaf,Stockton,California,San Joaquin County,6077,95212,37.79230681376122,-121.15454296928596,17585.97,1458686.67,13287
1659f7c0-f60f-ff67-edf1-d2e74e048be2,1966-02-22,,999-67-9487,S99942993,X65779985X,Mr.,Adan632,Shannon293,Waters156,,,S,white,nonhispanic,M,Citrus Heights  California  US,345 Eichmann Knoll Suite 89,Bakersfield,California,Kern County,6029,93311,35.5109185984493,-118.79586302739658,251716.89,193921.16,63869
c0246a59-163e-0e85-39f4-21dd3a330a3d,2023-11-19,,999-85-6754,,,,Anya973,,Bernier607,,,,white,nonhispanic,F,Napa  California  US,691 Connelly Vale,Lompoc,California,Santa Barbara County,6083,93436,34.611977632193074,-120.51989598002372,11062.11,496.48,153804
100dc9ff-b962-baee-44ee-c5ebe815ebf4,1957-03-30,,999-61-6620,S99949541,X81429632X,Mrs.,Penny812,Sanda877,Deckow585,,Schowalter414,M,white,nonhispanic,F,Citrus Heights  California  US,393 Brakus Center Suite 47,Irvine,California,Orange County,6059,92660,33.68803411387934,-117.77362922506461,495395.99,1506402.49,133130
2946762e-bdbf-05a2-86cb-f7c6d124d351,2018-12-20,,999-81-2721,,,,Gabriel934,,Becerra708,,,,white,hispanic,M,Santo Domingo  National District  DO,591 Labadie Lane,Quartz Hill,California,Los Angeles County,6037,93551,34.56933594248022,-118.23435286183937,42021.11,6575.45,159611
96f1e0c9-41c6-dd01-4c06-418ced58f0df,2009-12-30,,999-40-5892,S99923830,,,Mercedes82,Diana207,Cabrera242,,,,black,hispanic,F,San Jose  San Jose  CR,816 Bayer Throughway Suite 81,Signal Hill,California,Los Angeles County,6037,90804,33.788579449138695,-118.18039987372556,73388.69,11637.22,60983
ec223eed-910c-cbce-db9e-5fd4dd869c87,1928-08-21,1997-05-02,999-39-8030,S99952722,X82181530X,Mr.,Roosevelt595,Walker122,Erdman779,,,S,white,nonhispanic,M,Los Angeles  California  US,1074 Rowe Rapid Apt 19,Parkway,California,Sacramento County,,00000,38.51828141004807,-121.44428182856915,149279.74,206622.78,27033
4d493423-3dd2-870b-d7fe-534d13ff5646,1993-07-22,,999-93-2613,S99935193,X67115361X,Mr.,Pedro316,,Henríquez109,,,M,asian,hispanic,M,Mexico City  Mexico City  MX,296 Bayer Light Apt 49,Rancho Cucamonga,California,San Bernardino County,6071,91701,34.07333262162291,-117.61662809945044,87474.70,48357.00,192895
03602fb0-f3df-04b1-705f-4ac222411943,1961-11-29,,999-23-1250,S99951907,X5059141X,Mrs.,Cecille691,,McCullough561,,Trantow673,M,white,hispanic,F,Fresno  California  US,615 Cremin Boulevard,Foster City,California,San Mateo County,6081,94404,37.548271638599324,-122.30544805624939,136062.26,650405.20,180756
a6961ec5-1b91-6301-bf5e-9670daa022f1,1996-03-04,,999-12-2279,S99919144,X72496910X,Mrs.,Vinnie529,Anette189,Crist667,,Rowe323,M,white,nonhispanic,F,National City  California  US,230 Keebler Mission,San Francisco,California,San Francisco County,6075,94131,37.85081439968838,-122.42740182048867,182134.81,807807.80,140572
abc8d09d-1822-ba6a-9baf-a8ac481eebb0,1967-05-22,2017-09-12,999-30-7751,S99945071,X81792832X,Mr.,Normand813,Abraham100,Koelpin146,,,D,white,hispanic,M,Los Angeles  California  US,138 Friesen Heights,Valle Vista,California,Riverside County,,00000,33.69509799043765,-116.93257676191699,170041.40,4287486.21,63907
a9044506-8d7b-c6fc-18f1-788817e82bfd,1994-08-03,,999-72-8603,S99941434,X76810225X,Ms.,Dinah304,,Osinski784,,,S,white,nonhispanic,F,Sacramento  California  US,113 MacGyver Manor,Yucca Valley,California,San Bernardino County,6071,92284,34.18232393963531,-116.28051558758119,8105.79,559091.57,3799
c6c54755-503a-d299-2ad8-ea662269e149,2010-04-25,,999-12-4038,,,,Gaye230,Lianne167,Rowe323,,,,white,nonhispanic,F,Agoura Hills  California  US,110 Langworth Alley Unit 10,Stanton,California,Orange County,6059,92844,33.79458824137532,-117.94947123197002,59803.30,12037.10,71390
50c2771e-0644-021f-2ac2-35a5ef9024c3,1987-10-19,,999-40-6414,S99987406,X14815002X,Mrs.,Emelda84,,O'Keefe54,,Zboncak558,M,white,nonhispanic,F,Vista  California  US,876 Torp Highlands,Napa,California,Napa County,6055,94559,38.291535625364034,-122.30870592015887,264674.67,893602.28,943047
0e0a1e86-c197-2533-08da-ffb466946bdf,2021-04-28,,999-97-1321,,,,Garrett899,Dannie881,Dooley940,,,,white,nonhispanic,M,Laguna Hills  California  US,694 McKenzie Brook,Los Angeles,California,Los Angeles County,6037,90732,34.370957075470805,-118.39885434934611,20018.06,13021.71,72933
522d2126-2619-e3a1-7d57-ff67ea272a1e,1981-09-03,,999-70-6001,S99922217,X582787X,Mr.,Pedro316,Martín25,Rincón417,,,M,other,hispanic,M,Santiago de los Caballeros  Santiago  DO,784 Towne Mill Suite 29,El Monte,California,Los Angeles County,6037,91780,34.02000850116973,-118.03874363449017,202989.55,71665.72,47845
7b2e163c-abb3-46da-0fb2-28882bc3e3cd,1925-09-13,1984-06-13,999-44-6069,S99937318,X2400287X,Mr.,Anton902,,Cummings51,,,M,white,nonhispanic,M,Altadena  California  US,980 Sanford Passage Apt 80,East Los Angeles,California,Los Angeles County,6037,90022,34.06152819633852,-118.17905373433362,197952.45,77363.97,48658
0796a139-bca2-d125-a5c0-6b6c1651bf85,1942-06-11,1972-09-29,999-75-5826,S99910998,X56375705X,Mr.,Rolando809,Johnathon489,Gislason620,,,M,white,nonhispanic,M,San Jose  California  US,913 Walsh Mall,San Leandro,California,Alameda County,6001,94580,37.67933101666141,-122.15381007558595,70664.10,46361.42,115422
61d3883e-cd43-d3ec-857a-7d37bdc0961c,1960-04-16,,999-76-8707,S99916408,X64943367X,Mrs.,Hilma831,,Schuster709,,Dickens475,M,hawaiian,nonhispanic,F,Monterey Park  California  US,294 Kautzer Viaduct Suite 35,Menifee,California,Riverside County,6065,92586,33.64862517746278,-117.21300044757974,30030.93,1412144.37,11069
8532c4f3-d5c7-a4b7-c489-82b45fe9232b,2016-06-29,,999-93-4746,,,,Monroe732,Darius626,Orn563,,,,white,nonhispanic,M,Lancaster  California  US,499 Casper Landing,Gustine,California,Merced County,6047,95322,37.215115369539255,-120.96521942012993,1400.00,24676.01,11371
35c43d82-6842-ac26-136f-1d2d8f4bc603,1927-10-06,,999-44-4214,S99991398,X84379709X,Mrs.,Barbara209,Yolanda648,Cepeda588,MD,Blanco851,M,white,hispanic,F,Puebla  Puebla  MX,834 Sanford Meadow,Arcadia,California,Los Angeles County,6037,91780,34.11191082306128,-118.02812742063237,1454454.26,1073565.66,85104
d392559c-5270-94e3-d086-bd8da142aff8,1968-01-17,,999-33-4963,S99911377,X70123071X,Mrs.,Andra606,Kathline630,Gibson10,,O'Connell601,M,native,nonhispanic,F,Santa Clara  California  US,540 Shields Manor,Los Angeles,California,Los Angeles County,6037,91423,34.06795015797868,-118.17688623328999,147707.54,176672.12,27334
23c8b920-5b5d-af6f-0e53-5eb777969493,1958-08-09,,999-78-4058,S99945979,X63600553X,Mr.,Morton637,Rayford811,Kovacek682,,,D,black,hispanic,M,Costa Mesa  California  US,422 Mohr Vale Suite 35,Los Angeles,California,Los Angeles County,6037,90810,34.32909529160399,-118.55361392057769,295891.85,1029384.86,123410
47ce8c8b-a309-b2b2-298e-fb02b5ff5085,1996-03-19,,999-33-7564,S99996888,X78267648X,Mr.,Alonso270,Elmo857,Upton904,,,S,asian,nonhispanic,M,Chongqing  Chongqing Municipality  CN,389 Weber Road,Vacaville,California,Solano County,6095,95625,38.45112065183127,-122.03853953351026,15144.05,1995770.95,23240
3c093120-e332-f13e-4389-8e61ee781680,1975-09-26,,999-27-8040,S99927177,X29688401X,Mr.,Benjamin360,,Reynolds644,,,M,white,nonhispanic,M,Selma  California  US,929 Howe Manor,Arden-Arcade,California,Sacramento County,,00000,38.56941321832939,-121.33424396276865,212901.16,44666.28,153140
c6b3167b-93d7-2625-5db0-9c3fecbeae4d,1976-06-11,,999-97-2451,S99937778,X27327727X,Mrs.,Luvenia178,Maria750,Lind531,,Kuhlman484,D,native,nonhispanic,F,Chino Hills  California  US,567 Jast Overpass Unit 77,San Francisco,California,San Francisco County,6075,94158,37.73027437777417,-122.3650218185154,747307.68,387880.53,70817
28a0b62e-ad65-ac4e-0ac1-ff05e794130e,1999-05-18,,999-19-9193,S99914812,X15467250X,Mr.,Efrain317,Jonah176,Blanda868,,,,hawaiian,nonhispanic,M,Chino Hills  California  US,636 Fahey Way,Elk Grove,California,Sacramento County,6067,95758,38.461324192419234,-121.31239679829466,104624.59,0.00,88918
e5cd8d69-ef24-0e0f-5f2e-f4d2d3789396,2015-06-16,,999-54-9575,,,,Elliott563,,Lemke654,,,,white,nonhispanic,M,San Francisco  California  US,108 Ritchie Ranch Apt 8,San Marino,California,Los Angeles County,6037,91108,34.08673918938009,-118.1483178241337,11377.72,8882.07,173022
fb9f9f48-c35e-84cb-5867-1ac8d2750d7e,2013-12-29,,999-25-7511,,,,Kum811,Maxine796,Metz686,,,,white,nonhispanic,F,Santa Clarita  California  US,617 Morar Brook,Chowchilla,California,Madera County,6039,93610,37.124655653318804,-120.28037633295801,2409.12,73255.61,44942
85d7e7cd-dfa8-2371-adef-215ade58e653,2025-02-21,,999-91-6512,,,,Jacques50,,Schamberger479,,,,white,nonhispanic,M,Lawndale  California  US,128 Reichel Flat,Mayflower Village,California,Los Angeles County,,00000,34.15971822440356,-117.97067933651189,1888.94,1723.80,198765
3c849165-4eaf-bfcc-abda-4558bef4b2d1,1981-06-07,,999-89-5924,S99917595,X45007592X,Mr.,Kirby843,Rich940,Little434,,,D,white,hispanic,M,Yucaipa  California  US,589 Kuhic Passage Suite 81,Fresno,California,Fresno County,6019,93726,36.74477424074701,-119.81115099865988,90258.15,148632.78,36893
7be08164-2ca4-821c-cf41-2ce341146c11,2003-08-22,,999-10-2314,S99925241,X2194152X,Mr.,Homero668,Felipe97,Villareal516,,,,white,hispanic,M,Puebla  Puebla  MX,882 Rutherford Port Apt 67,La Verne,California,Los Angeles County,6037,91773,34.1719001697735,-117.77269670916837,32811.24,28091.18,99823
77182c65-b98a-2b37-98f5-3b97af877719,1989-05-18,,999-89-1624,S99962893,X75919310X,Mr.,Jon665,,Okuneva707,,,M,white,nonhispanic,M,Fullerton  California  US,1030 Grimes Track,Los Angeles,California,Los Angeles County,6037,91105,33.988499652915486,-118.38628429688504,10782.98,1031493.43,9676
4acda372-737b-abb9-425b-7ac08f121974,1974-02-14,,999-79-7926,S99912125,X67131529X,Mr.,Levi940,Michale231,Leannon79,,,D,white,nonhispanic,M,Chino  California  US,967 Grimes Mall Apt 78,San Diego,California,San Diego County,6073,92122,33.117451290942284,-117.13804288521686,169049.08,154618.22,34402
1819e267-f396-b329-1244-f1633d672a74,2021-05-29,,999-14-1881,,,,Buddy254,Arron144,Schmeler639,,,,white,nonhispanic,M,Corona  California  US,859 Dach Light Suite 24,Colton,California,San Bernardino County,6071,92316,34.03309400687469,-117.37511706180855,9215.16,1134.83,78792
83aede80-be09-47c7-f7b0-f46a56423660,2008-02-28,,999-63-7893,S99998077,,Mr.,Miguel815,Loyd638,Kirlin939,,,,white,nonhispanic,M,Encinitas  California  US,608 Ledner Trailer Apt 44,Beverly Hills,California,Los Angeles County,6037,90035,34.065700117240326,-118.43045862121296,74684.88,27516.68,97998
23e94ac4-dc3f-c66e-5acc-86f5901046f6,1967-05-22,,999-59-2845,S99995066,X66329706X,Mr.,Salvatore257,,Ebert178,,,M,white,hispanic,M,Baldwin Park  California  US,728 Will Street Suite 16,Valle Vista,California,Riverside County,,00000,33.73438331776021,-116.91048369969053,291943.43,49055.29,63907
e752e1e5-61e9-1ef9-4757-d68fb1e7b45f,2015-07-25,,999-49-9681,,,,Clifford177,,Ratke343,,,,black,hispanic,M,Ontario  California  US,450 Kessler Union Suite 49,Beaumont,California,Riverside County,6065,92223,33.957241474407994,-116.96478282918186,42209.00,6827.68,46841
9ddc6915-e0ee-67c1-812b-83b211076f59,1928-08-21,2016-08-24,999-48-5965,S99952718,X520359X,Mr.,Elwood28,Cole117,Kuhn96,,,D,white,nonhispanic,M,San Diego  California  US,375 Bechtelar Pathway Unit 32,Parkway,California,Sacramento County,,00000,38.468036127356655,-121.43649104497771,241439.71,1178823.47,27033
197d38e4-1d33-d60d-8fb7-a276ad12f3e9,1977-10-25,,999-11-4926,S99958245,X22627125X,Mrs.,Brianna665,Lillian593,Steuber698,,Shields502,M,white,nonhispanic,F,Heber  California  US,1028 Anderson Path,Rosamond,California,Kern County,6029,93560,34.91128999977774,-118.38693745280482,551126.04,817145.69,36505
a91f7ed0-c51e-8bf0-6984-d10f87fd2eb1,2021-01-26,,999-31-3578,,,,Mertie42,Joellen497,Borer986,,,,white,nonhispanic,F,Bakersfield  California  US,820 Boyle Club,Palmdale,California,Los Angeles County,6037,93552,34.4862968541514,-117.93874634274613,24568.72,18079.76,89077
55adc557-af0d-3deb-d3f9-c708c3342dca,1971-12-07,,999-92-4338,S99971053,X67202732X,Mr.,Lane844,,O'Reilly797,,,M,white,nonhispanic,M,Encinitas  California  US,874 Nader Quay Unit 13,Rohnert Park,California,Sonoma County,6097,94931,38.28781631255144,-122.73481552916654,10613.43,170673.29,6457
c88bedd4-16bb-49c6-046a-7bd48d8df6ce,1986-10-15,,999-78-5102,S99935782,X20305073X,Mr.,Hobert364,Tracey100,Gutkowski940,,,M,white,hispanic,M,Lemon Hill  California  US,279 Heidenreich Branch Apt 93,Los Angeles,California,Los Angeles County,6037,90066,33.94284124915069,-118.38532210968398,7576.25,196445.90,14927
e3f91ce7-0fd9-6b07-29c0-c149a7733739,1972-03-25,,999-33-6520,S99950605,X60530390X,Mrs.,Irene779,Dorotea472,Madrigal893,,Carranza218,M,white,hispanic,F,Tegucigalpa  Francisco Morazán  HN,843 Schinner Station Apt 5,Hercules,California,Contra Costa County,6013,94547,38.03129292050174,-122.30474518196701,224664.44,1211853.11,455323
ad42148d-0156-e32e-28d4-faef5a754f6c,2018-09-16,,999-58-2216,,,,Monroe732,Jesse626,Bins636,,,,white,hispanic,M,Inglewood  California  US,662 Wuckert Heights,Bellflower,California,Los Angeles County,6037,90706,33.90853170568486,-118.20763178031302,12017.56,0.00,86724
e33be4ef-ad91-45f4-b325-bf288506fb53,2005-01-22,,999-32-2793,S99982487,X43075114X,Mr.,Otis335,Jamey282,Mante251,,,,white,nonhispanic,M,Martinez  California  US,716 Goldner Alley Apt 24,Riverside,California,Riverside County,6065,92505,34.01442892814946,-117.227948205967,5200.16,57074.27,35352
1b749ee7-6405-3572-c6df-35272d4c42f5,1996-07-31,,999-55-6995,S99996988,X30373664X,Mr.,Chase54,Adrian111,Bogan287,,,M,asian,nonhispanic,M,Oceanside  California  US,144 Ferry Center,Thousand Oaks,California,Ventura County,6111,93021,34.172338858937586,-118.97250124978848,81179.30,0.00,55661
247f2f98-c62b-6b42-575c-092e48309513,1997-05-16,,999-86-6009,S99995488,X42101701X,Mr.,Vicente970,David908,Gaytán530,,,S,white,hispanic,M,Bogota  Bogota  CO,268 Homenick Annex,Citrus,California,Los Angeles County,,00000,34.07869984597244,-117.85563884698635,5501.34,96287.36,22402
3f368a6c-3b37-2828-7f6b-6d0f2a1757a5,1950-11-12,,999-78-6263,S99916609,X88678562X,Ms.,Latoria810,Rubye299,Corwin846,,,S,black,hispanic,F,South Whittier  California  US,725 Bogan Mission,Ontario,California,San Bernardino County,6071,91710,34.075582741606496,-117.60129229378956,456401.95,922522.04,134739
fba8301e-ed3c-d475-eb44-7910e33dd2af,1975-07-01,,999-88-4107,S99926500,X5855685X,Mrs.,Jessia669,Verlie371,Zulauf375,,Homenick806,M,white,nonhispanic,F,San Rafael  California  US,495 Medhurst Orchard Suite 70,Stanton,California,Orange County,6059,92841,33.77157380219243,-118.00077656396333,306558.78,1616137.91,35178
8d2243ec-4527-783f-072f-94f0be405e6e,1990-03-20,,999-18-5787,S99927776,X54098520X,Ms.,Stepanie29,Oralia106,Murphy561,,,S,white,nonhispanic,F,Apple Valley  California  US,441 Bradtke Fort Suite 29,Alpine,California,San Diego County,6073,91901,32.784356765803956,-116.72561656246468,664720.93,1354828.01,112867
da9fa020-8ad5-03f9-a3b0-e21b41764be0,1942-06-11,,999-70-1221,S99919400,X210264X,Mr.,Dexter530,Lane844,Gottlieb798,,,S,white,nonhispanic,M,Soquel  California  US,654 Ratke Crossroad Unit 81,San Leandro,California,Alameda County,6001,94580,37.649994734252495,-122.12036320606806,117700.55,1575756.97,115422
9615879f-80ee-2348-7eb7-05f0210500b0,2005-07-21,,999-17-9946,S99969575,X35258117X,Ms.,Ardelle563,Theo630,Jakubowski832,,,,white,nonhispanic,F,Walnut Park  California  US,270 Gorczany Frontage road Suite 82,Davis,California,Yolo County,6113,95776,38.742797262244295,-121.74264178308326,8402.04,1097631.17,20584
77ebf085-c512-1eb0-c700-5eed15f6d83c,1983-11-18,,999-23-7710,S99920188,X49548949X,Mrs.,Casandra937,Oralia106,Vandervort697,,Schaefer657,M,white,nonhispanic,F,Yekaterinburg  Sverdlovsk Oblast  RU,952 Bernier Plaza Suite 7,Hacienda Heights,California,Los Angeles County,6037,91745,34.04339266616719,-117.95243913729922,44364.92,1148596.04,72406
4eb95359-b1ca-19b7-0e58-4176ef2827ea,1966-10-18,,999-11-3312,S99930559,X59125637X,Ms.,Albertine688,,Ratke343,MD,,S,white,nonhispanic,F,Los Osos  California  US,486 VonRueden Lane,San Francisco,California,San Francisco County,6075,94102,37.750118620629465,-122.38141510968413,259730.69,520196.76,172354
1688f79d-dda8-baa8-0c35-fafd2bdb1870,1966-02-11,,999-16-6841,S99957193,X32566029X,Mr.,Bradly656,Sandy901,Lehner980,,,M,white,nonhispanic,M,Fountain Valley  California  US,695 Kihn Extension Unit 47,Vincent,California,Los Angeles County,,00000,34.06739493508016,-117.93499715591085,181472.10,182454.75,84271
b80e9c1a-c0b0-2f04-a40c-efffecc6c442,2013-03-24,,999-74-3237,,,,Aubrey96,,O'Kon634,,,,white,nonhispanic,F,Soledad  California  US,373 Jaskolski Common,San Francisco,California,San Francisco County,6075,94131,37.74887043386798,-122.37911219470689,47884.05,26901.26,723399
5d397bf9-7362-fd54-4663-1e2711f6a4ac,1969-09-06,,999-11-9991,S99911933,X12408739X,Mrs.,Madeline975,Madalyn472,Mayer370,,Corkery305,M,white,nonhispanic,F,Sierra Madre  California  US,981 Brown Haven,Fullerton,California,Orange County,6059,92801,33.8672951576327,-117.95314420342385,368069.92,653974.31,141537
59da2d10-7dcd-897c-6ec8-c62b6176f13e,1972-03-06,,999-71-9338,S99965821,X52589991X,Mrs.,Luvenia178,,Braun514,,Schuppe920,M,white,hispanic,F,Bakersfield  California  US,542 McGlynn Junction Suite 75,Lawndale,California,Los Angeles County,6037,90250,33.9050230266283,-118.33288099479263,526147.66,222610.03,37083
f13fe7c7-ba56-5903-b0e3-50126a9e7d3a,1925-09-13,2011-10-26,999-58-3952,S99938204,X7899606X,Mr.,Jesus702,Ashley34,Zemlak964,,,D,white,nonhispanic,M,Orange  California  US,1030 Witting Vale,East Los Angeles,California,Los Angeles County,6037,90022,33.9852989448286,-118.1882518300529,406254.31,6103392.10,48658
1c71c06e-31d0-2f5a-0136-4848f9adc40a,1955-01-24,,999-24-7900,S99972270,X19797153X,Mrs.,Lyn897,Herta650,Langosh790,,Anderson154,M,asian,hispanic,F,Long Beach  California  US,551 Reynolds Passage Suite 78,Fillmore,California,Ventura County,6111,93015,34.357537433877006,-118.89496495352779,19456.19,1416689.75,13527
c2ca1c4f-6745-0eef-147f-0fa11f366cc1,1999-03-27,,999-44-1697,S99912768,X76903403X,Mr.,Cody889,Hiram237,Buckridge80,,,,white,nonhispanic,M,San Dimas  California  US,646 Gutmann Orchard,Bell Gardens,California,Los Angeles County,6037,90201,34.013559960136085,-118.20746001266113,142865.09,68178.93,55362
0b9e9718-297f-58a6-c78f-5d78ab761c97,1967-05-10,,999-34-3691,S99984188,X37187557X,Mrs.,Chanell45,Barbara209,Christiansen251,,Kunze215,D,asian,nonhispanic,F,Los Angeles  California  US,348 Ondricka Byway,Walnut Creek,California,Contra Costa County,6013,94598,37.926114681971725,-121.98338602438491,295062.42,1238901.24,29578
4b6ed318-69d1-5791-194b-7537085fcc6e,1928-08-21,2002-05-07,999-29-5228,S99917660,X52649944X,Mr.,Marcos263,Herman763,Smith67,,,M,white,nonhispanic,M,Clovis  California  US,125 Okuneva Forge Suite 30,Parkway,California,Sacramento County,,00000,38.453181556800565,-121.40449591862925,176971.15,257242.97,27033
fa2f19fd-44d2-ea8e-0c76-e1ac206ff3e3,2005-07-27,,999-27-3965,S99913475,X23962554X,Ms.,Lakita48,Miguelina323,Kessler503,,,,white,nonhispanic,F,Fremont  California  US,765 Lynch Gardens Apt 64,Oxnard,California,Ventura County,6111,93043,34.12378408002408,-119.16064010968317,333926.98,122441.24,53081
12de3904-6232-259a-42ae-5101bcb695c7,1999-03-25,,999-70-9548,S99954534,X18450633X,Mr.,Dudley365,Hipolito984,Thompson596,,,,white,hispanic,M,Santa Barbara  California  US,801 Breitenberg Drive,Los Angeles,California,Los Angeles County,6037,90272,34.07035084514126,-118.30886828809015,106136.90,0.00,109381
bfc4dc73-57de-fe8a-1c48-38df0b247b3d,1993-02-22,,999-91-4995,S99927495,X44242139X,Mr.,Kurt412,Alexis664,Ortiz186,,,M,white,nonhispanic,M,San Bernardino  California  US,823 Johnson Spur,Long Beach,California,Los Angeles County,6037,90813,33.822463553550286,-118.15060022038598,36279.79,838239.80,36358
7f21941d-ee9a-227a-9367-399326b53cf9,1981-07-30,,999-25-9880,S99916048,X592139X,Mr.,Guy979,Wiley422,Mayert710,,,W,white,nonhispanic,M,Livermore  California  US,974 Baumbach Promenade Apt 72,Santee,California,San Diego County,6073,92021,32.951680364817456,-116.84997849227419,127294.62,30239.20,87132
44f506a6-53f8-7bbc-98d2-6411f02288c6,1996-05-08,,999-73-9831,S99984461,X51956041X,Mr.,Eldon28,Dorian295,Rodriguez71,,,M,white,nonhispanic,M,Pomona  California  US,719 Farrell Bypass,Sacramento,California,Sacramento County,6067,95837,38.4792108943469,-121.56734182138193,26999.21,89042.47,31390
f8a39041-9d7a-6e26-bfe4-163f003d00d7,1971-01-02,,999-60-9517,S99939882,X87373550X,Mrs.,Isela504,Dessie725,McKenzie376,,Bernier607,D,white,hispanic,F,Bell  California  US,925 Zboncak Trailer,Gilroy,California,Santa Clara County,6085,95020,37.00942615161988,-121.58862052831829,1076433.68,815678.51,43021
5872ee68-6615-c03c-6e53-5485d7587a6c,1927-11-06,2016-01-23,999-50-2741,S99945568,X20515188X,Ms.,Jama227,Jerrica452,Zboncak558,,,S,black,nonhispanic,F,La Mirada  California  US,839 Veum Ferry,Livermore,California,Alameda County,6001,94551,37.569307244250595,-121.54481828369424,1324493.72,2236864.83,45646
c12da30d-7848-f083-e5dd-1038a0cdd5fc,2010-02-19,,999-28-5142,S99974030,,,Trinity427,Alexis664,Kilback373,,,,white,nonhispanic,F,Cherry Valley  California  US,1026 Ebert Union Unit 76,Thousand Oaks,California,Ventura County,6111,93012,34.20691538662559,-118.8118274887935,71180.10,16560.64,121150
01598744-e001-969b-cd46-49f74bfc06ed,1996-12-01,,999-76-9562,S99946061,X29175571X,Mr.,Wilbur107,Evan94,Durgan499,,,M,white,hispanic,M,Garden Grove  California  US,579 Schultz Viaduct,Carmichael,California,Sacramento County,6067,95608,38.6656384559061,-121.316196333855,67209.30,43390.52,57208
8e0e81b0-ae48-2aec-4ec6-d58cfc74f3ce,1997-05-11,,999-99-8717,S99933354,X82598166X,Mr.,Efrain317,Cedrick207,Torphy630,,,M,hawaiian,nonhispanic,M,Half Moon Bay  California  US,233 Pfannerstill Course,Los Angeles,California,Los Angeles County,6037,90731,34.096215134855626,-118.35955934659655,43677.07,937828.60,27459
96edac99-435a-7991-045c-9371ab703af4,1988-01-09,,999-29-6222,S99991580,X79657879X,Mrs.,Shawnda528,Hae300,Bogisich202,,Ryan260,D,white,hispanic,F,Windsor  California  US,708 Russel Highlands Suite 85,Phelan,California,San Bernardino County,6071,92371,34.42985546994169,-117.56023922299146,763254.44,1564486.76,74901
59333b4b-c9ec-9ff6-d74f-da90019ad5b0,1988-06-29,,999-44-7762,S99940087,X87372209X,Mrs.,Belle514,Elvie131,Heaney114,,Purdy2,M,white,nonhispanic,F,Yucaipa  California  US,812 Kreiger Ferry Unit 18,Buena Park,California,Orange County,6059,92833,33.87313778783067,-118.00691199206435,567831.05,660903.58,95266
3076bcc0-89c2-5b78-0b47-87ccdecd280e,1971-09-17,,999-86-5272,S99963583,X35376062X,Mrs.,Tracie996,Samella245,Wolff180,,Graham902,M,white,hispanic,F,North Highlands  California  US,414 Braun Pathway Apt 13,Watsonville,California,Santa Cruz County,6087,95076,36.960160238629506,-121.80360754586326,15724.71,1371269.69,20015
b488f952-d44f-09ff-300b-d79ab65a1dda,1998-08-12,,999-95-1690,S99933150,X25325308X,Ms.,Renetta865,Maybelle917,Schaden604,,,,white,nonhispanic,F,Pomona  California  US,917 Windler Crossroad,Bonny Doon,California,Santa Cruz County,6087,95060,37.08156856689699,-122.10779818825151,107386.08,50846.45,129903
5c3e9f37-bd88-d8de-0960-b36099eee22c,1921-10-07,,999-91-5992,S99942137,X14955604X,Mr.,Napoleon578,Lonny638,Gottlieb798,,,M,white,nonhispanic,M,Val Verde  California  US,903 Corwin Mews,San Jose,California,Santa Clara County,6085,95127,37.36231628758643,-121.8377305569562,219141.42,480382.57,446190
4ed9272f-f127-f019-9215-561e7ebdfb60,2019-08-23,,999-71-9540,,,,Barney639,August363,Corwin846,,,,white,nonhispanic,M,Fresno  California  US,731 Toy Alley,Seaside,California,Monterey County,6053,93940,36.55838283460959,-121.83216635680226,1035.20,19151.72,21731
40d99650-1870-af51-8043-2e9b6b5eae6d,1954-11-04,,999-84-8715,S99931819,X53755916X,Mrs.,Eddie505,,Beier427,,Hills818,M,white,hispanic,F,San Diego  California  US,637 Hirthe Club Suite 55,Willowbrook,California,Los Angeles County,,00000,33.95578751324107,-118.24092054697856,565409.54,474036.00,41172
6113c112-68c7-63ad-5d6f-1cd7ae2406e3,2005-03-08,,999-15-4257,S99979078,X34871628X,Mr.,Rocco842,Deandre599,Smitham825,,,,white,nonhispanic,M,Port Hueneme  California  US,276 McDermott Course Suite 90,San Francisco,California,San Francisco County,6075,94116,37.764531575941724,-122.45233628640932,4734.28,136461.60,31188
1f352a81-72c9-0180-0f75-9c413085dd6c,1972-10-01,,999-37-2424,S99966704,X41259851X,Mr.,Sidney996,Daron260,Lubowitz58,,,S,white,nonhispanic,M,Los Angeles  California  US,438 DuBuque Route Apt 74,Buena Park,California,Orange County,6059,90620,33.84130132657451,-118.01103863429503,129872.20,19327.96,70121
d8c247ba-a12d-18b3-3088-8d0a87bceda8,1987-04-06,,999-20-7377,S99928478,X39575693X,Mrs.,Lorraine478,Kellee902,Schaefer657,,Kub800,M,white,nonhispanic,F,Los Angeles  California  US,778 Carter Vale Suite 37,Escondido,California,San Diego County,6073,92078,33.21925455712129,-117.12052333649666,218954.31,978867.79,97739
926c988c-ec27-0b4b-fe00-e96371fc23ea,2002-11-29,,999-26-6004,S99922171,X19750211X,Ms.,Ayanna800,Glenna97,Senger904,,,,white,hispanic,F,Granite Bay  California  US,1038 Leannon Byway Suite 17,Temecula,California,Riverside County,6065,92563,33.535910464019494,-116.99986090214468,12060.05,402155.89,39322
97aa7369-67fa-6867-95ab-987b371a8ccc,1988-12-19,,999-32-7145,S99930322,X26075489X,Mr.,Weldon459,Sanford861,Feeney44,,,S,white,nonhispanic,M,Rosemead  California  US,1007 Kertzmann Fork Suite 16,Sacramento,California,Sacramento County,6067,95826,38.63884513621293,-121.37885466354422,83336.27,41852.99,114361
a68990a9-9f82-7b56-ef34-1baf907d3cb6,2025-01-15,,999-65-4964,,,,Clinton763,Alex454,Kuhic920,,,,white,nonhispanic,M,Cameron Park  California  US,851 Hegmann Meadow,Fontana,California,San Bernardino County,6071,92336,34.14321186006006,-117.51462571675037,282.02,5821.58,41490
ffdeb322-3c67-d2a1-eba9-7e9fa1d32e0d,2007-06-07,,999-31-9126,S99993895,,Mr.,José Luis472,Alberto639,Saiz247,,,,white,hispanic,M,Ponce  Puerto Rico  PR,308 Jaskolski Gateway Apt 93,Stockton,California,San Joaquin County,6077,95206,38.05157485020596,-121.32954983937482,2850.00,75658.99,10396
0f6e89ba-5419-3a43-73f0-a3eeab5b1fe7,1928-08-21,2024-06-14,999-39-2398,S99950870,X13566135X,Mr.,Zachery872,Abraham100,Halvorson124,,,D,white,nonhispanic,M,Concord  California  US,884 Feeney Highlands,Parkway,California,Sacramento County,,00000,38.45941063204021,-121.46618365362485,242270.66,1358247.78,27033
4d01096f-23fa-33ba-5e39-fa7339b65808,1963-01-27,,999-65-8685,S99971781,X6436569X,Mr.,Son314,Lyman173,Will178,,,M,white,nonhispanic,M,Athens  Athens Prefecture  GR,1053 Rice Station Suite 51,Livermore,California,Alameda County,6001,94550,37.88706301454734,-121.92533076472404,146667.08,311181.85,41692
fc308a70-56bf-6c32-e4d3-a2fb85818f15,1979-08-25,,999-97-8992,S99973820,X45962206X,Mr.,José3,Ramiro608,Prado282,,,M,black,hispanic,M,Bayamon  Puerto Rico  PR,236 Fadel Key,Folsom,California,Sacramento County,6067,95742,38.64454824533621,-121.26352367964039,117909.70,74398.79,83144
c7ea6745-76d8-9666-9620-71eabe89415d,2004-06-24,,999-62-3611,S99991695,X80611963X,Mr.,Zachary28,Frederick289,Feest103,,,,white,nonhispanic,M,Fontana  California  US,471 Tremblay Overpass Apt 9,Sacramento,California,Sacramento County,6067,95826,38.583663413090704,-121.39111090148596,127539.70,808592.42,53520
cdf2e478-1e30-21f2-5931-53ed656f491e,1994-03-25,,999-40-1714,S99980580,X59726056X,Mr.,Adolfo777,Leonard963,Nolan344,,,M,white,hispanic,M,San Diego  California  US,1066 Osinski Fort,Menifee,California,Riverside County,6065,92587,33.62879562351408,-117.21150675213829,38716.26,130228.50,30065
693298d6-1a36-724c-f843-3ecd829d6f4b,1995-03-20,,999-76-7119,S99920544,X36826744X,Mrs.,Chanell45,,Jacobs452,,Waelchi213,M,white,nonhispanic,F,Redondo Beach  California  US,1027 Waters Road,Cypress,California,Orange County,6059,90620,33.824347451339946,-118.02649250622824,270734.81,1234188.13,154509
ca9a4e42-d855-59c3-c7ba-41ef6c76bd3d,2021-02-19,,999-72-8659,,,,Jewel43,Lora418,Mayer370,,,,white,hispanic,F,Lancaster  California  US,925 Buckridge Vista,Ridgecrest,California,Kern County,6029,93555,35.57224498494091,-117.72550241212303,18051.64,3858.37,73042
f7b170fb-250e-5565-a389-736f33e6db7d,1936-06-13,,999-46-2030,S99928838,X31250161X,Mr.,Julio255,Sal878,Runolfsson901,,,S,white,nonhispanic,M,Los Angeles  California  US,1014 Grady Bypass Apt 6,East Los Angeles,California,Los Angeles County,6037,90022,33.987447367326716,-118.15540018320375,528971.28,387556.63,48658
a654f3f9-3263-9973-7482-8c778fe7c732,2024-04-22,,999-96-4038,,,,Horacio317,Agustín529,Garrido242,,,,white,hispanic,M,Santo Domingo  National District  DO,206 Wiza Vista,Marina,California,Monterey County,6053,93933,36.603261445438235,-121.7376424094743,5962.99,124.17,62868
6bd57d8c-cfaa-fdf5-267a-87d1001417f9,1971-12-13,,999-42-8119,S99927771,X44807033X,Mrs.,Emilia403,Inés791,Castañeda925,,Ulloa39,W,white,hispanic,F,Mexico City  Mexico City  MX,849 Lueilwitz Course Apt 24,San Diego,California,San Diego County,6073,92145,32.75838415087591,-117.13496435968753,545353.04,546463.51,41479
10fb26ce-b9ad-63cb-bdb0-6462185d1654,1951-05-06,2009-01-01,999-64-2251,S99977659,X65692425X,Mr.,Darnell564,Alexander630,Metz686,,,M,white,nonhispanic,M,Seaside  California  US,444 Ondricka Ramp Unit 85,San Diego,California,San Diego County,6073,92121,32.70968207565265,-117.27995643336862,682831.77,182836.13,50242
18002800-705c-12aa-6de4-f30ca05ad42b,1982-03-05,,999-91-7407,S99979016,X32075849X,Mrs.,Felisha640,Cristie97,Shanahan202,,O'Conner199,M,white,nonhispanic,F,Santa Monica  California  US,269 Bartell Orchard Apt 72,Indio,California,Riverside County,6065,92201,33.87162965348109,-116.26472077588495,16683.16,2267849.32,19615
19cfa491-5cfb-090b-b8c0-655c88b2914a,2009-11-20,,999-75-1087,S99950286,,,Cesar434,Normand813,Reichert620,,,,white,nonhispanic,M,San Diego  California  US,136 Gutkowski Throughway Unit 68,San Diego,California,San Diego County,6073,92101,32.71783605572914,-117.00893694154894,3743.40,90657.75,13360
643ab11c-de17-6647-c203-71c47a0a4b58,1995-04-20,,999-45-2064,S99999761,X88158882X,Mr.,Marcel580,,Prohaska837,,,S,hawaiian,nonhispanic,M,Chula Vista  California  US,242 Weimann Esplanade Apt 11,Baldwin Park,California,Los Angeles County,6037,91706,34.05948139624506,-117.97984438337643,28547.95,126501.34,40408
1b3781de-cc49-5321-7f5c-d2cfe91d0788,2008-08-25,,999-93-7074,S99980514,,,Cleo27,,Ebert178,,,,white,nonhispanic,M,Westminster  California  US,234 Ward Landing,Santa Clara,California,Santa Clara County,6085,94086,37.35858905494984,-121.98965472607523,75540.61,27549.03,537086
6ae479ff-8006-4399-50d3-0895a72c0902,2008-11-06,,999-69-1220,S99919007,,,Gerry91,,Auer97,,,,white,nonhispanic,M,Costa Mesa  California  US,822 Blick Byway Unit 10,Bostonia,California,San Diego County,,00000,32.856271411832296,-116.90375264081617,3450.00,99102.07,4774
f49baa7f-4c45-065f-31f1-ecafcc1b9d7f,2018-10-12,,999-17-8295,,,,Lorena247,Rosario163,Rascón630,,,,white,hispanic,F,Portsmouth  Saint John Parish  DM,662 O'Keefe Vale,Lancaster,California,Los Angeles County,6037,93534,34.70960986351893,-118.37402424883304,864.17,12842.62,28990
9dd721ee-d3e8-1e79-cceb-19d85cebb5c6,2017-10-23,,999-26-7976,,,,Deidre679,Cherrie404,Goodwin327,,,,other,nonhispanic,F,Indio  California  US,888 Kihn Port,Sacramento,California,Sacramento County,6067,95758,38.45158375309151,-121.53326056839063,21039.31,0.00,56696
48ba9bcf-bc2a-0d97-55ca-6d326c486061,1951-09-11,,999-67-2711,S99999606,X15804358X,Mr.,Bernie827,Jeremy766,Dicki44,,,M,other,nonhispanic,M,Seal Beach  California  US,989 Prohaska Bridge Apt 60,Laguna Niguel,California,Orange County,6059,92653,33.526601394796344,-117.72661798907534,339448.70,621973.20,391336
ac542475-a262-00ff-775c-eda97835dc83,2018-11-07,,999-73-5368,,,,Yolanda648,,Kiehn525,,,,white,nonhispanic,F,Sacramento  California  US,153 Weimann Trace Suite 82,San Jose,California,Santa Clara County,6085,95129,37.368610038692495,-121.79006950807262,12998.35,17264.35,176397
b180948b-40eb-c3bf-c1c1-4181d44fcdeb,1973-09-27,2021-11-08,999-88-6474,S99972886,X63016375X,Mrs.,Lin401,Shakira391,Friesen796,,Kerluke267,M,white,nonhispanic,F,Laguna Woods  California  US,867 Carroll Loaf Apt 20,Mount Hermon,California,Santa Cruz County,6087,95041,37.01730531155637,-122.00794725060676,626738.71,606826.78,52018
d6804305-076c-d422-b3c0-653456e19d94,2015-07-10,,999-16-1253,,,,Lyle846,Kevin729,Runolfsdottir785,,,,white,nonhispanic,M,Los Angeles  California  US,440 Cole Burg,Los Angeles,California,Los Angeles County,6037,90043,33.983442720854164,-118.30485120323739,27841.52,0.00,63485
f2bc7682-6b99-7e5c-bcef-62eaba18d3c4,2012-08-18,,999-35-4644,,,,Drew592,Tonette11,Hoeger474,,,,white,nonhispanic,F,Auburn  California  US,368 Shanahan Hollow,Santa Rosa,California,Sonoma County,6097,95405,38.43687809002756,-122.88396077266198,38879.06,3803.60,139687
8c12aa8f-e11d-9b16-ae2d-c496177457f7,1975-06-04,,999-34-7329,S99949369,X33773125X,Mrs.,Luvenia178,Latoria810,Senger904,,Kuhn96,M,white,nonhispanic,F,Oakland  California  US,560 Collins Vale Unit 13,Garden Grove,California,Orange County,6059,92841,33.81484427478286,-118.02067355921034,33774.91,2136520.75,17935
d2dc2dd1-1705-3337-0331-09489d4288ad,2005-07-11,,999-85-9054,S99910161,X85720990X,Ms.,Lucia634,María Soledad68,Serrano248,,,,white,hispanic,F,Bogota  Bogota  CO,840 Frami Trace Unit 43,Long Beach,California,Los Angeles County,6037,90731,33.803053682753564,-118.13574328876521,4550.00,285928.31,10154
06a37ed8-d77a-91e9-8b6e-27387067a5aa,1989-09-27,,999-22-4394,S99968391,X76844338X,Mrs.,Altha90,Viviana350,Wehner319,,Schuster709,M,white,nonhispanic,F,Laguna Hills  California  US,616 Durgan Byway Suite 87,Glendora,California,Los Angeles County,6037,91741,34.28446678035332,-117.82489561753559,202782.44,569770.81,69229
0feb722f-40ef-8ff4-e827-a4b7e96f1fce,1983-12-25,,999-61-2253,S99949088,X20468161X,Mrs.,Carmen818,María Teresa440,Cardenas331,,Salcido465,M,white,hispanic,F,Kingston  Kingston  JM,192 Zieme Run Suite 35,Pomona,California,Los Angeles County,6037,91773,34.02852683479317,-117.80595739699956,499589.84,580760.29,53960
3f2f40de-7cc3-4f11-e350-00fafdb081d7,2009-12-31,,999-31-9061,S99916328,,,Winfred745,Doyle959,Cassin499,,,,asian,nonhispanic,M,San Pablo  California  US,591 Rath Drive Suite 64,East Rancho Dominguez,California,Los Angeles County,6037,90221,33.839855662192114,-118.24393160354191,92907.26,566960.56,55105
e47cb524-ce4c-d355-b2d3-cb8cf275c80a,2022-09-21,,999-51-8120,,,,Ana Luisa894,Lourdes258,Villalpando154,,,,white,hispanic,F,Caguas  Puerto Rico  PR,933 Monahan Throughway,Yucca Valley,California,San Bernardino County,6071,92284,34.143877215150454,-116.41347289428592,5988.77,236.45,68366
a3628728-d81a-0a61-fe50-5c1ed70cc18f,1976-12-09,,999-52-1739,S99922157,X6040393X,Mr.,Wallace647,Ramiro608,Goyette777,,,S,white,nonhispanic,M,Hawthorne  California  US,449 Kemmer Trail,Atascadero,California,San Luis Obispo County,6079,93422,35.469682301783834,-120.67824490328823,188172.43,115962.53,63255
0b086c8d-db7f-5424-59cf-ae586c2b93fb,1927-11-06,1994-12-07,999-55-6572,S99930193,X17996576X,Ms.,Jesusita936,Kristal814,Bins636,,,S,black,nonhispanic,F,Daly City  California  US,837 Bode Brook,Livermore,California,Alameda County,6001,94550,37.83188554354523,-121.93171790136229,771996.30,863995.74,45646
9a17ad38-8391-3e9e-140c-292ec3954c66,1951-05-06,,999-66-4162,S99974646,X33343556X,Mr.,Wilbur107,Ali918,Feeney44,,,W,white,nonhispanic,M,Daly City  California  US,220 Kris Terrace Apt 26,San Diego,California,San Diego County,6073,92117,32.67431208732562,-117.14848058286123,282411.72,187948.53,50242
336e441b-cb7d-3c92-bc13-0e094a4bdc84,2009-10-04,,999-27-3487,S99963561,,,Wilburn655,Mitch821,Nader710,,,,asian,hispanic,M,Los Angeles  California  US,491 Fadel Walk Unit 46,Modesto,California,Stanislaus County,6099,95358,37.605415289828585,-120.95176221170611,83503.52,0.00,118241
99498b8d-712c-116e-18cc-6e3811d8a72c,1967-07-06,,999-39-4768,S99930045,X53125055X,Mr.,José Emilio366,,Valencia279,,,W,asian,hispanic,M,Carolina  Puerto Rico  PR,761 Jacobi Promenade Unit 54,Lake Forest,California,Orange County,6059,92630,33.721720216002964,-117.64131468093564,12410.95,268180.26,8593
df6e5afc-8e23-871b-4fa1-55fdc4c7a294,1946-11-17,,999-56-6762,S99919438,X38410495X,Mr.,Alejandro916,,Maestas764,,,D,white,hispanic,M,Juarez  Chihuahua  MX,264 O'Kon Junction,Los Angeles,California,Los Angeles County,6037,90046,33.77764612494247,-118.21890982811277,14329.70,491195.32,2764
03e84848-49ab-7c70-2c49-20c2369fba26,2004-11-12,,999-40-8240,S99930852,X70221846X,Ms.,Lakeshia836,Wynell591,Jast432,,,,asian,nonhispanic,F,Shanghai  Shanghai Municipality  CN,701 Wolf Mall Suite 65,Country Club,California,San Joaquin County,,00000,37.974286186603535,-121.32415523659574,144122.65,115097.95,70999
b93e0e58-d2e6-c316-2e57-5ab4e2c6312f,1928-08-21,2020-12-17,999-67-9949,S99957742,X74427357X,Mr.,Kristofer887,Dan465,Hartmann983,,,D,white,nonhispanic,M,Berkeley  California  US,414 Rippin Overpass,Parkway,California,Sacramento County,,00000,38.515944207288925,-121.41359538549561,204541.74,1030351.54,27033
46d83df1-21e9-46ba-7e5a-37bdc65723ad,1973-09-27,,999-68-5329,S99995317,X20875205X,Ms.,Hilary419,,Wunsch504,,,S,white,nonhispanic,F,Los Angeles  California  US,431 Cronin Bay Suite 97,Mount Hermon,California,Santa Cruz County,6087,95041,37.018545830723966,-122.08015266015938,958750.45,798575.94,52018
84f8659a-b649-6f46-86e3-bfe7b0c47a6d,2002-06-23,,999-96-4239,S99948008,X71399092X,Mr.,Conrad619,Gil594,Paucek755,,,,white,hispanic,M,Los Angeles  California  US,163 Block Heights Apt 90,French Valley,California,Riverside County,,00000,33.649304853492936,-117.0623076258454,75602.56,4960.75,146210
128ac1e5-8802-9a49-a248-9c0490a4fa45,1949-10-12,1965-09-09,999-31-2297,,,,Jermaine675,Dannie881,Mraz590,,,,asian,nonhispanic,M,Daegu  Daegu  KR,316 Runte Well,El Cajon,California,San Diego County,6073,92021,32.78921880763238,-116.95858835684885,72674.00,0.00,48407
282e2080-e4e3-d102-3b4e-a1a6f3946c1e,2011-08-07,,999-74-3865,,,,Kim439,Timothy142,Sporer811,,,,white,hispanic,M,El Paso de Robles (Paso Robles)  California  US,969 Kuhn Parade,Davis,California,Yolo County,6113,95776,38.50944354195311,-121.68220043609928,2414.77,62561.24,29434
c2c85f94-05b4-1c5d-03bb-5d7e39640bb1,2014-10-07,,999-51-6232,,,,Federico589,,Macejkovic424,,,,asian,hispanic,M,Los Angeles  California  US,589 Dicki Stravenue,Los Angeles,California,Los Angeles County,6037,90212,34.04567821194865,-118.40915011670997,48571.41,6617.87,245181
d0cc83bc-b2e8-d8d6-8bc9-8e46beab4a92,2009-05-18,,999-94-9623,S99975776,,,Ashley34,Karl184,Turcotte120,,,,white,hispanic,M,Temecula  California  US,1021 Johns Neck,Isla Vista,California,Santa Barbara County,6083,93117,34.457694246722944,-120.08751854758547,63449.51,749946.82,79104
8deb0d0c-55ff-b2d3-2e52-1077ed2ef700,1996-07-14,,999-54-5160,S99984624,X79542722X,Mr.,Jaime666,Gilberto712,Lind531,,,M,asian,nonhispanic,M,Busan  Busan  KR,639 Nader Rapid,Oakland,California,Alameda County,6001,94611,37.84072202025582,-122.19220961974968,82519.49,18090.46,59016
9ac205ba-6b09-3a2c-64b9-b856555e840e,1968-12-30,,999-67-1274,S99912003,X11264425X,Mr.,Dirk334,Titus37,Lynch190,,,M,white,nonhispanic,M,Bell  California  US,852 Hegmann Rapid,Pine Valley,California,San Diego County,6073,91962,32.7542026999471,-116.40579345964075,235107.75,55456.09,104896
9f3bdc4f-5f20-d88d-64db-f763cb771610,2018-01-15,,999-72-9054,,,,Rocio28,María Luisa888,Rangel145,,,,white,hispanic,F,Lima  Lima Province  PE,438 Koepp Quay,Anaheim,California,Orange County,6059,92868,33.82976428783967,-117.85453875212932,28865.18,22339.63,95082
d1786103-9832-f7d8-4f19-eb780c57005f,1995-03-24,,999-43-9885,S99921624,X37973728X,Mr.,Derrick232,Dewayne363,Schmidt332,,,M,white,nonhispanic,M,Vallejo  California  US,690 Hackett Annex,San Juan Capistrano,California,Orange County,6059,92673,33.54104070807624,-117.71450285206761,5232.02,78588.03,13598
1285d048-6009-0f4c-1900-205035321887,1954-04-21,,999-29-2827,S99910416,X53720361X,Mr.,Russel238,Yong583,Bins636,,,S,black,nonhispanic,M,Monterey Park  California  US,216 Weimann Station Suite 19,South Gate,California,Los Angeles County,6037,90280,33.917700524568005,-118.23162404797532,13815.39,449481.76,14677
ea1aab51-f3d3-2f1f-33fa-98ddc22d07b4,1947-11-07,2008-04-20,999-12-5106,S99927119,X81253268X,Mr.,José Eduardo181,Cristian531,Estévez304,,,S,white,hispanic,M,Salisbury  Saint Joseph Parish  DM,293 Kerluke Bay,Vallejo,California,Solano County,6095,94591,38.28958503101192,-122.10839372691593,247651.64,289809.98,44299
a22b700e-3df1-34d0-d1b1-11af0469af29,2016-07-16,,999-53-3549,,,,Kera17,,Mohr916,,,,asian,nonhispanic,F,San Mateo  California  US,1087 Buckridge Key,Anaheim,California,Orange County,6059,90620,33.79178618785695,-117.83992721371176,1650.00,44116.86,2419
8723ad62-88bb-8dd7-176b-20f9cdc658d5,1973-05-22,,999-31-8622,S99965873,X13192896X,Ms.,Terresa418,Ethel888,Thiel172,,,S,white,hispanic,F,Los Angeles  California  US,792 Windler Alley Suite 59,Lawndale,California,Los Angeles County,6037,90250,33.8859564391001,-118.30436090544563,98439.94,1202306.87,33999
16ba4265-0d0b-01e6-d56e-26eef69993cf,1967-05-21,,999-47-6907,S99996041,X60457799X,Mr.,Benito209,Rodney21,Keebler762,,,S,white,nonhispanic,M,Dublin  California  US,643 Bogan Drive,Newark,California,Alameda County,6001,94560,37.49420149077466,-122.06957464501602,110662.32,168709.26,65551
8790c307-959a-45ec-f25d-5183b6e45ca8,1949-10-12,2019-06-23,999-66-8630,S99927636,X44091418X,Mr.,Marlon619,,Sipes176,,,M,asian,nonhispanic,M,Busan  Busan  KR,389 Huels Key Suite 18,El Cajon,California,San Diego County,6073,92021,32.7975644750918,-117.0037835465849,952272.05,3630884.34,48407
be01f2f1-cf0a-a9af-d48d-098a7c1dfa35,1952-06-20,,999-56-4434,S99983886,X87256282X,Mr.,Micah422,Loyd638,Jacobi462,,,M,white,nonhispanic,M,Los Angeles  California  US,143 Daugherty Center Suite 6,Antioch,California,Contra Costa County,6013,94513,37.92503241483504,-121.74786445802017,235496.50,172150.44,104320
be862a2d-045b-7260-9f82-54bf95cdca28,1998-12-03,,999-89-9063,S99997750,X20690541X,Mr.,Hernán834,Timoteo39,Archuleta517,,,,black,hispanic,M,Ponce  Puerto Rico  PR,952 Bergstrom Hollow,Upland,California,San Bernardino County,6071,91701,34.14879225680523,-117.61330237446148,93727.95,18867.85,62956
d316aa15-0915-0f4f-b249-d3ac5de65d94,1963-03-18,,999-42-9122,S99961451,X13712541X,Mr.,Gonzalo160,David908,Cazares77,,,M,white,hispanic,M,San Salvador  El Salvador  SV,278 Casper Lodge Unit 79,Los Angeles,California,Los Angeles County,6037,90059,34.02422993617794,-118.4798657971059,215207.48,1410818.85,26851
08dd5f3b-554c-ce95-99a9-0b0ea4599b14,2006-11-05,,999-48-5444,S99978752,,Ms.,Kenyetta225,Susannah249,Kulas532,,,,white,nonhispanic,F,Lafayette  California  US,1024 Veum Flat Apt 58,Wasco,California,Kern County,6029,93280,35.661215666132414,-119.46486774749422,6835.72,1155700.97,30240
0a46ed67-41ab-cacb-a4fb-656c3a97ef19,1964-02-21,,999-50-6513,S99958966,X44311718X,Mr.,Ignacio928,Federico589,Altamirano540,,,W,white,hispanic,M,Santiago  Santiago Province  CL,977 Barton Green Apt 49,Chowchilla,California,Madera County,6039,93610,37.12289110850207,-120.32659341399521,233687.60,63163.17,133704
6240591b-a036-58cb-cc17-b456a76d90f8,1935-10-06,2024-11-14,999-33-5274,S99958765,X45254187X,Mrs.,Carlyn477,Georgetta870,Lueilwitz711,,Batz141,M,white,nonhispanic,F,San Jose  California  US,159 Johnson Tunnel,Chula Vista,California,San Diego County,6073,91914,32.69437866077168,-117.05380399152793,502645.68,2111162.66,149741
c5f77316-522f-3f10-b4de-e9081d83876d,1952-03-19,2007-03-02,999-68-1946,S99965158,X24577063X,Mr.,Josiah310,Jasper743,Beatty507,,,D,white,nonhispanic,M,McCloud  California  US,419 Jacobson Trafficway Unit 80,Tracy,California,San Joaquin County,6077,95376,37.7323777505014,-121.47953498265449,148542.06,174422.91,146445
c877b112-35bf-9212-b503-980a49b8a74b,1927-11-06,1998-07-20,999-17-3365,S99924584,X80756048X,Mrs.,Lesia354,Juana825,Stokes453,,Howell947,M,black,nonhispanic,F,Brea  California  US,259 Walter Extension Apt 51,Livermore,California,Alameda County,6001,94550,37.5087096417969,-121.5313986051674,1061569.20,897217.64,45646
4e64158c-48e7-e118-0100-dd77f26571a6,1938-01-08,,999-41-1614,S99928448,X83905665X,Mr.,Lon587,Billie243,Shanahan202,,,S,white,nonhispanic,M,San Francisco  California  US,753 Kihn Spur,Parkway,California,Sacramento County,,00000,38.49930948768765,-121.46644255360896,140287.27,442553.76,27033
7c4e91d6-2cfe-7f30-2158-7d948259e065,1984-12-19,,999-32-1876,S99950945,X25715467X,Mrs.,Nicolasa738,Roselyn270,Jast432,,Kuhic920,M,white,nonhispanic,F,Los Angeles  California  US,661 Bernier Frontage road Suite 15,Fresno,California,Fresno County,6019,93723,36.75550344770268,-119.80435164800747,268373.61,756485.34,95800
8c49b0c1-206d-9c7d-dfe6-65d7aa13a758,1996-03-25,,999-92-5102,S99952070,X67899462X,Mr.,Cristobal567,Ricardo560,Espinosa298,,,M,white,hispanic,M,Ponce  Puerto Rico  PR,109 Parker Dam,Vallejo,California,Solano County,6095,94591,38.132397406160386,-122.27829809763497,28489.55,115124.86,45528
aba185ae-3c26-3880-2d30-e0110d8b63b0,1947-11-07,,999-99-4293,S99997462,X58525324X,Mr.,Ernesto186,Ramiro608,Urbina137,,,M,white,hispanic,M,Mexico City  Mexico City  MX,896 Bernier Common Suite 23,Vallejo,California,Solano County,6095,94590,38.15448553408263,-122.15917334585657,233427.42,325855.76,44299
51f7bc8a-cf26-d96b-0198-a0274a555e1d,1981-01-28,,999-53-7498,S99917855,X17329952X,Mr.,Alfonzo975,,Waelchi213,,,M,white,nonhispanic,M,Los Angeles  California  US,998 Corwin View Apt 72,San Jose,California,Santa Clara County,6085,95129,37.262242152302846,-121.86279533397364,33570.79,317023.99,494
86874309-ef22-cecb-6c06-93258bc1c7af,1958-10-03,1995-01-19,999-11-2045,S99993020,X9708985X,Mr.,Beau391,Dylan44,Kessler503,,,M,white,hispanic,M,Montebello  California  US,392 McClure Ranch Suite 74,Los Angeles,California,Los Angeles County,6037,91411,34.09211894413565,-118.37701365143813,34811.90,106557.95,26156
2690ff59-b9ce-4f58-56a9-136b37300c98,1977-09-08,,999-72-1172,S99952051,X7878526X,Mr.,Theo630,Clarence5,Hintz995,,,M,white,nonhispanic,M,Cerritos  California  US,783 Terry Brook,Foster City,California,San Mateo County,6081,94404,37.60311520480683,-122.2702128054339,87200.73,364573.75,149146
9897b568-f223-cea6-d262-2e2f100ec316,2007-09-01,,999-37-3864,S99984630,,Mr.,Toby274,,Altenwerth646,,,,asian,hispanic,M,Las Flores  California  US,969 Konopelski Club,Kerman,California,Fresno County,6019,93630,36.769870214579136,-120.06119948707246,2650.00,56954.19,4973
c7130f14-ab6c-6e74-39eb-62da18beb389,2019-01-05,,999-62-8317,,,,Carmine137,Edgar153,Lubowitz58,,,,white,nonhispanic,M,Livermore  California  US,492 Rogahn Crossroad,Victorville,California,San Bernardino County,6071,92394,34.34343718828142,-117.40576383676573,1444.53,54897.50,15326
7c8bc18b-eb5d-f9dc-9153-e57b83316141,2001-03-18,,999-65-5334,S99998894,X82450789X,Mr.,Eugene421,Terrence276,Haley279,,,,white,nonhispanic,M,Fresno  California  US,610 Hermiston Tunnel,Los Angeles,California,Los Angeles County,6037,90094,34.10775354685875,-118.4689892853367,84860.22,17918.84,129797
d2c4286d-cd8e-bcbd-f4a1-0c56889c86ff,2016-03-03,,999-65-4586,,,,Norma469,Rosario163,Carreón894,,,,asian,hispanic,F,Portsmouth  Saint John Parish  DM,935 Lindgren Light,Santa Clarita,California,Los Angeles County,6037,91387,34.45681491698796,-118.65263487860324,18470.28,1934.06,642188
8d804731-30e0-62df-5dd6-4bab85973d08,2012-08-22,,999-16-3794,,,,Nicolás801,Esteban536,Curiel392,,,,white,hispanic,M,Portsmouth  Saint John Parish  DM,263 Wilderman Lane,Long Beach,California,Los Angeles County,6037,90813,33.73186191591921,-118.11029927910569,45265.16,6134.31,139366
4e5b5f7b-0c39-5baa-52e1-deba1bec9a85,2015-12-28,,999-20-9114,,,,Dorothea248,,Ryan260,,,,white,hispanic,F,North Fair Oaks  California  US,430 Jacobi Ville Unit 40,Running Springs,California,San Bernardino County,6071,92382,34.24606593215263,-117.14745959229512,2332.02,36147.24,5757
5fd0b6d1-f6f9-684f-b0da-66779e8340ee,1935-10-06,1997-03-27,999-85-7210,S99937683,X55946945X,Mrs.,Theo630,Leonora414,Walsh511,,Weimann465,M,white,nonhispanic,F,Fresno  California  US,302 Romaguera Road,Chula Vista,California,San Diego County,6073,91915,32.67975674604471,-116.975439574748,322366.79,953221.46,149741
e2a24500-09fb-083b-c569-6a09b57819ed,1949-10-12,,999-49-2533,S99959432,X60794008X,Mr.,Clint766,Terry864,Mertz280,,,S,asian,nonhispanic,M,Daegu  Daegu  KR,511 Hyatt Loaf,El Cajon,California,San Diego County,6073,91941,32.822746619918064,-116.97652397924217,516098.21,148997.39,48407
01d224e3-1608-fe63-65a0-9f5945e5a426,1969-07-09,,999-76-5255,S99954261,X61857995X,Mr.,Jacobo456,Jorge203,Melgar516,,,D,asian,hispanic,M,Mexico City  Mexico City  MX,496 Crooks Wall,Carlsbad,California,San Diego County,6073,92078,33.21182029545434,-117.22987814709143,96744.55,180586.70,24280
6ca2cd0d-ba50-a2ee-dfbc-1799a8436e3e,1976-06-30,,999-82-1954,S99916919,X39933767X,Mr.,Alfonso758,José Luis472,Guardado953,,,M,white,hispanic,M,Tegucigalpa  Francisco Morazán  HN,789 Walter Parade,Cupertino,California,Santa Clara County,6085,95070,37.24512310327254,-122.01649413645812,65678.97,80772.45,684070
87b6faa0-2321-2fa2-4522-da246719bf86,1962-04-03,,999-89-3454,S99960640,X4302999X,Mrs.,Myong12,Julee121,Heller342,,Cremin516,M,white,nonhispanic,F,Fullerton  California  US,413 Bernhard Road Apt 61,El Centro,California,Imperial County,6025,92243,32.797088874433435,-115.63171982448618,763541.00,900783.95,94495
c7f218f1-1c0f-766c-51ee-b398bce574aa,1927-11-06,1977-03-17,999-60-8675,S99912310,X41495063X,Mrs.,Jackie93,Miki234,McDermott739,,Cruickshank494,M,black,nonhispanic,F,Huntington Park  California  US,704 Wyman Village Unit 90,Livermore,California,Alameda County,6001,94551,37.75465645854859,-121.78742780985563,2008174.02,2405233.89,45646
eb3456d8-78cb-74e7-fed0-349c530abcb5,1976-11-29,,999-86-1914,S99937347,X62446008X,Mr.,Felipe97,Gerardo48,Lemus978,,,M,white,hispanic,M,Santiago de los Caballeros  Santiago  DO,954 Emard Crossing,San Mateo,California,San Mateo County,6081,94401,37.56797864118444,-122.30947337691208,125986.48,0.00,108243
e7e2a0b4-267d-dda1-0031-8009b1ffd2e5,1958-10-03,,999-72-5720,S99960195,X46439053X,Mr.,Keneth579,Napoleon578,Collier206,,,S,white,hispanic,M,Fontana  California  US,740 Kuhic Vale Suite 39,Los Angeles,California,Los Angeles County,6037,90047,34.270903115906776,-118.52599115994742,217936.73,1232900.14,26156
c2377cf4-24d3-5d53-dae2-7d7d3122bdc8,1967-07-24,,999-35-3641,S99921042,X25423773X,Mrs.,Luella739,Earnestine14,Carroll471,,Dare640,M,hawaiian,nonhispanic,F,Laguna Hills  California  US,118 Lind Trafficway,Morgan Hill,California,Santa Clara County,6085,95037,37.14550026130343,-121.6138889450856,927887.65,9657.73,72577
ad7d1c0a-13d5-14ac-6a1a-2ca962f8396f,2021-10-09,,999-52-5212,,,,Damon455,Christoper325,Rutherford999,,,,black,nonhispanic,M,Lynwood  California  US,799 Corkery Landing Suite 33,Carmichael,California,Sacramento County,6067,95608,38.589152928921386,-121.33006479154274,15017.54,3096.06,53535
eabc9b75-0690-519d-2777-b11e6f130bb5,1952-03-19,,999-26-5486,S99941079,X74806799X,Mr.,Gayle448,Toby274,Abshire638,,,S,white,nonhispanic,M,Los Angeles  California  US,420 Jacobson Quay Apt 6,Tracy,California,San Joaquin County,6077,95304,37.693456159665004,-121.56680088624961,176435.40,1173414.96,146445
1e11d328-656d-d3f0-5b71-fa27b1937b85,1977-10-20,,999-14-9698,S99929636,X70865011X,Mr.,Benito209,Toby274,Kutch271,,,M,asian,hispanic,M,Anza  California  US,793 Rice Orchard,Los Angeles,California,Los Angeles County,6037,90402,34.177026401821095,-118.43634179733571,206383.40,51011.69,97039
dd74099f-adfa-7b19-3e82-209b8ef5c285,1939-06-28,2000-01-12,999-79-5163,S99943708,X49605103X,Mr.,Tad831,Buck819,Friesen796,,,M,asian,nonhispanic,M,Los Angeles  California  US,535 Ernser Rue,Garden Grove,California,Orange County,6059,90680,33.789358656924236,-117.89313092223816,1556090.41,569059.01,77005
04442dde-27b4-4feb-c1af-b4cfaaa4b2e8,1967-10-27,,999-55-5026,S99982273,X70904999X,Mrs.,Willene254,Jadwiga271,Beahan375,,Cummerata161,M,white,nonhispanic,F,Downey  California  US,678 Lowe Grove,Rancho Palos Verdes,California,Los Angeles County,6037,90274,33.80826171619694,-118.35008893643179,412023.38,864959.83,122801
206b207b-8159-bb15-c180-18b50401e9cb,1971-03-26,,999-13-1245,S99921616,X82522331X,Mr.,Alfonzo975,Ted955,Rath779,,,S,white,hispanic,M,Los Angeles  California  US,379 Stanton Bay Unit 11,Stockton,California,San Joaquin County,6077,95210,37.848324737262864,-121.24008280241607,73241.87,135630.71,31806
60755bd8-c850-ab6e-83b8-d4306f776327,2020-01-02,,999-73-9188,,,,Shante445,Eloisa55,Walker122,,,,white,nonhispanic,F,Escalon  California  US,916 Schroeder Parade,Murrieta,California,Riverside County,6065,92590,33.564654268036676,-117.14294267534808,24491.85,1488.18,49483
8d4a4476-db48-f4a9-5b0b-b3d016d7e869,1976-03-24,,999-66-3450,S99972068,X61719287X,Mr.,Virgil85,Alberto639,Sporer811,,,M,white,hispanic,M,Sacramento  California  US,595 Hamill Station Apt 18,San Clemente,California,Orange County,6059,92675,33.46078142772161,-117.70480276443179,532301.81,506365.61,116623
2ec8b762-fcdb-470a-9caa-eb47cc982034,1998-09-30,,999-81-2107,S99960748,X73645793X,Mr.,Randolph418,Jacques50,Heller342,,,,white,nonhispanic,M,Walnut  California  US,707 Kerluke Station,Fremont,California,Alameda County,6001,94536,37.58663823765812,-121.96156281752745,135795.34,40023.36,72700
e82c36d5-513a-c15f-5c33-434cdb7c94a8,1983-12-22,,999-60-6226,S99944077,X84578696X,Mrs.,Brittni468,Lucie638,O'Kon634,,Torphy630,M,asian,hispanic,F,Kelseyville  California  US,647 Eichmann Loaf Apt 36,Fresno,California,Fresno County,6019,93705,36.93029404790893,-119.59379391508301,11521.57,381046.38,15176
3e86dcd6-b67d-6cb5-8c48-91e848126dcd,1986-10-26,,999-68-8510,S99917092,X60512886X,Ms.,Estela596,Carlota980,Grijalva82,,,S,asian,hispanic,F,Carolina  Puerto Rico  PR,454 Rogahn Throughway Apt 31,Diamond Bar,California,Los Angeles County,6037,91768,34.10590527810827,-117.79207243273963,221599.35,265176.11,137123
af4804ea-e8c5-713c-baed-950233298482,2014-12-14,,999-17-8692,,,,Laura391,Dorotea472,Reyes140,,,,white,hispanic,F,Roseau  Saint George  DM,471 Emard Hollow,Los Angeles,California,Los Angeles County,6037,90056,34.217899771854015,-118.45376494849718,1940.87,43301.54,18966
b1859ece-7ee7-7984-f2d8-e4f46c549101,2017-12-16,,999-29-9807,,,,Patricio639,Samuel331,Araña824,,,,asian,hispanic,M,Puebla  Puebla  MX,418 Lakin View,Petaluma,California,Sonoma County,6097,94952,38.2805157750055,-122.58689918743097,31356.57,13072.83,73301
2b101cd1-892d-1b9d-75e4-d742b0fe00d7,2017-12-23,,999-43-9913,,,,Jeanie708,Brandy18,Leuschke194,,,,white,nonhispanic,F,Eastvale  California  US,1018 Walter Trafficway,North Tustin,California,Orange County,6059,92705,33.81531734677001,-117.80697084267342,31923.09,1629.26,368682
e726e362-6256-dd4a-bff9-fd8f8573721f,2010-11-29,,999-11-2312,,,,Kathe603,Zulma701,Dach178,,,,white,nonhispanic,F,Los Angeles  California  US,1090 Ernser Corner Suite 66,Moreno Valley,California,Riverside County,6065,92555,33.93885165178812,-117.35536613455261,40442.55,6056.23,128637
70eabc03-dfd1-cc22-12cc-fec1d8be0240,1935-10-06,,999-46-6017,S99974507,X71328473X,Mrs.,Asha251,Monika509,Thompson596,,Crooks415,M,white,nonhispanic,F,Merced  California  US,1057 Friesen Vista,Chula Vista,California,San Diego County,6073,91914,32.70940309772544,-116.90253666052503,319669.14,1457566.48,149741
e9c13f36-dbf3-1c3f-a1ac-ed1b0b763254,1979-07-17,,999-71-3409,S99955260,X80475847X,Mr.,Freddie621,Anton902,Marks830,,,M,white,hispanic,M,Alameda  California  US,221 Reichel Orchard,Phelan,California,San Bernardino County,6071,92371,34.41336148602066,-117.5305054540567,104788.67,15152.37,62248
e0632659-8968-a651-411f-3caa4722eb83,2016-09-11,,999-26-2027,,,,Donny470,Richard937,Kilback373,,,,black,nonhispanic,M,Riverside  California  US,499 Price Path,Los Angeles,California,Los Angeles County,6037,90089,34.23737575435057,-118.60903908323299,2292.03,67343.82,32933
24a28237-85f0-1b4c-a55c-f811694d1f52,1965-02-02,,999-32-9530,S99962049,X71283765X,Mr.,Gregg522,Rodrigo242,Armstrong51,,,M,white,nonhispanic,M,San Diego  California  US,1066 Maggio Fork Suite 19,Oakland,California,Alameda County,6001,94608,37.81926630599659,-122.30169998915092,142043.62,139957.96,38234
c23d24bb-3fee-413e-f9f2-80e5d2ed8580,1951-07-27,,999-11-1376,S99960943,X85681130X,Mrs.,Fanny438,,Kulas532,,Schamberger479,M,hawaiian,hispanic,F,Lynwood  California  US,214 D'Amore Underpass Apt 71,Calabasas,California,Los Angeles County,6037,91301,34.06918349548361,-118.61004970683102,244051.65,1639578.71,812315
8d5111f9-c3d9-472f-6885-37e8f3066a9c,1975-04-22,,999-99-4993,S99912466,X80483579X,Mrs.,Débora815,Ana972,Santacruz647,,Vela532,D,black,hispanic,F,Gaudalajara  Jalisco  MX,125 Parker Bay Apt 82,Bakersfield,California,Kern County,6029,93306,35.42604300250074,-118.80770893266032,538213.40,546553.29,95122
16f1950b-51e9-6cee-f951-1e11e3245f24,1996-12-17,,999-33-5323,S99910973,X55109557X,Mrs.,Elayne206,Evita885,Luettgen772,,Armstrong51,M,asian,nonhispanic,F,Hanoi  Hà Đông  VN,334 Brekke Esplanade,Los Angeles,California,Los Angeles County,6037,90035,34.11697301976308,-118.33794974278337,30739.66,1046044.30,44070
f3dc9a2b-9b9d-35bf-7aef-6a819d4b96b6,2018-03-26,,999-36-5200,,,,Maira380,Annice210,Tremblay80,,,,asian,nonhispanic,F,San Diego  California  US,172 Yundt Mews,Lemon Hill,California,Sacramento County,,00000,38.50719715973769,-121.4631270244448,1000.00,30266.19,34913
1d8652d7-02e5-ec63-0cbd-7dc89ca842d9,2008-01-07,,999-75-1715,S99937778,,Mr.,Ramiro608,Juan88,Sáenz811,,,,asian,hispanic,M,Santiago  Santiago Province  CL,453 Bernier Meadow Apt 49,Pomona,California,Los Angeles County,6037,91765,34.13815058494596,-117.78277113608985,56740.18,19479.11,76225
7e0f652e-f295-8f54-7d7f-509c3f852f16,1927-11-06,2000-10-25,999-52-6780,S99926098,X66008873X,Mrs.,Eleonor544,Pattie91,Rice937,,Herzog843,M,black,nonhispanic,F,Los Angeles  California  US,495 Moore Gateway,Livermore,California,Alameda County,6001,94551,37.79179443893903,-121.78402732524069,1466107.69,1168377.97,45646
120ea43b-2438-5806-42ea-d2c4550f76ba,2008-12-06,,999-20-1813,S99969340,,,Joaquin141,Carmen818,Beer512,,,,asian,hispanic,M,Highland  California  US,732 Barrows Trail Apt 34,Los Angeles,California,Los Angeles County,6037,90001,34.126248243478884,-118.45376780980835,7800.00,115743.80,38442
bce83d1a-3a2c-ae23-80ef-9ac6392f6e80,1939-06-28,1987-11-15,999-15-5488,S99977576,X45295719X,Mr.,Jonas187,Ernie189,Harvey63,,,S,asian,nonhispanic,M,Saratoga  California  US,1006 Schamberger Mall,Garden Grove,California,Orange County,6059,92683,33.81456741865196,-118.0295698257534,576520.20,1767849.81,77005
6474911e-e07d-ad19-94d5-a2eb84d67260,2012-06-04,,999-80-4601,,,,Cheryl605,Denisha680,Orn563,,,,white,hispanic,F,Chula Vista  California  US,248 Brekke Tunnel,Chino,California,San Bernardino County,6065,92880,33.93476393093724,-117.60218840358253,5429.43,171336.18,86042
209c8c51-097e-70a6-381a-18268ff54bde,1955-08-02,,999-82-1028,S99942777,X15673237X,Mr.,Freddy176,Alberto639,Torp761,,,M,white,nonhispanic,M,Beaumont  California  US,1075 Runte Well Unit 7,Long Beach,California,Los Angeles County,6037,90802,33.82455597246599,-118.20211162463269,300232.82,45580.00,69765
c246eb6e-d2ca-a2f3-1316-1a4923d58786,1972-08-12,,999-12-6095,S99918162,X19140295X,Mr.,Sancho742,Diego848,Arce139,,,S,black,hispanic,M,Santo Domingo  National District  DO,553 Becker Quay Apt 69,Cudahy,California,Los Angeles County,6037,90201,33.98607793028003,-118.20472346996452,217222.55,114173.25,75164
c67f242e-07ef-e56d-0df8-1f4456d72de6,1964-04-20,,999-86-2149,S99974535,X17940967X,Mrs.,Harriett813,Ivy932,Hand679,,Wilkinson796,W,white,nonhispanic,F,Orange  California  US,856 Lind Gateway Apt 81,Carlsbad,California,San Diego County,6073,92081,33.10995395353837,-117.2555129261926,937448.59,711206.61,43901
14d125cf-a52d-49f8-5cb6-202591b19936,2005-04-13,,999-89-4645,S99942909,X12901380X,Ms.,Francisca486,Loyce848,Reynolds644,,,,white,hispanic,F,Victorville  California  US,200 Mohr Crossing Apt 36,Burbank,California,Los Angeles County,6037,91504,34.17650239286026,-118.32109145683631,5602.34,237165.59,25018
32e2606c-b530-be21-9dfa-dc05f674276d,2021-08-25,,999-25-2555,,,,Osvaldo336,Terry864,Simonis280,,,,white,nonhispanic,M,Whittier  California  US,679 Gutkowski Neck,Tonyville,California,Tulare County,,00000,36.239128317046124,-119.12344133183488,850.00,22160.51,21262
8b546bfa-bb6c-d381-621e-27d82ad18edc,2017-01-28,,999-87-1383,,,,Dean966,,Stamm704,,,,other,nonhispanic,M,Clovis  California  US,1097 Osinski Viaduct Suite 81,Cypress,California,Orange County,6059,90620,33.78972756304668,-117.96989411539752,33082.52,18888.21,198668
adba1e3f-390e-cc71-93b7-07bb123d0483,1970-10-31,,999-59-9903,S99959815,X61278461X,Mr.,Merrill415,Ira784,Bechtelar572,,,M,native,nonhispanic,M,Glendale  California  US,822 Huels Ferry Apt 38,Inglewood,California,Los Angeles County,6037,90045,33.87359379268642,-118.33455494462096,16773.69,1119445.72,3400
32b1c3c1-a170-2e34-6477-85ecf276a525,2017-01-03,,999-34-3260,,,,Leeanne840,Sunshine777,Witting912,,,,white,hispanic,F,Pico Rivera  California  US,484 Ankunding Flat,Chino,California,San Bernardino County,6071,91709,34.04695670667805,-117.721693427446,37410.69,8757.39,85318
621043d2-2386-520d-d45d-85e2605a32dd,1962-01-20,,999-18-2234,S99935591,X50932496X,Mr.,Hubert238,Bertram873,Schuster709,,,M,white,nonhispanic,M,Lynwood  California  US,164 Purdy Crossroad Unit 0,Elk Grove,California,Sacramento County,6067,95830,38.48969230763062,-121.3275421366716,633334.47,732247.47,55929
08911bcd-3757-c40b-09a0-afff60ca28f7,1992-01-03,,999-58-5875,S99960865,X17727540X,Mrs.,María Cristina383,Graciela518,Hurtado459,,López694,M,asian,hispanic,F,Salisbury  Saint Joseph Parish  DM,439 Beier Mill,Oakland,California,Alameda County,6001,94619,37.7815180449003,-122.24681295139119,372080.00,1453582.18,77234
1303afd0-cab3-2040-9be8-775d2ddf7314,2000-12-25,,999-90-1462,S99945439,X33936895X,Mr.,Cedric746,Jackson413,Quigley282,,,,native,nonhispanic,M,Palmdale  California  US,603 Bogan Wall Apt 74,Clearlake Oaks,California,Lake County,6033,95423,39.09604492965985,-122.61606578123025,7797.42,64121.94,27086
fa2ed724-ec0e-5bad-1c43-7afd179e0375,1974-09-21,,999-88-6369,S99912017,X18533844X,Mr.,Herbert830,Joe656,Lindgren255,,,D,white,nonhispanic,M,Tulare  California  US,801 Hackett Vista Suite 28,Oxnard,California,Ventura County,6111,93030,34.154060377327916,-119.09802807436886,120338.62,123619.40,67129
6978e3b1-e5e4-9f5e-da19-de2774b76423,2012-06-25,,999-47-4004,,,,Monique148,Claire652,Ondricka197,,,,white,nonhispanic,F,Clovis  California  US,893 Kuphal Bay,Bayview,California,Humboldt County,,00000,40.77622463430593,-124.14631869562791,2950.00,89061.23,34635
5ac7d4d1-e5a6-bb5e-be04-ca600456da00,2004-10-02,,999-26-9650,S99914125,X70047492X,Mr.,Pablo44,Cristobal567,Collazo246,,,,asian,hispanic,M,La Paz  Baja California  MX,851 Daniel Trailer Suite 97,Placentia,California,Orange County,6059,92806,33.87915633513974,-117.86229808713556,68337.28,249680.59,111358
00c061bf-9145-e080-7bf3-98c3ae1b7ab5,2000-07-10,,999-86-9648,S99930145,X68854022X,Ms.,Roseanna881,Mickey576,Lind531,,,,white,hispanic,F,Los Angeles  California  US,715 Friesen Boulevard,Lafayette,California,Contra Costa County,6013,94563,37.9115199579438,-122.14981077494761,56952.78,1096945.02,37386
c8f213d5-ac5e-6e77-f2d7-082c9b920253,1990-04-26,,999-72-6453,S99973074,X69159510X,Mr.,Foster87,,Pfeffer420,,,M,white,nonhispanic,M,Nizhny Novgorod  Nizhny Novgorod Oblast  RU,916 Cassin Bay Suite 83,Los Angeles,California,Los Angeles County,6037,90732,34.09440150808425,-118.23171157862899,10369.49,164588.39,6202
a187053d-9f8f-cccd-222f-00d72238f37f,1981-10-22,,999-55-3145,S99989700,X73982290X,Mr.,Roderick835,Armand155,Schulist381,,,S,white,nonhispanic,M,Moreno Valley  California  US,624 Walter Camp Unit 82,San Diego,California,San Diego County,6073,92124,32.77026792086794,-117.0926474730481,177144.39,1862259.24,36895
eddcdfff-be85-2e50-d3e8-5fc8572f162b,1966-03-27,,999-36-7701,S99925092,X36939798X,Mrs.,Pearle865,Janie347,Hermann103,,Fadel536,W,white,nonhispanic,F,Carlsbad  California  US,765 Lowe Tunnel Suite 58,San Jose,California,Santa Clara County,6085,95134,37.38389598154508,-121.98788856102536,736041.67,510723.34,35829
ba55ffc5-77fa-a1fc-5d84-3be9f3f56104,2000-03-14,,999-66-3718,S99913068,X77181154X,Ms.,Valrie435,Rosalinda949,Orn563,,,,hawaiian,nonhispanic,F,Bell  California  US,476 Runolfsson Wynd,Escondido,California,San Diego County,6073,92029,33.11563003929157,-117.09960011004081,136929.04,265966.58,65862
20ef6e58-12a7-cd48-c4f9-f2de342e3f6c,1966-07-20,,999-90-3110,S99924548,X50607531X,Mr.,Roscoe437,Gerard367,Monahan736,,,M,white,nonhispanic,M,Sacramento  California  US,909 Sauer Knoll,Santa Rosa,California,Sonoma County,6097,95407,38.443117611927065,-122.80140155026727,284168.59,161275.82,108519
4ec0b77e-e3c9-1e5d-8265-f301b0ede24e,1971-09-13,,999-55-5466,S99968256,X72081010X,Mr.,Elmer371,Jeff859,Corkery305,,,M,white,nonhispanic,M,Los Angeles  California  US,879 Mante Approach Unit 79,Los Angeles,California,Los Angeles County,6037,91307,34.22829994193715,-118.36020299877849,203509.98,95359.38,45878
58e46c57-de26-f131-876c-f43cca871fac,1989-01-26,,999-13-5786,S99955644,X20609813X,Mrs.,Sudie246,Jeanelle736,West559,,Ledner144,D,native,nonhispanic,F,Stockton  California  US,191 Ratke Dale,Danville,California,Contra Costa County,6013,94506,37.882844915767095,-122.06445556759286,221808.06,1066607.88,100590
048e827c-a484-4458-3632-903d31300f4c,1984-10-08,,999-85-9446,S99956654,X51314695X,Mr.,Cesar434,Wilson960,Spinka232,,,M,white,nonhispanic,M,Sacramento  California  US,646 Abbott Bay Unit 72,San Marcos,California,San Diego County,6073,92069,33.10898879894507,-117.29103347672972,39162.36,76957.19,36204
f01c6750-31fd-4e8a-b4df-757a13142007,1996-02-07,,999-53-4273,S99987398,X28167110X,Mr.,Adolfo777,Refugio197,Kertzmann286,,,M,black,nonhispanic,M,Mono Vista  California  US,915 Reilly Meadow,Montclair,California,San Bernardino County,6071,91762,34.05839648249153,-117.6906243931648,5668.63,70593.24,14662
4212b325-d53e-9d0d-a596-9a415714ce6a,1975-04-20,,999-62-9916,S99937691,X8556241X,Mrs.,Anita473,Maricarmen445,Camacho176,,Valdés907,D,asian,hispanic,F,Roseau  Saint George  DM,525 Hoeger Underpass Unit 37,Los Angeles,California,Los Angeles County,6037,91325,34.06634388830943,-118.2856293381286,276911.21,1481627.90,29649
2f26ba9e-41b3-f3c5-46e3-330441ffc96e,1994-08-23,,999-73-7868,S99987225,X9761900X,Mrs.,Emeline473,Carie544,Wehner319,,Casper496,M,white,hispanic,F,Nord  California  US,526 Hagenes Route,Winton,California,Merced County,6047,95388,37.39130207224357,-120.56755994000825,10629.00,1399835.07,25971
c9a49289-9b60-d6ad-ebcf-6432307f6b54,2017-05-20,,999-75-6139,,,,Keenan632,,Kemmer137,,,,white,nonhispanic,M,Hayward  California  US,885 Kovacek Viaduct,Madera Acres,California,Madera County,,00000,37.033478443982105,-120.12002314306494,35347.44,10842.57,518487
cec96faa-28b8-11a5-f12b-a68d2c4cad38,1939-06-28,,999-92-3719,S99917014,X7218376X,Mr.,Freddie621,Kurt412,Satterfield305,,,M,asian,nonhispanic,M,Tustin  California  US,535 Koepp Spur Unit 55,Garden Grove,California,Orange County,6059,92802,33.7981538738509,-117.86493927377421,265808.44,178415.69,77005
dbb7438e-0233-a9ed-f934-46938247a539,1927-11-06,,999-66-2103,S99944491,X24606345X,Mrs.,Pearle865,,Breitenberg711,,Kuhlman484,M,black,nonhispanic,F,Costa Mesa  California  US,874 Wisozk Dam Suite 33,Livermore,California,Alameda County,6001,94551,37.742732309035134,-121.73040117507561,1112676.85,607110.41,45646
ce26428c-bdb7-579c-8d9c-da3bf4adb3bb,1993-11-16,,999-62-5311,S99927728,X70430321X,Mr.,Enoch803,Hilario934,Halvorson124,,,M,white,nonhispanic,M,Adelanto  California  US,387 Swaniawski Viaduct,Pittsburg,California,Contra Costa County,6013,94565,37.967485477847205,-121.94585846465127,30400.09,113864.94,36909
f3c7d288-3ed2-e077-ed6a-daf248e8e067,1952-12-25,,999-43-5035,S99956821,X42364509X,Ms.,Rhona164,Jewell855,Zboncak558,,,S,white,hispanic,F,San Diego  California  US,313 Hagenes Divide Unit 10,Bakersfield,California,Kern County,6029,93301,35.3835657638331,-118.99883619991455,25330.51,1586105.65,18518
7436f124-a0b0-585e-ec48-fe8002dcd754,2003-10-09,,999-69-2723,S99913097,X24492596X,Ms.,Tyesha844,,Stroman228,,,,asian,hispanic,F,Livermore  California  US,831 Goldner Terrace Apt 9,Mountain View,California,Santa Clara County,6013,94553,37.351028333661915,-122.08900890735406,133842.94,454967.47,199631
742ce114-4cf3-667d-3c7d-f1f3a48d9d77,1972-08-28,,999-88-2522,S99957651,X13285307X,Mr.,Arnoldo445,Wilber603,Marquardt819,,,M,asian,hispanic,M,Joshua Tree  California  US,293 Labadie Green Suite 6,Coronado,California,San Diego County,6073,92135,32.555095203580265,-117.10442667943641,172340.65,188051.35,96408
52f65cd6-f16f-793c-9268-c2165dd7253e,2019-01-11,,999-39-7252,,,,Lakisha305,Ora550,Schmidt332,,,,white,nonhispanic,F,Los Angeles  California  US,1037 Weissnat Pathway,La Habra,California,Orange County,6059,90631,33.94382844804925,-117.88535295806227,17085.01,0.00,69935
e2382ace-92c3-5c7f-fc8a-c5a473bc8a24,1995-05-06,,999-71-2120,S99932973,X56961714X,Mr.,Diego848,Harry448,Keebler762,,,M,white,nonhispanic,M,Santa Clarita  California  US,755 Paucek Plaza,Willowbrook,California,Los Angeles County,,00000,33.898669015921186,-118.2611931930088,103414.91,9834.12,80847
9a03a632-3088-2f71-bd1e-801392502cb4,1997-01-02,,999-49-4743,S99932279,X32017825X,Mr.,Shannon293,Terrence276,Thiel172,,,S,white,hispanic,M,Modesto  California  US,949 Bergnaum Center,Arvin,California,Kern County,6029,93203,35.13392249197906,-118.84605912533657,43256.06,30392.47,74154
f2a29e27-42a7-e271-a141-b7280ecb6db5,2012-08-15,,999-33-5777,,,,Lorean637,Gaye230,Treutel973,,,,white,nonhispanic,F,Ontario  California  US,123 Gusikowski Street,Oceanside,California,San Diego County,6073,92081,33.291909249455706,-117.32334154859355,54495.71,0.00,93131
8508c645-d3f9-52cb-1298-582eb91f8221,1962-10-23,,999-30-6667,S99942511,X35795556X,Mrs.,Lanell756,Jenni670,Schinner682,,Homenick806,D,white,hispanic,F,Oceanside  California  US,623 Williamson Orchard Unit 1,Folsom,California,Sacramento County,6067,95662,38.676486290561506,-121.11298433700064,1409627.43,449000.07,47230
d5fc153f-e6a6-9602-7f08-d1672635abc4,1962-09-22,,999-65-1969,S99979355,X73833188X,Mr.,Bill567,Antony83,Nolan344,,,S,white,nonhispanic,M,Huntington Beach  California  US,333 Botsford Quay Apt 61,Los Angeles,California,Los Angeles County,6037,91436,34.00333549697961,-118.17589419964943,205902.54,0.00,111548
f7ff601c-2ce7-540d-da60-d3c9e284640d,1977-02-25,1998-08-22,999-58-1319,S99971916,X39617515X,Ms.,Carletta836,Sina65,Walsh511,,,,white,nonhispanic,F,Anaheim  California  US,504 Cruickshank Glen,Los Angeles,California,Los Angeles County,6037,91343,33.9855315144388,-118.35604748013631,242575.36,57183.51,69799
f861da3d-ea8d-7974-d6f4-63617885274e,1980-04-20,2004-10-10,999-43-3673,S99939104,X85812576X,Ms.,Guadalupe206,Isabela97,Berríos934,,,,white,hispanic,F,Bayamon  Puerto Rico  PR,655 Krajcik Vale,Compton,California,Los Angeles County,6037,90262,33.90538528346942,-118.1621279907275,308641.08,271915.89,44838
f5161d2d-9082-439a-446a-5e93c746c9f1,1953-05-24,2010-10-29,999-22-1445,S99949317,X5657395X,Mrs.,Samantha681,Nubia715,Baumbach677,,Treutel973,M,white,nonhispanic,F,Fontana  California  US,782 Fisher Passage Unit 52,Duarte,California,Los Angeles County,6037,91008,34.1449129390498,-117.94193622082196,1589218.98,954197.20,60329
e9bda918-dca0-ebc5-9876-9381a33a8249,1979-05-20,,999-80-7917,S99936236,X18042568X,Mr.,Neville893,Deshawn686,Breitenberg711,,,M,white,nonhispanic,M,Fontana  California  US,896 Schinner Spur,Hemet,California,Riverside County,6065,92545,33.63060189583207,-116.95166144713842,9987.15,139497.53,19394
f96dd4b5-7bad-47ef-3b89-9a16afcc431c,1960-11-30,,999-29-7523,S99937790,X40295126X,Mr.,Major265,Boris111,Krajcik437,,,S,white,nonhispanic,M,San Juan Capistrano  California  US,350 Klein Ferry Unit 21,Modesto,California,Stanislaus County,6099,95354,37.64906083683627,-120.92138093529351,14912.19,309707.79,16695
13812776-1ded-d7c8-0ec7-d254b913c98b,1979-01-25,,999-28-6981,S99963171,X75230217X,Mrs.,Casandra937,Joann92,Koelpin146,,Ankunding277,M,white,hispanic,F,San Diego  California  US,767 Rice Gate,Torrance,California,Los Angeles County,6037,90501,33.897024701450306,-118.25364355832924,24826.40,1811170.49,11296
ddc279bc-633a-620f-50cd-1bffbd3590f1,1955-12-04,,999-95-3716,S99921109,X6201891X,Mrs.,Roxy374,Logan497,Leffler128,,Ondricka197,M,white,nonhispanic,F,Cypress  California  US,980 Jenkins Burg Apt 95,Madera,California,Madera County,6039,93638,36.94652602258391,-120.23129226879477,440298.50,963287.98,25323
0108fd15-6aaf-0140-601d-b7a26551a08e,2019-05-30,,999-23-8635,,,,Delmer311,Greg949,Feest103,,,,white,nonhispanic,M,Camino Tassajara  California  US,276 Bednar Underpass,Yuba City,California,Sutter County,6101,95993,39.11536908576798,-121.70128404549777,1050.00,16484.11,14915
87dc15eb-64e0-1286-9fbf-7694b948a8c4,1982-06-29,,999-68-3866,S99961269,X47366044X,Mr.,Al123,Dylan44,Ullrich385,,,M,white,nonhispanic,M,Oxnard  California  US,948 Pouros Parade Apt 71,Rancho Cordova,California,Sacramento County,6067,95655,38.52002915928931,-121.27969510532644,11212.13,1121352.39,20507
1aa43fc6-4c7d-b993-09a0-e00519e94544,1964-10-30,2013-03-09,999-80-1449,S99940702,X47536031X,Mrs.,Tony646,Ronna740,West559,,Leffler128,M,white,hispanic,F,Madera  California  US,446 Gusikowski Gateway Suite 95,Los Angeles,California,Los Angeles County,6037,90069,34.200751808297206,-118.56912267438476,1276737.54,438279.78,66005
48c40623-d28f-9d75-8d1b-c46dbf78ea30,1954-06-20,,999-90-9104,S99989818,X10071977X,Mr.,Leonel449,Ricky354,Bradtke547,,,D,white,nonhispanic,M,San Jose  California  US,921 Mante Trafficway Apt 62,Los Angeles,California,Los Angeles County,6037,90015,34.08022011142718,-118.2209561006964,457624.35,208867.22,40742
cb667b7d-932e-ad6c-e3d7-7c2e8688e93b,1957-02-21,,999-82-6667,S99983677,X79556509X,Mrs.,Lilliana632,,Bayer639,,Auer97,D,white,nonhispanic,F,Dinuba  California  US,896 Jacobi Port,Brentwood,California,Contra Costa County,6013,94513,37.93547825477643,-121.69608606263212,392137.08,1763317.09,152134
3da4036b-a86b-5f76-2974-51954ae4e62b,2001-08-01,,999-48-8717,S99916339,X25222195X,Ms.,Ryann170,,Satterfield305,,,,white,nonhispanic,F,Orinda  California  US,716 Herman Skyway Apt 59,Dublin,California,Alameda County,6001,94551,37.74828351991061,-121.76551864923545,147901.39,439332.54,195129
ec891829-ffa9-cae7-2c54-aa8c57420a80,1995-04-13,,999-91-3516,S99947151,X61822904X,Mrs.,Louann705,Margit604,Emard19,,Daniel959,M,other,nonhispanic,F,Oakland  California  US,470 O'Connell Crossroad,Arden-Arcade,California,Sacramento County,,00000,38.57478318121114,-121.39565626129999,47660.93,1488626.05,29469
73264980-05c7-b31c-2fe1-3ea32f891b51,2021-02-10,,999-46-2917,,,,In373,Kylie930,Mohr916,,,,white,nonhispanic,F,Santa Clarita  California  US,1010 Fay Skyway,San Diego,California,San Diego County,6073,91945,32.91811964443808,-117.17146518786627,8200.17,20664.90,71503
3dff3d22-ff34-10d2-09b9-531b35a10ead,1984-01-19,,999-13-1725,S99999870,X33584580X,Mrs.,Loida499,Ima629,Brekke496,,Carroll471,M,white,nonhispanic,F,San Francisco  California  US,507 Little Parade Apt 75,Perris,California,Riverside County,6065,92587,33.73044599658013,-117.20262140679255,14026.06,956361.24,15098
1f1e72fb-0bd9-8d3c-07ec-e9e68656f206,1977-02-25,,999-31-2608,S99965821,X73891686X,Mrs.,Annmarie79,Soila394,O'Reilly797,,Hilpert278,D,white,nonhispanic,F,Redlands  California  US,408 Gleason Grove,Los Angeles,California,Los Angeles County,6037,90045,33.7511728484593,-118.25146508800478,806857.28,702033.64,69799
d4e855bd-b064-b3ba-8dc2-6e23658946c1,1980-04-20,,999-36-1134,S99958816,X42396315X,Mrs.,Isabela97,Ana972,Ramírez776,,Gómez206,M,white,hispanic,F,Wesley  Saint Andrew Parish  DM,144 Dicki Bay Unit 44,Compton,California,Los Angeles County,6037,90059,33.8251642404517,-118.23152389532771,222598.89,131243.65,44838
aeedd461-c6cf-326a-d3d0-04dcd1112e8c,1977-11-23,,999-63-1829,S99911303,X59228570X,Mrs.,Lakiesha286,Serina556,Runte676,,Friesen796,M,asian,nonhispanic,F,San Jose  California  US,838 Beer Gate,San Francisco,California,San Francisco County,6075,94116,37.75760958669827,-122.42734708785264,153421.87,598806.95,307342
f7cfbfdc-843e-d550-6638-2f362e914318,1977-09-04,,999-57-4907,S99950155,X59530615X,Mrs.,Stephany248,Iola859,Stroman228,,Breitenberg711,M,black,nonhispanic,F,Los Osos  California  US,273 Russel Gate,Los Angeles,California,Los Angeles County,6037,91608,34.132113372889016,-118.38350992511403,235507.88,1013723.32,33554
5dc1f57a-8429-e505-7b3c-63be7b277b1c,1987-01-14,,999-65-3391,S99967667,X34516169X,Mr.,Kory651,Robert854,D'Amore443,,,M,white,nonhispanic,M,Laguna Niguel  California  US,804 Runolfsson Throughway Apt 72,Vallejo,California,Solano County,6095,94591,38.1348498330904,-122.19776840233071,116600.18,30670.06,116509
e2b49ef0-fc7d-cc38-16c7-75fad7a0f4a8,1971-01-11,,999-23-4592,S99946134,X10214740X,Mrs.,Blanca837,Florencia449,Tejada731,,Ramón841,D,white,hispanic,F,Gaudalajara  Jalisco  MX,130 Mayer View,San Buenaventura (Ventura),California,Ventura County,6111,93003,34.28857025886949,-119.20059512267028,238159.28,1338952.70,28293
0634695b-fbb0-4d32-28db-8e89a4d640a4,2017-12-15,,999-95-6298,,,,Marlin805,William805,Parker433,,,,asian,nonhispanic,M,Inglewood  California  US,628 Hane Camp,Hayward,California,Alameda County,6001,94542,37.690792678432075,-122.11239669883841,1650.00,58041.51,13275
e42322b3-b25c-d9ed-244e-2094387b6f36,1991-06-16,,999-22-5069,S99936548,X38608877X,Mr.,Bryant814,Thomas756,Jacobi462,,,M,white,nonhispanic,M,Blythe  California  US,679 Rohan Heights,Los Angeles,California,Los Angeles County,6037,90731,33.77046002732439,-118.28134547777782,97208.63,16318.19,71307
418ed7c2-36d7-7413-9938-c096f69effe0,2022-12-06,,999-60-7786,,,,Kimber624,,Gerhold939,,,,white,nonhispanic,F,Oak Park  California  US,968 Fisher Park,Alamo,California,Contra Costa County,6013,94507,37.82817997668006,-122.00455787719726,11913.13,3548.63,858431
3cc55ad3-4981-f435-a0a2-cf99546a67ea,1953-05-24,,999-39-2846,S99927290,X73804219X,Mrs.,Claretta294,Tomeka87,Jacobs452,,Reichert620,M,white,nonhispanic,F,San Francisco  California  US,145 Bahringer Tunnel,Duarte,California,Los Angeles County,6037,91010,34.09888510853659,-117.9219844061182,1069007.82,266243.11,60329
f048a7c9-a639-aff5-ba5f-b7eedc814fc1,1964-10-30,,999-17-2593,S99970494,X14690674X,Mrs.,Lana840,Candida654,Schmeler639,,Quigley282,M,white,hispanic,F,Bakersfield  California  US,530 Wiza Passage,Los Angeles,California,Los Angeles County,6037,90029,34.15770825639981,-118.21166008341037,201363.46,1758517.10,66005
5127ee3c-3e20-6508-7381-fa124c9091e2,2006-09-06,,999-88-7953,S99929200,,Mr.,Alec433,Beau391,Lang846,,,,white,nonhispanic,M,Union City  California  US,574 Treutel Rue Suite 78,Sunnyvale,California,Santa Clara County,6085,94089,37.40031053874503,-122.01903403848063,61955.12,0.00,76284
27a30996-7b98-0944-f8a5-da372462808d,1972-01-18,,999-52-4446,S99940182,X67802840X,Mr.,Lester513,Dominic463,Cartwright189,,,M,white,hispanic,M,Folsom  California  US,579 Blanda Village Suite 50,San Clemente,California,Orange County,6059,92673,33.478249891926325,-117.70105563912865,19554.46,411680.11,16232
1c7f31b7-73a3-ce60-8ca4-dd8c6bd2a16c,2018-11-16,,999-44-2493,,,,Jorge203,Diego848,Santacruz647,,,,white,hispanic,M,Puebla  Puebla  MX,352 Bergstrom Skyway,San Diego,California,San Diego County,6073,92075,32.683773192637666,-117.19289122902164,15312.11,12139.17,59238
d6190f92-ea6e-228e-48dd-80cce86b908a,2025-03-04,,999-91-5338,,,,Junior695,Mikel238,Heidenreich818,,,,white,nonhispanic,M,Adelanto  California  US,811 Conn Station,Coronado,California,San Diego County,6073,92135,32.650370300420064,-117.22285258479361,5145.13,0.00,114814
970a14e4-badf-b895-03c5-9fb434807b21,1993-01-04,,999-51-9162,S99936590,X12260245X,Mrs.,Thresa531,Joana79,Lindgren255,,Volkman526,M,hawaiian,nonhispanic,F,El Cajon  California  US,348 Bauch Mall,Suisun City,California,Solano County,6095,94585,38.28523680389582,-122.00654846596002,140039.15,236259.08,46983
d2d827ca-fe0d-d727-ac92-df06754ec539,1980-05-07,,999-52-2821,S99950637,X77972355X,Mr.,Jamel269,Desmond566,Treutel973,,,M,asian,nonhispanic,M,Westmont  California  US,725 Mertz Flat,Hayward,California,Alameda County,6001,94546,37.86903398571636,-121.92639090589923,130070.38,0.00,76685
76e40db3-3895-9875-e968-5c0f3cdd32d7,1929-02-28,2013-03-26,999-37-2069,S99936146,X18260717X,Mr.,Geraldo282,Josef103,Beatty507,,,M,white,nonhispanic,M,Costa Mesa  California  US,120 Bins Rue,Hesperia,California,San Bernardino County,6071,92308,34.41419914630928,-117.34005221084993,321355.65,371867.16,69577
7e85a3fd-2c69-64a3-db33-448191dc1cc8,1961-05-01,,999-83-6956,S99941049,X26954386X,Mrs.,Lillian593,Suzan149,Hackett68,,Wyman904,W,black,nonhispanic,F,Santa Barbara  California  US,529 Tromp Underpass Unit 98,Napa,California,Napa County,6055,94559,38.435064369612384,-122.20633927516417,495371.41,1733048.26,24627
b6e4d056-79ea-2d50-50b9-6a3b80a5d4a9,1957-01-10,,999-13-5483,S99941938,X74327743X,Mrs.,Lesa839,Latina115,Gaylord332,,Purdy2,M,white,hispanic,F,Folsom  California  US,179 Windler Estate Apt 84,Irvine,California,Orange County,6059,92610,33.779981610907015,-117.76775049993128,789509.79,639805.06,70348
89a1bf1d-1a58-d8aa-7c64-fd60adcce6ec,1989-06-26,,999-55-9405,S99955091,X72602424X,Mr.,Damon455,Caleb651,Towne435,,,M,asian,nonhispanic,M,Los Angeles  California  US,611 Flatley Quay Apt 23,Burbank,California,Los Angeles County,6037,91505,34.18859196611026,-118.31867580097007,41772.79,1012395.88,38204
a7a2b75a-f98e-a823-8558-5b35b2302463,1977-08-26,1984-04-04,999-85-8539,,,,Julio César525,Marco Antonio298,Apodaca347,,,,black,hispanic,M,San Juan  Puerto Rico  PR,128 Bergstrom Meadow,Glendale,California,Los Angeles County,6037,91020,34.16937746998741,-118.22827926539533,38793.55,12669.79,138867
3a983f23-19cf-55e6-7556-c991c7d25801,1968-09-29,,999-98-4264,S99966751,X47440869X,Mr.,Salvador46,Benito209,Niño185,,,M,white,hispanic,M,Portsmouth  Saint John Parish  DM,532 Reilly Neck,Long Beach,California,Los Angeles County,6059,90740,33.842584357345544,-118.1745661741799,99901.18,361413.19,93845
1d2e5b22-cb9a-712b-f36a-52a1b06b67ce,1986-12-19,,999-91-2670,S99952844,X80195471X,Mrs.,Virginia437,Verónica383,Osorio731,,Lucero848,M,white,hispanic,F,Lima  Lima Province  PE,384 O'Conner Quay Apt 40,Antioch,California,Contra Costa County,6013,94531,37.96504490436074,-121.82440670105258,818897.07,227079.35,76954
67132424-5a1f-360f-85e5-8181f3e31b4d,1957-03-01,,999-37-5660,S99975339,X34553850X,Mrs.,Linh535,Adelle43,Haley279,,Wilderman619,M,white,nonhispanic,F,Los Angeles  California  US,599 Wilkinson Fort Unit 47,Fullerton,California,Orange County,6059,92833,33.89306312755702,-118.04177261406977,263152.55,379430.96,123387
4edde74d-399b-f23d-1597-52b1351289ae,1972-08-19,,999-34-6368,S99933408,X11244510X,Mr.,Marcel580,Kim439,Schoen8,,,M,white,nonhispanic,M,Oakland  California  US,328 Langworth Bypass Suite 78,Mount Shasta,California,Siskiyou County,6093,96067,41.36923964329491,-122.36543161109631,10529.23,255875.77,22658
aa2af352-a079-4f25-63d8-01511d0d25d2,1967-09-01,,999-26-6703,S99998817,X52584639X,Mrs.,Genny123,Melinda114,Kemmer137,,Orn563,D,white,nonhispanic,F,San Francisco  California  US,253 Skiles Passage,Hydesville,California,Humboldt County,6023,95547,40.515488421614634,-124.12141381239213,362279.11,992678.64,24380
c4201ed7-5d93-2105-4272-3d5928e4e61c,1968-08-22,,999-59-4367,S99916476,X10201898X,Mr.,Quintin944,Salvatore257,Adams676,,,D,other,nonhispanic,M,Menlo Park  California  US,847 Vandervort Junction,Menlo Park,California,San Mateo County,6081,94025,37.3432025708236,-122.24353731443914,179864.21,44101.79,132323
4390eb45-6552-28f7-2e0e-f3c7338562f5,2006-07-28,,999-69-8678,S99996877,,Mr.,Bernardo699,,Metz686,,,,white,nonhispanic,M,Humboldt Hill  California  US,360 Murray Approach Suite 72,Los Angeles,California,Los Angeles County,6037,90405,33.95231537232823,-118.51233767665322,71374.20,4517.72,688626
d3adbdb7-85ad-ee14-e3bd-740f38e82aaf,1951-11-14,,999-58-6569,S99960090,X43577229X,Mr.,Gregorio366,Arturo47,Mayorga262,,,M,white,hispanic,M,Tegucigalpa  Francisco Morazán  HN,839 Rath Alley Apt 37,Irvine,California,Orange County,6059,92610,33.678631659302894,-117.82500551904843,131027.72,751526.68,541770
3262d61f-18a8-6192-ec2b-4329b428b348,2015-06-04,,999-68-6737,,,,Harmony242,Contessa946,King743,,,,white,nonhispanic,F,Fresno  California  US,660 Block Annex,Grover Beach,California,San Luis Obispo County,6079,93433,35.08178076419476,-120.59572846476489,2400.00,44877.02,23382
fab41b01-c5ab-d7e8-b6ae-4e7a0b3687d7,2002-08-27,,999-18-9268,S99996841,X43913107X,Mr.,Alexis664,Merlin721,Hauck852,,,,white,nonhispanic,M,Daly City  California  US,1008 Kuhn Vista Suite 81,Interlaken,California,Santa Cruz County,,00000,36.92905598857856,-121.71156628917281,57866.64,99979.16,83498
5c311f2b-56fd-2ae0-5e4c-c767aed5a255,1957-10-04,,999-12-6956,S99923041,X82494560X,Mr.,Ferdinand55,Dwain139,Romaguera67,,,D,white,hispanic,M,Long Beach  California  US,873 Howe Loaf Suite 37,Los Angeles,California,Los Angeles County,6037,90272,34.02778224958778,-118.33896032263202,176529.80,312516.62,71174
fc459ea8-4c6d-3587-1c04-1a23aa6b9c1a,1999-09-12,,999-74-4444,S99965151,X42917661X,Mr.,Wendell199,Sam879,Jerde200,,,,white,hispanic,M,Simi Valley  California  US,351 Tillman Well,Woodland,California,Yolo County,6113,95776,38.67155960619607,-121.6828292489683,27561.16,54915.02,27590
ab8ef9a1-5bc9-2b32-cc8d-5c9e1b9171c4,1998-05-18,,999-51-3385,S99956675,X15907080X,Ms.,Eveline832,Kemberly945,Pfeffer420,,,,white,nonhispanic,F,McKinleyville  California  US,272 Keebler Fork,Santa Clarita,California,Los Angeles County,6037,91381,34.49544422146906,-118.5140260287747,89693.87,352377.50,143654
6213ca8d-3a54-040e-eeea-9195ec24b6de,1977-08-26,,999-31-4515,S99941781,X80429478X,Mr.,Jorge203,Jorge203,Almonte426,,,W,black,hispanic,M,Santo Domingo  National District  DO,523 Paucek Trail,Glendale,California,Los Angeles County,6037,91203,34.11243794075582,-118.25885854976602,135569.97,21323.59,138867
0f1b1b0d-5b8b-d9e4-ecda-04d5caccd43d,2009-04-15,,999-61-4198,S99930969,,,Daniela614,Lourdes258,Rosas160,,,,white,hispanic,F,Bayamon  Puerto Rico  PR,961 Nienow Park Suite 0,Los Angeles,California,Los Angeles County,6037,90003,34.03871585884786,-118.2154543892418,3300.00,65631.80,14276
d7cdd746-a93b-f18f-ece6-d445be16e6e6,2006-10-27,,999-73-4960,S99923699,,Mr.,Earle679,Ernie189,Dach178,,,,white,nonhispanic,M,San Buenaventura (Ventura)  California  US,599 Wiza Track Apt 36,Anaheim,California,Orange County,6059,92886,33.847120637402554,-117.92057383040166,4646.50,76506.73,30087
82d03b6f-cd6e-c6b5-98cb-37ce3b3d6fba,2019-06-07,,999-92-4262,,,,Nery414,,Kirlin939,,,,white,nonhispanic,F,Carlsbad  California  US,467 Marquardt Avenue Suite 51,Kingsburg,California,Fresno County,6107,93631,36.49744405945142,-119.5135549573557,20943.50,0.00,47382
a7c8926d-6d57-a06b-5ca9-d89976d2baf0,2021-03-09,,999-58-8578,,,,Keesha623,,Mayert710,,,,white,nonhispanic,F,Simi Valley  California  US,190 O'Keefe Mill Unit 5,San Diego,California,San Diego County,6073,91932,32.735769958829174,-117.09378337051426,700.00,10017.42,7151
aec0e471-0d98-5978-e8c9-6096c41d4314,1982-12-13,,999-24-3800,S99951943,X17358823X,Mr.,Brendon298,Joey457,Watsica258,,,M,white,hispanic,M,Santa Monica  California  US,513 Wilderman Road Suite 88,San Fernando,California,Los Angeles County,6037,91342,34.307132341203,-118.34880118278974,182465.47,51860.92,118988
ea2c4e0d-80ed-0c1e-5e90-8e91a59387e6,2014-04-26,,999-15-2807,,,,Ariel183,Cythia210,Bashirian201,,,,white,nonhispanic,F,Torrance  California  US,226 Spencer Trafficway,Santa Clarita,California,Los Angeles County,6037,91350,34.40360160425474,-118.43190986566967,1701.92,35951.92,29483
3897f739-2acc-bf7b-ad8a-8a6597ccd945,1964-11-07,,999-60-5179,S99947827,X2063826X,Mr.,Sidney996,Archie818,O'Hara248,,,M,white,nonhispanic,M,San Dimas  California  US,456 Bergnaum Neck Unit 33,San Diego,California,San Diego County,6073,92118,32.66042803419235,-117.08231048483742,148630.52,598115.01,131994
667ddc6b-db55-3167-7c9b-cd28564edb5d,2004-12-01,,999-36-6958,S99926804,X19380679X,Ms.,Norma469,Elvira561,Lerma517,,,,white,hispanic,F,Mexico City  Mexico City  MX,401 Reinger Fork Unit 49,Yuba City,California,Sutter County,6101,95993,39.10162244448308,-121.69384001427031,37943.30,275878.05,74439
0670fa1a-9687-0de6-f447-d1dcae7a0453,2013-08-10,,999-25-7516,,,,Randolph418,,Kilback373,,,,white,nonhispanic,M,West Covina  California  US,507 Wiegand Station Unit 93,Concord,California,Contra Costa County,6013,94517,37.9002974480236,-122.03528321476063,34039.29,8556.09,186247
6ed81eb9-e6e4-51f9-f421-6c33209de116,1929-02-28,2017-06-13,999-14-1897,S99958031,X28448884X,Mr.,Son314,Jack927,Kerluke267,,,D,white,nonhispanic,M,San Diego  California  US,541 Cummerata Green Apt 20,Hesperia,California,San Bernardino County,6071,92344,34.37857772879992,-117.35755016158312,341065.70,1013904.19,69577
f6ff644c-76f5-39fd-893e-07f199ce23fb,1987-01-15,,999-87-2591,S99961364,X68390859X,Mr.,Horacio317,Eduardo902,Valle770,,,M,other,hispanic,M,Guatemala City  Guatemala  GT,1054 Metz Lock Apt 68,Glendale,California,Los Angeles County,6037,91208,34.208693144556776,-118.21325158471795,26474.65,969445.90,24745
2aec6d96-9bf2-dd5a-cb9a-1a4fa63d50d0,2005-02-27,,999-96-4231,S99917171,X62488624X,Mr.,Terrance440,Erwin847,Kovacek682,,,,hawaiian,nonhispanic,M,Santa Clarita  California  US,681 Boyer Vale Suite 50,Rio del Mar,California,Santa Cruz County,6087,95003,37.00502741378367,-121.88278408171479,40148.60,42802.71,52994
1afe2c62-b056-0114-6ebe-760058d4b233,1970-02-20,2013-11-16,999-93-1587,S99924427,X54868053X,Mr.,Hernán834,,Rojo930,,,M,white,hispanic,M,Santo Domingo  National District  DO,737 Marks Throughway,Temecula,California,Riverside County,6065,92590,33.57846758603829,-117.07895233841519,679566.89,661920.08,48625
94f7d27e-f190-5805-a32b-876111496237,2017-06-11,,999-37-2995,,,,Lisha487,Niki25,Reinger292,,,,white,nonhispanic,F,Stockton  California  US,388 Lehner Passage,Los Angeles,California,Los Angeles County,6037,91105,33.9573327615784,-118.35069425177211,1200.00,17091.16,26332
81840f18-fb5b-47b3-739e-cbac24e4ee1d,1992-01-05,,999-13-9794,S99948521,X13055228X,Mr.,Lanny564,Jose871,Tromp100,,,M,white,nonhispanic,M,San Diego  California  US,439 Turner Alley,Fresno,California,Fresno County,6019,93703,36.67260705617045,-119.72570663489238,112377.47,16618.91,66491
acdd1b84-2369-e4e8-1d7b-74a5ca5ec77c,2018-08-12,,999-72-4860,,,,Trinidad33,Luke971,Johns824,,,,black,hispanic,M,San Francisco  California  US,542 Baumbach Neck,Lancaster,California,Los Angeles County,6037,93536,34.76536559980998,-118.36707091377677,28182.74,18850.81,61702
d70119c9-437f-94f9-7d8f-d7e50482f093,2001-09-01,,999-84-2169,S99967799,X55920087X,Mr.,Nick779,Gene733,Hand679,,,,white,nonhispanic,M,Los Angeles  California  US,354 Ziemann Harbor Apt 3,Westmont,California,Los Angeles County,,00000,33.95245552180182,-118.32427589920897,39940.25,317730.60,31023
613a55af-38fe-f3d0-c7cb-209b12565e5a,1997-03-02,,999-88-6081,S99969902,X11640494X,Mr.,Gene733,Esteban536,Roob72,,,M,white,nonhispanic,M,Pomona  California  US,419 Satterfield Bypass,Rohnert Park,California,Sonoma County,6097,95407,38.33452271304248,-122.65387584194563,120684.25,827151.44,66844
bf33a69b-d33b-6cf2-97a5-fe0251ac6b8d,1947-02-22,2023-10-12,999-42-1847,S99996623,X29539663X,Mr.,Major265,Kurt412,Bechtelar572,,,M,white,nonhispanic,M,Los Angeles  California  US,249 Ruecker Throughway,Pico Rivera,California,Los Angeles County,6037,91733,34.056125594689135,-118.13331210722089,345632.45,2403070.46,74384
ea594417-9c8c-03cc-ef2d-e37110c66c39,2013-07-08,,999-41-4714,,,,Melia148,Janene3,Weimann465,,,,asian,nonhispanic,F,Niland  California  US,767 Reilly Mews,Parkway,California,Sacramento County,,00000,38.4823965331622,-121.44333014001427,43572.64,10660.71,60861
a7a1bff0-4702-9e3a-542d-21baca651d56,1990-07-08,,999-32-6026,S99970423,X82514679X,Mr.,Raymundo71,,Kautzer186,,,W,white,hispanic,M,Los Angeles  California  US,1097 Bayer Viaduct,San Marcos,California,San Diego County,6073,92029,33.05221788416243,-117.10299263516218,101256.21,5584.81,171445
ea94ab60-76d9-2f79-5a55-9ab347e0cbee,1998-02-26,,999-33-5554,S99969391,X36133381X,Mr.,Gustavo235,Marcel580,Rohan584,,,M,white,nonhispanic,M,Garden Grove  California  US,603 Walker Burg,Los Angeles,California,Los Angeles County,6037,91504,34.01148510986853,-118.41131249910867,120080.22,792864.56,121340
7707dc72-bd5c-16a7-693b-e01e01223e95,2001-10-05,,999-20-9612,S99911741,X84468230X,Mr.,Gabriel934,Matt836,Heathcote539,,,,white,nonhispanic,M,Berlin  Berlin  DE,984 Tillman Drive Unit 38,Laguna Hills,California,Orange County,6059,92653,33.58178897628371,-117.709355478547,69957.09,12589.85,114588
f7fe309f-33de-478f-8706-c865b164ed8b,1937-11-18,2005-03-12,999-86-6016,S99967368,X46458471X,Ms.,Leonia336,Tamica785,Hilpert278,,,S,asian,nonhispanic,F,La Mirada  California  US,1079 Wolff Gardens,Ontario,California,San Bernardino County,6071,91764,34.05876844915956,-117.5433693373493,18196.76,1259629.75,19513
529e345e-12c8-ec3c-b3c2-be1c2cbedee2,1959-03-04,,999-12-7789,S99994357,X60347445X,Mr.,Barry322,Ryan260,O'Kon634,,,M,white,nonhispanic,M,San Francisco  California  US,797 Lynch Mill Apt 67,Tracy,California,San Joaquin County,6077,95377,37.66417494835689,-121.43850674264894,201112.34,637166.73,32501
91d29820-5601-20f0-837a-5f59c761bb1d,2007-12-02,,999-60-1767,S99915863,,Mr.,Denis399,,Kertzmann286,,,,white,nonhispanic,M,Rancho Cucamonga  California  US,425 Bashirian Viaduct Apt 21,San Francisco,California,San Francisco County,6075,94115,37.78389313866618,-122.44019020213203,67719.55,22027.84,339974
fc3909be-c16c-f472-c15b-17c3b5175ee7,1993-04-13,,999-58-4666,S99997053,X68684938X,Mr.,Russ979,Emile522,Mueller846,,,S,white,hispanic,M,Guerneville  California  US,342 Adams Passage,Riverside,California,Riverside County,6065,92509,33.96579475047678,-117.38461436870769,46561.46,137888.79,26849
c970d418-db61-be94-b65c-61a8adfe60b3,1933-01-29,2024-09-28,999-95-7970,S99911489,X12943860X,Mrs.,Belva820,Desiree125,Cartwright189,,Johnston597,D,asian,nonhispanic,F,Los Altos Hills  California  US,340 Stark Green,San Francisco,California,San Francisco County,6075,94108,37.761607635639756,-122.37574759402378,1101815.45,1876994.09,58476
258adec2-f294-9c4a-46ad-8474a0e830b9,1970-02-20,,999-99-2382,S99912850,X17397001X,Mr.,Alejandro916,,Pedroza523,,,D,white,hispanic,M,Buenos Aires  Ciudad de Buenos Aires  AR,445 Turner Course Unit 14,Temecula,California,Riverside County,6065,92562,33.576025740942974,-117.31514282341692,155760.00,35319.35,48625
e823db1a-3a93-fa75-ff58-9c20f024f24a,1965-04-12,,999-30-7346,S99910159,X24273845X,Mr.,Julio255,Mario764,Madrigal893,,,D,white,hispanic,M,Caracas  Capital District  VE,360 Witting Divide Suite 28,Upland,California,San Bernardino County,6071,91701,34.1010591646362,-117.69894189549038,118242.10,394769.60,54962
a8ba2a0b-adfb-0256-63f3-8dcddd31cfcd,1929-02-28,1986-11-04,999-43-6883,S99987143,X38239386X,Mr.,Harold594,Irvin970,Rippin620,,,M,white,nonhispanic,M,Phelan  California  US,919 Welch Bridge Suite 64,Hesperia,California,San Bernardino County,6071,92344,34.41828778665919,-117.38014719008774,578409.78,123580.60,69577
95b33f36-f10b-28cb-fcba-180dd7999178,1974-06-06,,999-17-9211,S99932436,X52588156X,Mrs.,Pat3,,Leffler128,,Metz686,M,white,nonhispanic,F,Buena Park  California  US,192 Corwin Ferry,American Canyon,California,Napa County,6055,94558,38.41409577283546,-122.2719682390855,261162.76,360808.14,151691
97ba187e-651f-9ec6-e79a-5404a81022ef,1977-01-22,,999-29-5902,S99980115,X68151989X,Mrs.,Agatha2,Venessa867,Shields502,,O'Reilly797,D,white,nonhispanic,F,Antelope  California  US,674 Barton Lodge,Pittsburg,California,Contra Costa County,6013,94565,37.97163673458629,-121.92319532596161,349833.23,932795.87,138886
4c064cc3-2da5-bcb5-663d-4bcfe41ad3fc,1994-07-21,,999-14-6500,S99964830,X78266024X,Mr.,Delbert384,,Stokes453,,,M,white,nonhispanic,M,San Jose  California  US,948 Ortiz Road Suite 79,Artesia,California,Los Angeles County,6037,90701,33.87663742634432,-118.04977074660154,91512.70,866789.30,504563
12ccae98-ef22-be0f-7670-ab416f8e7fa1,1973-08-02,,999-46-4964,S99964129,X46883533X,Mr.,Odis959,Santos184,Cummerata161,,,S,white,nonhispanic,M,San Anselmo  California  US,547 Kling Walk Suite 64,Imperial Beach,California,San Diego County,6073,91932,32.54882060329674,-116.96121043876757,176166.33,117291.99,86980
7b73be3d-2786-cd85-fdd2-69e7ba91e5a1,1947-02-22,,999-24-9643,S99912106,X9763765X,Mr.,Blake449,,Koepp521,,,M,white,nonhispanic,M,Lake Forest  California  US,958 Yost Orchard Suite 68,Pico Rivera,California,Los Angeles County,6037,90660,34.02105795526897,-118.12807490881202,232163.26,102168.55,74384
f400008b-00f9-85a2-4059-630650408a5b,1947-10-15,,999-72-4761,S99923557,X81983726X,Mrs.,Hae300,Yon80,Barton704,,Flatley871,M,asian,nonhispanic,F,Grover Beach  California  US,838 Wehner Street,San Francisco,California,San Francisco County,6075,94127,37.706800104642035,-122.40888992601155,294742.70,388554.07,140049
dbe458dc-3bb0-7ec7-e697-7af3f01e41d6,1974-08-29,,999-44-3724,S99929760,X7305990X,Mr.,Alfonso758,,Hand679,,,S,white,nonhispanic,M,Los Angeles  California  US,125 Heathcote Bypass Apt 87,Castro Valley,California,Alameda County,6001,94552,37.706766944585944,-122.03483039162928,85917.88,142049.58,816695
63c4960f-1557-0223-5431-06f8bafc3368,2015-12-25,,999-69-1815,,,,Graig740,Walter473,Block661,,,,white,nonhispanic,M,Vacaville  California  US,225 Hahn Ferry,Fresno,California,Fresno County,6019,93726,36.823923387886786,-119.80761810321948,47254.45,11483.45,81997
7a51d870-d4ee-3f35-8916-bb3e35239045,1975-02-23,,999-43-3849,S99945491,X59587020X,Mr.,Cristobal567,Joseph689,Kunze215,,,M,white,hispanic,M,Hayward  California  US,746 Crooks Throughway Apt 2,Glendora,California,Los Angeles County,6037,91740,34.06118896906049,-117.76595796176196,30194.58,100875.92,32279
443fd9dc-cc9c-dd41-b366-bd98d6a5d311,2004-10-31,,999-37-9903,S99939357,X40966131X,Ms.,Claudia969,Lola232,Delgadillo349,,,,white,hispanic,F,Guatemala City  Guatemala  GT,496 Rowe Knoll Apt 12,Glendora,California,Los Angeles County,6037,91773,34.25868846783746,-117.91434457144189,99197.12,204357.23,78605
d6dfdb66-650e-577b-fe02-6dfd9b4a3cf8,1958-03-28,,999-42-2526,S99962482,X60368096X,Mr.,Darin74,Ahmad985,Nitzsche158,,,M,native,nonhispanic,M,Rio Vista  California  US,835 Maggio Rapid,Gilroy,California,Santa Clara County,6085,95020,37.05228886286278,-121.53160527990242,125160.86,248728.42,32818
00951723-0c7d-b06f-3efb-872944272e05,1937-11-18,,999-83-6305,S99981699,X17613492X,Mrs.,Carolina179,Pa577,O'Hara248,,Kutch271,M,asian,nonhispanic,F,Moreno Valley  California  US,348 Bruen Street,Ontario,California,San Bernardino County,6071,91764,34.11525253296805,-117.58403801021576,28187.56,1905823.09,19513
ce6c611e-73a9-c0ee-928d-7bd93244f811,1983-08-30,,999-93-8697,S99964246,X31204918X,Mrs.,Virginia437,Rosa195,Bañuelos542,,Vera718,D,white,hispanic,F,Roseau  Saint George  DM,1082 Runolfsdottir Bay Unit 24,Oxnard,California,Ventura County,6111,93043,34.299352329818504,-119.21770887586705,508466.77,0.00,109682
ac76c8f7-0038-d63b-cdf6-0697a3bdfa95,1969-01-05,,999-77-5674,S99966827,X80491294X,Ms.,Claretta294,Jacquiline133,Breitenberg711,,,S,white,nonhispanic,F,Berkeley  California  US,292 Pfannerstill Glen,Barstow,California,San Bernardino County,6071,92347,34.82541519590954,-116.89644240719106,403449.43,731157.42,121161
21137355-36ea-4c2e-a3a4-9c0026594427,2023-04-20,,999-42-8720,,,,Aline709,Katlyn29,Turcotte120,,,,white,nonhispanic,F,Saratoga  California  US,747 Swaniawski Underpass Apt 54,Fresno,California,Fresno County,6019,93650,36.786335286424624,-119.72715968669482,600.00,24774.45,20605
281fece3-5e1f-11d5-92f8-2bcaf562e21a,1994-12-08,,999-76-8561,S99936312,X30350331X,Mrs.,Inge747,Alla648,Abernathy524,,Osinski784,M,white,hispanic,F,Anaheim  California  US,806 Ledner Course,Ceres,California,Stanislaus County,6099,95326,37.6222332351337,-121.00329048788943,144100.44,535519.82,28928
a71b23e1-a419-55b4-61e6-8497c5c58482,2001-07-13,,999-45-4136,S99977091,X9690962X,Mr.,Jamel269,Bart73,Kunde533,,,,white,nonhispanic,M,San Dimas  California  US,669 Deckow Track Suite 7,Norwalk,California,Los Angeles County,6037,90650,33.9405279242246,-118.03290827649207,82673.03,11291.61,71365
987eeb33-431a-c55f-4463-d0d3f49e6588,1962-02-10,,999-43-3657,S99976175,X32632866X,Mrs.,Lorenza655,,Luettgen772,,Stracke611,W,white,nonhispanic,F,San Diego  California  US,434 McDermott Camp Unit 91,Los Angeles,California,Los Angeles County,6037,90001,34.07405352726747,-118.34354054189025,25119.52,1075323.15,2025
20844497-4d41-4775-455d-5970d8b35e42,1930-06-27,,999-50-5564,S99933686,X69915914X,Mr.,Stefan297,Colin861,Torphy630,,,M,white,hispanic,M,Bloomington  California  US,1082 Kunde Dale,Bakersfield,California,Kern County,6029,93309,35.359913108988216,-119.06523772739898,408325.20,434694.63,50982
ed04a31a-7c57-9d9d-d4e6-438e5475a0f8,1929-02-28,2002-03-03,999-44-8540,S99925746,X79580615X,Mr.,Emanuel231,Ira784,Wolf938,,,M,white,nonhispanic,M,Glendale  California  US,889 Gibson Parade Unit 23,Hesperia,California,San Bernardino County,6071,92344,34.44653978169546,-117.19872555621805,365148.15,269971.44,69577
7d3a0336-def3-3a5c-2b4b-be0bd7ab559b,2019-01-14,,999-26-1022,,,,Harlan808,Hank686,Wehner319,,,,white,nonhispanic,M,San Diego  California  US,772 Welch Walk,Beaumont,California,Riverside County,6065,92583,33.7681917489346,-116.91551879572333,1101.85,22601.93,11051
b7e4e93b-6cad-5fbe-7940-8f25a13fdd9a,2008-03-17,,999-33-8652,S99947934,,,Robert854,Jean712,Hane680,,,,white,nonhispanic,M,Gonzales  California  US,717 Altenwerth Run Unit 85,Salinas,California,Monterey County,6053,93905,36.739744951223635,-121.55316338693706,37977.23,51207.71,130723
bf6b2d9c-a7cb-e61f-a282-292cb1b873a6,1995-11-08,,999-34-6587,S99946686,X55492088X,Mr.,Arturo47,Nathanial472,Morar593,,,M,hawaiian,nonhispanic,M,San Diego  California  US,975 Botsford Boulevard,San Francisco,California,San Francisco County,6075,94102,37.813149752680864,-122.36213430114694,24477.87,424702.59,23860
b8519797-567e-cfef-92f4-1d03bd17f406,1992-01-23,,999-66-1231,S99989363,X15996145X,Mr.,Cecil300,Kareem959,Huel628,,,M,asian,nonhispanic,M,Seoul  Seoul  KR,269 King Avenue,Glendale,California,Los Angeles County,6037,91207,34.106235539628635,-118.29291297148923,142320.63,9687.46,82641
a37a187c-a347-4728-52c8-3a42460a69dc,1986-11-23,,999-87-9550,S99956566,X47617714X,Mrs.,Sigrid676,Liz413,Kihn564,,Bogisich202,M,black,hispanic,F,Carlsbad  California  US,284 Rodriguez Manor Suite 28,Chino,California,San Bernardino County,6065,92880,34.02355613971589,-117.66721977399816,638501.38,1170545.08,54088
dd78dfc1-24e0-5eae-fd8f-3339d1b4cf18,2010-05-29,,999-69-9399,,,,Toby274,,Grant908,,,,white,nonhispanic,M,Hayward  California  US,208 Rohan Burg,Hemet,California,Riverside County,6065,92543,33.691735152108556,-117.00081952303842,4781.00,657799.52,3215
f612da90-c234-80ba-5ebd-73de22a369e5,1973-07-13,,999-72-7366,S99995397,X72606857X,Mr.,Carlo647,Randal152,Adams676,,,S,black,nonhispanic,M,Alhambra  California  US,1062 Schaefer Dam Apt 89,Huntington Park,California,Los Angeles County,6037,90001,33.95991774131737,-118.2458844146476,174040.69,85124.13,65302
28b34318-8e91-f9c3-9ffa-dc0dc52699a3,1972-01-07,,999-20-3289,S99980898,X34321811X,Ms.,Cathy455,Eun46,Botsford977,,,S,white,nonhispanic,F,Los Angeles  California  US,309 Becker Lock Apt 33,San Jacinto,California,Riverside County,6065,92544,33.751138315145646,-116.9061042032525,707602.53,536589.92,63382
77a29fbc-337d-5cb1-e016-fefaab3d6aba,2022-06-20,,999-56-6608,,,,Gladys682,,Bogan287,,,,white,nonhispanic,F,Orcutt  California  US,268 Hagenes Ferry Unit 76,Hawaiian Gardens,California,Los Angeles County,6037,90716,33.834240581177376,-118.07063095896977,12173.67,0.00,46320
066cd475-1379-185d-5b93-dcd7831adc9f,1970-04-26,,999-88-3120,S99916230,X72708010X,Mrs.,Yolanda648,,Connelly992,,Reilly981,M,white,nonhispanic,F,Compton  California  US,380 Konopelski Boulevard,Turlock,California,Stanislaus County,6099,95380,37.44511965321531,-120.91234002128479,16812.06,1631326.55,5343
0ddbea39-e806-ca32-bd46-8c4c24c6cd8a,2015-01-02,,999-13-8193,,,,Elena945,Cristina921,Alicea505,,,,black,hispanic,F,Caracas  Capital District  VE,121 Larson Lane,Lakewood,California,Los Angeles County,6037,90713,33.79474075913314,-118.08466133314414,22615.47,58222.05,112376
6361d079-f42b-4d97-c34c-69f0defa4485,2017-10-13,,999-46-6128,,,,Carolin818,Noriko180,Jenkins714,,,,native,nonhispanic,F,Encinitas  California  US,922 Considine Stravenue Unit 77,Rosemead,California,Los Angeles County,6037,90640,34.08835672648897,-118.07061401868842,33353.03,20158.75,64367
ea27b832-8e2f-26bf-8e6e-e20287fd29f5,2011-11-28,,999-77-2519,,,,Mayte822,Margarita164,Guillen740,,,,white,hispanic,F,Port-au-Prince  Haiti  HT,879 Hand Vale,Castaic,California,Los Angeles County,6037,91384,34.51238083038481,-118.67784667285412,52679.76,230364.99,62643
fd2cff55-d004-c109-78a5-a25d8f958233,1996-10-05,,999-49-3283,S99934122,X71121118X,Mr.,Victor265,Dewayne363,Aufderhar910,,,S,other,nonhispanic,M,San Diego  California  US,1054 Huel Road,Arden-Arcade,California,Sacramento County,,00000,38.58651137074446,-121.4167107523436,147785.17,67193.22,92806
5d22d8c3-f2e7-57e8-2dd1-dab8b1f76573,1933-01-29,2007-09-05,999-95-1621,S99917331,X16842879X,Mrs.,Sidney996,Fleta652,O'Reilly797,,Purdy2,M,asian,nonhispanic,F,Cerritos  California  US,913 Deckow Union,San Francisco,California,San Francisco County,6075,94115,37.74692506060539,-122.42124390342956,1621600.39,1497261.75,58476
815d664f-9656-c363-a41d-f7795779deaf,1972-01-12,,999-66-9670,S99951438,X25626379X,Mrs.,Verónica383,Gabriela205,Casillas702,,Centeno914,D,white,hispanic,F,Santiago de los Caballeros  Santiago  DO,609 Gerhold Arcade Apt 89,Santa Maria,California,Santa Barbara County,6083,93455,34.85682994220036,-120.40859973609932,507134.92,1862110.88,40305
c0f5f2bf-837f-ec53-8767-af3fa4b2b8ea,1985-05-02,,999-14-7075,S99943118,X69583325X,Mr.,Kelvin159,Adan632,Metz686,,,M,hawaiian,nonhispanic,M,Watsonville  California  US,800 Runolfsson Row Unit 20,Oakland,California,Alameda County,6001,94577,37.81974937377932,-122.2595202522105,47889.96,99648.23,31885
b58e1813-09dd-cd46-9395-e390556d86c7,2000-06-17,,999-28-4810,S99961657,X38615778X,Ms.,Vivienne78,Dorinda15,Wisoky380,,,,white,nonhispanic,F,Temecula  California  US,135 Schmitt Hollow,Oceanside,California,San Diego County,6073,92054,33.09958702674021,-117.32138957487084,79491.36,119902.21,116398
34d1692b-681b-6254-b8ca-3d5d3a370f29,1995-08-18,,999-11-9637,S99951490,X72550425X,Mr.,Dominick530,Darrin898,Medhurst46,,,S,black,nonhispanic,M,Temple City  California  US,765 Smith Flat,Huntington Beach,California,Orange County,6059,92647,33.72166087453316,-118.07256196699292,141236.99,809587.91,114592
495b0c86-0b25-4c87-5ed5-894939d7e38a,2025-03-26,,999-66-8848,,,,Rudy520,Adalberto916,Kuhlman484,,,,white,hispanic,M,San Jose  California  US,1050 Simonis Promenade Suite 98,Muscoy,California,San Bernardino County,6071,92407,34.16394405601123,-117.35371114783445,100.00,4605.75,23673
42cb2101-7e5e-49ba-5a82-87ce4cd4f9fd,1974-12-07,,999-55-1001,S99918735,X82002492X,Ms.,Luz785,Blanca837,Guerrero997,,,S,white,hispanic,F,La Paz  Baja California  MX,591 Bernier Knoll Unit 79,Bakersfield,California,Kern County,6029,93307,35.210595667568214,-118.9143196719595,489219.89,1308433.45,140444
134cb722-0297-6ac3-8efb-77d64069f5e6,1929-02-28,2007-12-12,999-35-9534,S99918380,X64032896X,Mr.,Josh874,Hilton264,Gerlach374,,,D,white,nonhispanic,M,China Lake Acres  California  US,1020 Brown Fort Suite 71,Hesperia,California,San Bernardino County,6071,92392,34.40345649486511,-117.11230826703436,316875.02,295301.50,69577
156d6c7f-0db6-7dc3-a953-bd804df3bac7,2017-02-04,,999-93-8220,,,,Terry864,,Predovic534,,,,white,nonhispanic,M,Laguna Niguel  California  US,387 Spinka Green Suite 35,Los Angeles,California,Los Angeles County,6037,90071,34.014795176018794,-118.28331956518743,2795.49,84756.17,836
d93b6f9a-954a-e980-40de-70be58ff4574,1952-02-29,,999-83-6451,S99975037,X11155845X,Mr.,Gail741,Guy979,Davis923,,,M,white,hispanic,M,Redding  California  US,699 Kreiger Heights Unit 32,Chula Vista,California,San Diego County,6073,91913,32.6473610028642,-116.96997741417837,624145.65,1204233.82,51009
82944c84-010e-84cb-8b9c-b4b8d1d538ae,2001-07-12,,999-99-3378,S99940619,X42578706X,Ms.,Lynn917,Babara869,Prosacco716,,,,white,nonhispanic,F,Sunnyvale  California  US,369 Huels Extension Unit 33,Los Angeles,California,Los Angeles County,6037,91325,33.79401456873777,-118.26119573153396,74357.04,48433.73,105799
2d1d1c27-7838-b0dd-9c52-52ff53a77576,2016-03-12,,999-63-5505,,,,Necole468,Miranda712,Funk324,,,,asian,nonhispanic,F,Dublin  California  US,510 Borer Bypass,Anaheim,California,Orange County,6059,92886,33.79746453023665,-117.91451512949607,1350.71,23405.86,32657
43a552e9-71ab-7139-c68a-b7226e7abbeb,1971-11-21,,999-55-3040,S99939744,X48962448X,Mrs.,Amee396,Ramonita441,Ankunding277,,Bechtelar572,D,hawaiian,nonhispanic,F,Anaheim  California  US,394 Daniel Knoll Suite 0,Torrance,California,Los Angeles County,6037,90278,33.88944123849638,-118.32620915437923,206081.64,1615927.17,29894
c75fc173-99f3-e041-dc27-54a55d2f5576,1963-06-11,,999-13-5528,S99928282,X66819047X,Mrs.,Tessie155,Mariann762,Murazik203,,Goodwin327,M,white,nonhispanic,F,La Presa  California  US,1082 Mills Glen Unit 7,Beaumont,California,Riverside County,6065,92583,33.76199523147647,-116.9205058887743,905670.23,1168840.78,79277
addf8936-6df9-c048-9529-340fc1ba7005,1960-02-01,,999-51-3089,S99976733,X80221887X,Mrs.,Vernie449,,Krajcik437,,Bruen238,M,white,nonhispanic,F,San Diego  California  US,829 Kris Bypass,Sausalito,California,Marin County,6041,94965,37.842912946855044,-122.57755870225988,490457.79,2303746.54,156652
47977dd5-d80f-de39-7beb-e453ac702b84,1988-10-08,,999-29-5634,S99953375,X52471500X,Mr.,Ariel183,Gary33,Lueilwitz711,,,D,white,nonhispanic,M,Orange  California  US,1017 Dach Road Unit 58,Los Angeles,California,Los Angeles County,6037,90292,34.20148077136786,-118.43517501961135,9239.67,196853.19,14581
5a111893-257c-68f8-715f-d8504cb6ecff,1970-05-05,,999-12-8369,S99943248,X40390333X,Mr.,Ralph813,Ollie731,Emard19,,,S,white,nonhispanic,M,Seal Beach  California  US,540 Kreiger Boulevard,Orcutt,California,Santa Barbara County,6083,93455,34.806022702369205,-120.47858357497985,222925.88,901087.58,141389
7d9c8e8f-0bbf-a411-6cae-7c236b07aff7,1944-09-02,,999-75-3928,S99950375,X760031X,Mr.,Edgardo196,Jamel269,Schumm995,,,M,white,hispanic,M,Oakland  California  US,386 Mayert Dam,Escondido,California,San Diego County,6073,92082,33.08090213066525,-117.07687060565041,13713.06,371124.30,13286
e3450e17-66e3-ac31-e8ea-fba8a39d955a,1986-01-12,,999-28-8407,S99929503,X66800456X,Mrs.,Julia241,Carla633,Alarcón922,,Aponte375,D,white,hispanic,F,Roseau  Saint George  DM,615 Jaskolski Fork Apt 52,Temple City,California,Los Angeles County,6037,91780,34.10244659746951,-118.05284704956316,285513.88,555863.03,140500
e353246c-5080-0436-513c-e4935c85b08c,2022-10-13,,999-57-3775,,,,Duane703,Brad867,Gottlieb798,,,,white,hispanic,M,La Verne  California  US,303 Prohaska Terrace,Clovis,California,Fresno County,6019,93611,36.83950028747674,-119.67486811967343,16738.93,1532.70,101920
bc62146a-79cb-e8fe-1f39-68d6ce4d9c5c,1959-03-21,,999-12-1992,S99913395,X76903316X,Mrs.,Mayte822,Reina25,Alicea505,,Sarabia507,W,white,hispanic,F,Tegucigalpa  Francisco Morazán  HN,342 Prohaska Estate Apt 92,Placentia,California,Orange County,6059,92870,33.86685834329725,-117.8094801474994,457254.79,236681.02,64625
7fcc929f-28e8-b6cd-90c6-edbc5070c538,2003-09-25,,999-38-1901,S99988304,X17320522X,Mr.,Art115,,Runolfsson901,,,,white,nonhispanic,M,Mariposa County  California  US,372 Koch Orchard Apt 83,Oakland,California,Alameda County,6001,94603,37.880545905307265,-122.27908749536043,3176.25,87659.12,5222
8f2ee5c2-421d-4faa-fb64-328715cd999d,1978-06-23,,999-49-7924,S99991074,X57622606X,Mr.,Gabriel934,,Schuppe920,,,M,white,nonhispanic,M,Lancaster  California  US,870 Cartwright Key,Anaheim,California,Orange County,6059,92806,33.77806482412035,-117.96047070125462,109625.38,27002.16,362295
f6b39081-7d5c-b927-936e-9b64f1b73441,2012-07-14,,999-50-6934,,,,Kraig824,Jefferson174,Beer512,,,,white,nonhispanic,M,Corona  California  US,478 Gusikowski Station,Chino,California,San Bernardino County,6071,91762,33.92635735375391,-117.65372818030853,3556.25,94549.55,41712
df935cc9-41dd-c29c-5666-770d7802bd06,2023-10-20,,999-90-9415,,,,Jennine355,Debora709,Zemlak964,,,,white,nonhispanic,F,Fairfield  California  US,602 Jacobs Run Unit 41,Santa Monica,California,Los Angeles County,6037,90291,34.06113111407481,-118.54705454251608,6040.69,6666.91,64518
7fb6b514-790f-ee44-d30e-c81b3307e3f0,2004-12-26,,999-14-5021,S99949908,X56084396X,Ms.,Susana117,Mónica985,Delafuente833,,,,white,hispanic,F,Guatemala City  Guatemala  GT,256 Morar Rest Unit 51,Long Beach,California,Los Angeles County,6037,90814,33.81509048586554,-118.13767948472396,5056.34,206503.33,15738
7fbfdff7-710b-0950-7ab3-5ed4d66d5501,1990-10-12,,999-83-1061,S99943185,X1218260X,Mr.,Fernando603,,Vaca409,,,M,black,hispanic,M,Portsmouth  Saint John Parish  DM,783 Rice Dam,Apple Valley,California,San Bernardino County,6071,92307,34.52278580683003,-117.30259232367374,16123.65,237471.91,6470
dd5428e7-5cfc-dd03-6f92-4b5ca76caf57,1986-06-18,,999-74-6605,S99985291,X13843833X,Mrs.,Jani266,Gigi364,Bauch723,,Boyer713,M,black,nonhispanic,F,Los Angeles  California  US,659 Conn Landing Unit 4,Camp Pendleton North,California,San Diego County,,00000,33.30865571395156,-117.30153585367839,293079.88,648199.88,58837
29df2960-382e-0966-a9e4-b5766971c9d3,1962-12-16,,999-77-8729,S99984764,X27048624X,Mrs.,Fleta652,Elsy53,Crooks415,,Herman763,M,white,nonhispanic,F,Los Angeles  California  US,168 Douglas Manor Unit 21,Santa Rosa,California,Sonoma County,6097,95405,38.439006535418855,-122.68789600245995,189602.26,1085667.13,32017
c08e655f-ad82-02e1-1ac0-46282c7a5a6e,1929-02-28,2012-01-20,999-40-4631,S99926561,X89737304X,Mr.,Evan94,Marshall526,Morar593,,,D,white,nonhispanic,M,Los Angeles  California  US,562 Mayer Trace Suite 91,Hesperia,California,San Bernardino County,6071,92308,34.39594801265066,-117.17485162325644,313493.06,269473.01,69577
b1977e28-8abc-aa1b-a752-1d8df0307531,1957-09-18,,999-23-5507,S99970526,X80737520X,Mr.,Dewayne363,Tad831,Heaney114,,,D,white,hispanic,M,San Diego  California  US,663 Gutkowski Mission Apt 82,Petaluma,California,Sonoma County,6097,94952,38.25432685014834,-122.80779432450821,40065.79,483560.40,129433
4b91c86c-b421-5c2f-e4b4-96c027bb5109,2017-01-31,,999-61-1785,,,,Micah422,,Predovic534,,,,asian,nonhispanic,M,Beijing  Beijing Municipality  CN,374 Lindgren Trafficway Suite 96,Santa Clara,California,Santa Clara County,6085,95117,37.29064344199349,-121.96822688133176,21466.97,6500.26,522798
e21877ec-927f-8bb0-e4c7-6ab5dea35bb6,1969-01-23,,999-14-6529,S99952500,X73830809X,Mrs.,Katharyn928,Machelle279,Jaskolski867,,Toy286,M,white,nonhispanic,F,San Jose  California  US,467 Barrows Park,Cypress,California,Orange County,6059,90620,33.77091320342363,-118.09900735918929,16773.67,1311524.93,15253
1754b2be-15e9-3feb-36f6-c670f43b0c0e,2013-04-16,,999-38-5288,,,,Tillie335,Stephaine613,Corkery305,,,,white,nonhispanic,F,Los Angeles  California  US,862 Koepp Pathway,Gardena,California,Los Angeles County,6037,90248,33.892738266407314,-118.29736646925852,2350.00,41452.29,10286
b9654e30-0728-2951-9a85-32b36300960f,1960-07-14,,999-81-3397,S99982051,X14033933X,Mr.,Marlin805,,Becker968,,,D,white,nonhispanic,M,Los Angeles  California  US,540 Kub Ferry Apt 39,Eureka,California,Humboldt County,6023,95521,40.75643429208048,-124.13931013068431,388477.77,71738.78,45532
258cc41d-0c89-d882-d3bc-a40565101eae,1949-02-23,2020-12-10,999-51-7565,S99913499,X46215412X,Mr.,Erin498,Rupert654,McCullough561,,,M,asian,nonhispanic,M,Arden-Arcade  California  US,407 Weissnat Wall,Sacramento,California,Sacramento County,6067,95831,38.53473010731254,-121.35113739439313,230524.62,247499.36,99259
d5b283f4-974e-074a-8da3-0732e178c187,1981-09-16,,999-39-8673,S99952872,X23845625X,Mrs.,Jacquline932,Merilyn246,Price929,,Schultz619,M,white,nonhispanic,F,Garden Grove  California  US,824 Schiller Knoll Unit 67,Burbank,California,Los Angeles County,6037,91501,34.19671752644311,-118.3973604761104,447487.03,889626.49,87790
963377a0-0701-c0f5-7c37-41c96590a0e2,1993-07-10,,999-35-1102,S99954111,X32708919X,Mr.,Stanton715,Juan88,Anderson154,,,M,other,nonhispanic,M,Los Angeles  California  US,982 Klein Hollow,Palm Desert,California,Riverside County,6065,92270,33.790221297366976,-116.21408935789792,79910.34,64523.71,56842
3257c559-8e23-7e7b-6372-234f8739c200,1969-08-30,,999-30-1601,S99958575,X63359487X,Mr.,Mickey576,,O'Keefe54,,,M,white,hispanic,M,Beaumont  California  US,607 Hackett Forge,Compton,California,Los Angeles County,6037,90805,33.87789567133591,-118.17926329606192,176790.11,54326.16,46452
dd97a59f-05cf-996b-c123-824a0ab56c32,2006-07-10,,999-23-9179,S99930919,,Ms.,Elina789,Cicely661,Von197,,,,asian,nonhispanic,F,Chula Vista  California  US,589 Reilly Run Unit 20,Los Angeles,California,Los Angeles County,6037,90071,33.76547179346561,-118.32530098031594,8682.91,79163.40,43435
f4893ff8-0f49-fee7-3644-0aedb64e5c9c,1970-02-20,,999-22-4473,S99979148,X30066708X,Mr.,Karl184,Gerald181,McClure239,,,S,white,nonhispanic,M,Lincoln  California  US,971 Mraz Street,Claremont,California,Los Angeles County,6037,91750,34.08972806788585,-117.67695713797157,247474.21,98484.22,58926
4b1befb4-2a74-0c2e-0074-e60e8d218026,2000-11-07,,999-38-1536,S99964980,X60977717X,Mr.,Duncan491,Jewell855,Davis923,,,,black,hispanic,M,Los Angeles  California  US,955 Bauch Spur,Lancaster,California,Los Angeles County,6037,93534,34.77162145883914,-118.33134716092997,11075.02,102442.37,42763
a54e0efc-9ee2-c287-c350-7860aa538dc6,2024-03-26,,999-25-9395,,,,Eileen854,Keri25,Dickinson688,,,,white,nonhispanic,F,Manhattan Beach  California  US,946 Considine Estate,Redondo Beach,California,Los Angeles County,6037,90278,33.84441445863122,-118.35432873738371,6671.53,6620.13,234867
41205157-8b8a-aaf6-1d8f-fb912b8baa9d,1987-08-21,,999-11-6017,S99965282,X45718249X,Mr.,Rudy520,,Kessler503,,,M,white,nonhispanic,M,Bakersfield  California  US,786 Raynor Wynd,East Los Angeles,California,Los Angeles County,6037,90022,34.026977360098556,-118.12261006130022,55860.96,67204.46,35588
f180f2bb-7b06-0acd-2b30-d1f5b2c2ef1c,1933-01-29,,999-81-5007,S99928122,X52554947X,Mrs.,Adena533,,Hyatt152,,Hirthe744,M,asian,nonhispanic,F,Firebaugh  California  US,583 Schulist Trafficway Unit 5,San Francisco,California,San Francisco County,6075,94124,37.72912181798827,-122.43566380660424,893928.04,1099662.39,58476
847052d9-7d5b-f1f9-9423-0b58a5752b76,2023-08-23,,999-19-7759,,,,Geoffrey157,,Koch169,,,,white,nonhispanic,M,San Leandro  California  US,996 Von Wall Suite 47,Fontana,California,San Bernardino County,6071,91739,34.035291671215624,-117.35186981844028,860.35,15956.28,36623
b0a2027b-61a1-c613-e605-cd3f1d437d9c,1996-12-15,,999-61-2075,S99976727,X26442667X,Mrs.,Robyn562,Glayds212,Gleichner915,,Konopelski743,M,asian,hispanic,F,Clearlake  California  US,219 Ebert Esplanade,San Francisco,California,San Francisco County,6075,94115,37.81872242768616,-122.40588400681321,178667.01,346778.07,52242
8fe244b7-e872-94fb-e48b-f9fddc6e9c20,2010-05-19,,999-83-3074,,,,Mable471,Hiroko446,Hodkiewicz467,,,,white,nonhispanic,F,Selma  California  US,340 Moen Light Apt 3,Redlands,California,San Bernardino County,6071,92359,34.05578636950185,-117.12750068240479,49512.78,10657.23,82716
8acc9475-c8d6-d98b-3e88-7b0551336943,1987-08-27,,999-89-4641,S99924909,X68776581X,Ms.,Milissa240,Waneta858,Batz141,,,S,white,nonhispanic,F,Chino  California  US,1088 Farrell Green Suite 26,Belmont,California,San Mateo County,6081,94070,37.49431602702775,-122.24058296145199,496383.70,14528.05,91804
9dfad47b-dbb2-f05d-de95-64d7dbfa5d6c,1971-07-04,,999-95-3948,S99967068,X23508352X,Mr.,Alphonso102,Alonzo487,Bergnaum523,,,M,white,nonhispanic,M,Fontana  California  US,494 Hand Common Suite 4,Fontana,California,San Bernardino County,6071,92377,34.11111455974246,-117.4457464793535,156149.03,109899.86,73176
90e36fed-79e6-d1d7-d75b-d6202dd4b0ce,2008-02-15,,999-23-4793,S99936300,,Ms.,Lashell363,,Larson43,,,,white,nonhispanic,F,Santa Cruz  California  US,774 Marvin Viaduct Unit 20,Corona,California,Riverside County,6065,92879,33.895904957202475,-117.55330764634567,44442.81,77434.39,705759
f6b81a4a-83b2-be7a-bd72-9eef56c95d8c,1970-02-28,,999-63-7155,S99946492,X56846286X,Mrs.,Jeannine438,,Bashirian201,,Hoeger474,M,white,nonhispanic,F,Castro Valley  California  US,1080 Schamberger Track,Cameron Park,California,El Dorado County,6017,95682,38.63849236328762,-120.96480895009402,262372.00,440179.31,566161
ce17a0a9-9e17-f8c8-1c76-4b9f79c2cef1,1980-12-15,,999-55-4192,S99998920,X67203171X,Mr.,Jorge Luis88,José3,Meraz691,,,S,white,hispanic,M,Port-au-Prince  Haiti  HT,750 Mante Road,Westminster,California,Orange County,6059,92647,33.72081670462451,-117.95069444648983,8305.13,127243.06,21573
7265b96d-f151-6c6f-b771-070e2b694dbb,1980-11-01,,999-56-9840,S99952230,X34375872X,Mrs.,Celena734,Thersa321,Greenfelder433,,Kihn564,M,white,nonhispanic,F,Hayward  California  US,120 Kihn Knoll,Ontario,California,San Bernardino County,6071,91762,34.017608340607474,-117.69465516048746,190528.96,695268.15,35038
1d88bf83-ea12-3863-4e14-895f8f6a6626,2004-11-02,,999-39-3029,S99946848,X6234802X,Ms.,Gabriela205,Mariana775,Guerra754,,,,asian,hispanic,F,Tegucigalpa  Francisco Morazán  HN,251 Von Burg Apt 81,San Clemente,California,Orange County,6059,92672,33.45448446538576,-117.60425079752365,58030.33,243731.50,71066
33b944c7-3cc6-91f9-7870-03e86b81dd8b,1995-01-10,,999-65-4804,S99958023,X22419325X,Mrs.,Faye439,Shawnna218,Leannon79,,Wiza601,M,white,hispanic,F,Long Beach  California  US,391 Crona Spur,Running Springs,California,San Bernardino County,6071,92382,34.18504903324278,-117.0774386055825,7182.02,324814.20,11796
6ad7c899-c6a8-e420-08cb-5fa629b4c99d,2015-12-26,,999-93-6515,,,,Fletcher87,Xavier983,Walsh511,,,,white,nonhispanic,M,San Diego  California  US,165 Hand Vista,Fairfax,California,Marin County,6041,94930,38.04120568526588,-122.56290182347927,1800.00,31308.22,41392
e95864ac-c37b-1afa-52c9-c34ce4bdfa3c,1998-04-07,,999-23-5895,S99920964,X66723226X,Mr.,Erin498,,Lynch190,,,,white,nonhispanic,M,Monrovia  California  US,831 Runolfsson Walk Apt 0,San Francisco,California,San Francisco County,6075,94124,37.75954853581068,-122.42745389015299,91744.40,110692.74,227267
2fd6a6f8-6155-97de-9b91-e91d3cabefeb,2007-03-07,,999-94-3733,S99948289,,Ms.,Hsiu839,Clementine778,Borer986,,,,white,nonhispanic,F,Los Osos  California  US,599 Ebert Wall Apt 86,San Diego,California,San Diego County,6073,92119,32.71180283462116,-117.14621773815152,85142.32,44505.84,47331
2713b65e-02c0-00fe-95c4-c8d8381fc1fa,1980-06-01,2018-10-08,999-75-7657,S99948656,X6529049X,Mrs.,Jolie499,Ella812,Halvorson124,,O'Reilly797,M,white,hispanic,F,Dos Palos  California  US,940 Lehner Passage,Pomona,California,Los Angeles County,6037,91766,33.98029750449065,-117.7951346465555,237779.81,1408705.33,25288
013d649f-b689-9b04-d0ec-a01c41ce622d,1949-02-23,,999-51-1923,S99972837,X21986979X,Mr.,Cecil300,,Torphy630,,,M,asian,nonhispanic,M,Los Angeles  California  US,303 Cassin Common Unit 68,Sacramento,California,Sacramento County,6067,95829,38.5960425726745,-121.47405068176742,294072.97,211756.92,99259
edca6aee-6294-a29a-c6cc-a0bf83f972f8,2011-11-27,,999-32-6089,,,,Antonia30,Carmen818,Montoya249,,,,black,nonhispanic,F,Marigot  Saint Andrew Parish  DM,444 Waters Gardens,Stockton,California,San Joaquin County,6077,95242,38.00598498941429,-121.27901222290606,2354.82,67516.95,32889
a27f967c-f826-511b-afd3-96f637e69d8f,1929-02-28,,999-51-8759,S99943923,X76642183X,Mr.,Drew592,Jerrell6,Kiehn525,,,S,white,nonhispanic,M,Oakland  California  US,428 Swaniawski Junction,Hesperia,California,San Bernardino County,6071,92392,34.36861981295802,-117.3870047016197,114744.16,750025.95,69577
e41deb04-ebac-2b4b-ebe1-1f7157849248,2010-01-29,,999-71-2406,S99937027,,,Royce974,,Metz686,,,,white,hispanic,M,McKinleyville  California  US,444 Lang Avenue Suite 96,Santa Barbara,California,Santa Barbara County,6083,93101,34.457352503575095,-120.10869614739836,28504.41,35173.01,882606
aede0c37-d05c-688c-bfbc-bccab65046fc,2005-10-07,,999-95-1789,S99958173,X79924184X,Ms.,Shondra529,Lynelle567,Parisian75,,,,white,nonhispanic,F,Rodeo  California  US,220 Yost Key Unit 12,Lancaster,California,Los Angeles County,6037,93551,34.73345581478959,-118.15623130096654,38309.51,265642.26,42411
5c8bda80-6493-3bc9-95ad-b0b328547c51,1969-11-04,,999-99-5062,S99993943,X77035781X,Mr.,Sydney660,Dino214,Larson43,,,S,other,nonhispanic,M,San Jose  California  US,941 Bernhard Run,Carmichael,California,Sacramento County,6067,95608,38.58853622895284,-121.29351930295684,475717.14,584036.66,44034
9aee0c66-6456-bc99-c06e-428b18f6f6d4,1981-11-18,,999-68-4862,S99931452,X14770387X,Mr.,Gil594,,Schmitt836,,,S,white,hispanic,M,Manteca  California  US,691 Beier Lane,Merced,California,Merced County,6047,95348,37.19823195873344,-120.53278772213582,36519.17,154790.65,40667
6d1b68b3-57bf-9177-1811-cc75997b6151,1960-08-25,,999-58-1744,S99987573,X52036513X,Mr.,Felipe97,Adán600,Jaime666,,,W,white,hispanic,M,Roseau  Saint George  DM,360 Cremin Branch Apt 14,San Diego,California,San Diego County,6073,92135,32.85259423905171,-117.06863915017887,10694.35,271278.32,19914
0e34f500-6f5d-0469-7fc1-38b142116572,2025-03-18,,999-48-9199,,,,Lee268,Diego848,Boyer713,,,,white,nonhispanic,M,Moraga  California  US,435 Herman Hollow,Los Angeles,California,Los Angeles County,6037,90061,34.215609758865504,-118.2943309462013,400.00,20086.80,38647
2ba7bd73-3a33-099c-03a3-b3197fdc806b,2004-02-14,,999-58-4704,S99961855,X46542102X,Mr.,Curt84,Vicente970,White193,,,,white,hispanic,M,Fresno  California  US,1092 Yost View Apt 80,Perris,California,Riverside County,6065,92587,33.783160132658345,-117.23471618212321,5021.08,103151.25,16496
99e0697c-2d2b-5d5a-569d-319694627742,1966-01-14,,999-46-4253,S99926723,X69629251X,Mrs.,Caridad510,Francisca486,Galarza986,,Casárez469,M,white,hispanic,F,Juarez  Chihuahua  MX,695 Kuhlman Stravenue Apt 52,Scotts Valley,California,Santa Cruz County,6087,95065,37.07942407241538,-122.08314041659274,20005.12,1461296.92,12824
9a8bbf7b-e9dc-8578-55e4-7ebd1eddaf3e,2010-04-28,,999-28-5563,,,,Ermelinda113,Sherley266,Baumbach677,,,,white,nonhispanic,F,San Diego  California  US,285 Kerluke Wall Suite 8,Chula Vista,California,San Diego County,6073,91902,32.525518501453426,-116.96650750598914,31057.56,42663.41,85798
fb85a61d-0415-2758-6e15-266643ae3c43,1954-03-05,2026-01-02,999-14-8435,S99989193,X56628739X,Mr.,César846,Salvador46,Olivera810,,,M,white,hispanic,M,Salisbury  Saint Joseph Parish  DM,442 Marks Center Apt 9,Paramount,California,Los Angeles County,6037,90221,33.90378885711278,-118.25048339435119,54652.72,1299457.35,12016
2fcd3a55-2ae2-54bc-f7bd-1958bf4b07b4,1986-02-21,,999-17-3108,S99997392,X83641358X,Mrs.,Joannie32,Deandra603,Shanahan202,,Greenfelder433,M,asian,nonhispanic,F,Los Angeles  California  US,1075 Mante Orchard Suite 66,Fresno,California,Fresno County,6019,93611,36.80482133955192,-119.81347540494322,21806.23,1481225.63,17016
0ae06e47-2de4-9e54-b752-abb62cf9b4a8,1971-04-06,,999-27-5542,S99999214,X80826877X,Mr.,Luis Miguel102,José María211,Delafuente833,,,S,native,hispanic,M,Salisbury  Saint Joseph Parish  DM,944 Kautzer Skyway Suite 38,San Jose,California,Santa Clara County,6085,95132,37.205551468261994,-121.7412771946384,176034.78,1423025.13,400466
dd511e9c-9467-dcff-8362-db68f2f4ae0f,1980-06-01,,999-65-3110,S99968825,X55363963X,Mrs.,Magdalen131,Loni302,Bergnaum523,,Hills818,M,white,hispanic,F,Oceanside  California  US,953 Smith Village Suite 43,Pomona,California,Los Angeles County,6037,91766,33.95680482967434,-117.86192473364383,235679.70,287027.85,25288
6537e996-d4dd-9acc-37a9-187cbb6f2dd6,1977-02-10,,999-74-7061,S99938578,X89967149X,Mr.,Everett935,Raymundo71,Zieme486,,,M,white,hispanic,M,Sacramento  California  US,404 DuBuque Frontage road,Petaluma,California,Sonoma County,6097,94951,38.20747155136157,-122.78448230100996,8626.19,117190.96,15627
70c9cb6b-b714-4581-9940-d8e8fd1b5349,2017-10-27,,999-13-4058,,,,Marion502,Frederic454,McLaughlin530,,,,white,nonhispanic,M,South Gate  California  US,1073 Quitzon Fort,Santa Cruz,California,Santa Cruz County,6087,95060,37.03058457728916,-122.09025700063636,3764.38,65312.21,17264
b594ec6f-945a-b09e-cfbd-2e6563d82a96,1977-11-05,,999-28-7050,S99930653,X1976711X,Mrs.,Haydee844,Dawna21,O'Hara248,,Wuckert783,M,asian,nonhispanic,F,Delhi  Delhi  IN,438 Hilll Station,San Jose,California,Santa Clara County,6085,95054,37.286328569103446,-121.96403993830346,342253.31,790664.72,137883
c36e5c6e-5ab2-2958-1ecf-9dc8044dd3fb,2019-02-03,,999-16-9078,,,,Will178,Edgardo196,Aufderhar910,,,,white,nonhispanic,M,Santa Monica  California  US,522 Koss Fort,Palm Springs,California,Riverside County,6065,92262,33.942289778459575,-116.58447067143278,2162.72,27697.72,32475
3b67f8fb-2a64-b8c9-9554-414ba6c3b8c2,2025-12-07,,999-76-2072,,,,Danny396,,Conn188,,,,white,hispanic,M,Downey  California  US,605 Greenholt Well Apt 50,Corona,California,Riverside County,6065,92503,33.78942503293462,-117.54349876098124,1700.43,0.00,160042
e5c35412-4f8e-ec56-fbfd-45d152152ade,1982-04-19,,999-24-1009,S99913901,X62481828X,Mr.,Óscar156,,Iglesias873,,,M,white,hispanic,M,Guatemala City  Guatemala  GT,922 Rolfson Approach Unit 63,Rancho Palos Verdes,California,Los Angeles County,6037,90275,33.79314901777765,-118.41728928574328,121901.58,35334.31,168382
85b55456-ae7f-5f78-b513-313b8ad93122,1978-12-26,,999-79-2027,S99939261,X78427367X,Mr.,Carlton317,Calvin845,Hermiston71,,,M,white,nonhispanic,M,Jurupa Valley  California  US,932 Lubowitz Route,San Ramon,California,Contra Costa County,6013,94582,37.71637696322685,-121.92553745317886,101684.39,265778.07,30343
1af924ed-ff40-82a3-9af6-6f371fe52ad9,1973-08-21,,999-39-1628,S99990064,X69595505X,Mrs.,Megan108,Lecia978,Purdy2,,McCullough561,M,asian,hispanic,F,Oxnard  California  US,742 Labadie Annex Suite 7,Sacramento,California,Sacramento County,6067,95828,38.503325444272605,-121.41276708341938,723083.44,565629.81,85333
1be3f5e0-25b8-8834-7a0e-f44b23e0da2c,1977-03-21,,999-72-7779,S99986099,X33681337X,Mrs.,Margarita164,Isabel214,Palomo90,,Montoya249,M,white,hispanic,F,Roseau  Saint George  DM,574 Haley Landing,Mountain View,California,Santa Clara County,6085,94040,37.36504045676361,-122.00354748532006,121908.83,869457.78,29078
f002d2d2-c96e-906a-29b4-70943cb46349,2015-10-05,,999-60-3722,,,,Vonda514,Darla154,McDermott739,,,,asian,hispanic,F,Santa Clara  California  US,655 Walsh Skyway,Lakeside,California,San Diego County,6073,92040,32.937283322161264,-116.84242646630226,1800.00,38272.52,30975
a5fcb605-6547-0ab2-822a-57840bbfbf08,2007-11-11,,999-35-2395,S99993198,,Mr.,Lemuel304,,Aufderhar910,,,,asian,nonhispanic,M,Hanoi  Hà Đông  VN,168 Kilback Village Unit 71,San Diego,California,San Diego County,6073,92131,33.022050590450746,-117.23235308364175,3197.04,74922.32,9598
95f394a9-3562-6f64-d101-a6b9e0f0617a,1964-02-21,,999-72-5574,S99920610,X73617672X,Mrs.,Joy676,Hyon784,Pagac496,,Bradtke547,M,black,nonhispanic,F,Oakland  California  US,347 Nitzsche Manor Apt 16,Walnut Park,California,Los Angeles County,6037,90255,34.0102972522354,-118.21499281988864,738769.51,466670.96,57719
e51aa389-76a3-0643-ec0d-e1ead007c162,1988-01-12,,999-67-4015,S99978623,X475121X,Mr.,Ramiro608,Kenneth671,Hettinger594,,,M,white,nonhispanic,M,San Jose  California  US,833 Towne Vale Apt 12,San Francisco,California,San Francisco County,6075,94110,37.79182098657709,-122.45810235215332,124235.67,66478.70,56948
16d68c5c-379e-5612-7210-40d0dbc8cc05,2002-04-14,,999-28-7778,S99963223,X52201865X,Ms.,Hillary281,Nella762,McDermott739,,,,asian,nonhispanic,F,Redlands  California  US,1093 Will Station Apt 29,Huntington Beach,California,Orange County,6059,92649,33.75474298621664,-118.01916884211478,55512.01,283830.44,27957
52201a00-6986-6805-92ea-1837d2c41fbc,2009-06-07,,999-99-3871,S99979496,,,Yasmin241,Leda374,Lind531,,,,white,nonhispanic,F,Beverly Hills  California  US,406 Kilback Way Unit 19,Burbank,California,Los Angeles County,6037,91502,34.22256883955368,-118.28242247097724,80634.65,73443.59,67586
0564eca3-a2e9-c8e4-fb37-d620653da2a8,1982-10-14,,999-78-6273,S99939315,X89843554X,Mr.,Diego848,Ernesto186,Centeno914,,,D,white,hispanic,M,San Juan  Puerto Rico  PR,738 Windler Trail Apt 47,Healdsburg,California,Sonoma County,6097,95448,38.65451808250338,-122.9219466380311,162462.47,22239.51,108509
5c88e71f-054a-a63c-1f82-6a1c683672ae,2007-02-19,,999-92-7381,S99930910,,Ms.,Victoria535,,Jacobson885,,,,white,nonhispanic,F,South San Francisco  California  US,857 Friesen Crossroad Suite 18,Santa Monica,California,Los Angeles County,6037,90405,33.98442261961502,-118.45612076250282,33718.39,47328.18,150106
239d6cc8-1a33-2eaf-45c0-61f5253e6645,1983-01-16,,999-71-4582,S99926321,X13856616X,Mrs.,Debroah867,,Corkery305,,Schulist381,D,white,nonhispanic,F,Santa Clarita  California  US,952 Kilback Underpass,Fontana,California,San Bernardino County,6071,92316,34.07139181532748,-117.38167474366747,24423.89,1653333.39,2695
84e0e2c9-adcb-5e5c-6d61-23d04358dcdc,1972-07-24,,999-78-9583,S99928959,X45613603X,Mr.,Granville802,Odell776,Fahey393,,,S,white,nonhispanic,M,Lakewood  California  US,628 Mraz Bay Unit 41,Hesperia,California,San Bernardino County,6071,92392,34.41334380454588,-117.16590098939017,10116.73,183086.45,13228
55dcce22-bee8-224a-2518-5344ab143ab4,2005-07-15,,999-21-7773,S99924649,X19732673X,Ms.,Bianca274,,Treutel973,,,,asian,nonhispanic,F,San Jose  California  US,378 Hammes Bridge,Garden Grove,California,Orange County,6059,92841,33.81344613113474,-117.87356503167014,118168.84,177196.69,600137
a662a05e-3abd-0b50-948c-507a93e60baa,2019-05-29,,999-43-2033,,,,Iesha760,Delorse592,Schinner682,,,,white,hispanic,F,Bakersfield  California  US,441 Kshlerin Station,Los Angeles,California,Los Angeles County,6037,90061,34.36879634930965,-118.3742337636165,1100.00,20586.91,25227
40f6b797-c4dd-3d26-5c41-220444a37002,2012-03-19,,999-35-2131,,,,Damion480,Marcelino726,Sawayn19,,,,asian,nonhispanic,M,Norwalk  California  US,108 Kuvalis Spur,Rio Linda,California,Sacramento County,6067,95673,38.64380181416408,-121.46129276405343,44142.59,0.00,61759
cb7b6a0c-02c9-e265-405a-6c19a16b61ff,1991-08-09,,999-56-3842,S99960643,X2954176X,Mr.,Adán600,Roberto515,Guerrero997,,,M,white,hispanic,M,Portsmouth  Saint John Parish  DM,324 Bashirian Tunnel,West Rancho Dominguez,California,Los Angeles County,,00000,33.937133057620585,-118.29117457355315,37852.12,168032.56,42407
4b2eb00b-302b-ad2c-0836-bf09b257d965,1983-02-15,2021-10-08,999-90-7257,S99955754,X89495120X,Mrs.,Marivel862,Brianne669,Mertz280,,Rodriguez71,M,asian,nonhispanic,F,Nagoya   Aichi  JP,953 Kutch Crossing Apt 24,Fresno,California,Fresno County,6019,93702,36.78391587643555,-119.76703607008545,12082.71,982477.48,10242
ef56a34c-7f68-f9da-5509-52e0577dc5f9,1994-10-08,,999-45-2602,S99998477,X8702065X,Mr.,Denver542,Gilbert263,Kessler503,,,M,white,hispanic,M,Tustin  California  US,351 Nitzsche Course,Long Beach,California,Los Angeles County,6037,90805,33.821011313423334,-118.11463987165847,101199.64,19235.21,82048
31ab257d-8ea0-01a9-9718-2a9b850af7ca,1951-05-15,1994-08-15,999-14-9481,S99938976,X67921994X,Mr.,Nathanial472,Damion480,Haag279,,,S,white,nonhispanic,M,Vacaville  California  US,194 Olson Manor Apt 20,Brentwood,California,Contra Costa County,6013,94513,37.91245580155454,-121.69640990757007,910090.54,435680.32,104711
aca4503d-39e4-30b1-0712-132f4e6a1146,1976-02-19,,999-81-6266,S99963776,X399538X,Mrs.,María Soledad68,Rocio28,Saiz247,,Elizondo706,M,white,hispanic,F,Santo Domingo  National District  DO,405 Mayert Spur Unit 72,Oakdale,California,Stanislaus County,6099,95361,37.831527916950485,-120.76997290659065,183141.93,82532.66,147877
8e2e16eb-6d54-3e71-3860-d097574b85fa,1954-03-05,2024-09-22,999-22-1299,S99996744,X46625832X,Mr.,Timoteo39,Mariano761,Cisneros174,,,M,white,hispanic,M,Caguas  Puerto Rico  PR,349 Lebsack Manor,Paramount,California,Los Angeles County,6037,90723,33.94076423796545,-118.23825784816252,595180.22,3011898.67,12016
a343c470-0f15-dd72-de76-87b3ab4ef168,2009-12-06,,999-97-6860,S99979524,,,Max124,,Crist667,,,,white,hispanic,M,Ontario  California  US,384 Powlowski Burg Suite 85,Lynwood,California,Los Angeles County,6037,90262,33.895901569169226,-118.248341625016,3363.62,128614.63,42551
52bbb867-c8f0-341b-08a4-f61abbcd0a36,1987-07-08,,999-95-4503,S99955023,X88150268X,Mr.,Daniel959,Jacobo456,Cortez851,,,D,white,hispanic,M,San Jose  San Jose  CR,388 Thompson Frontage road Unit 0,South El Monte,California,Los Angeles County,6037,91733,34.06402379522173,-118.0850810129101,494115.66,485657.01,82689
901b242f-7715-827d-1d9d-43a3b146176b,1988-05-24,,999-64-2638,S99960923,X25282134X,Mrs.,Jolyn4,Alexia646,Kiehn525,,Wisozk929,M,white,nonhispanic,F,Bakersfield  California  US,527 Keeling Highlands Unit 66,Glendale,California,Los Angeles County,6037,91202,34.24011730241841,-118.27420936048283,350234.91,458797.33,91447
276d5d39-2e26-19b0-1f3e-dc15c52ae0f9,2007-04-21,,999-87-3143,S99993359,,Ms.,Tony646,Tamara8,O'Kon634,,,,asian,nonhispanic,F,Santa Maria  California  US,243 O'Kon Lane Suite 4,Arden-Arcade,California,Sacramento County,,00000,38.64399527986966,-121.3973424624862,4300.00,136675.57,43476
2e0d3610-ee8c-1534-65c5-d8512bd945a1,2024-02-12,,999-42-5579,,,,Fidela881,Cecile401,Eichmann909,,,,white,nonhispanic,F,San Diego  California  US,527 Oberbrunner Mall,Daly City,California,San Mateo County,6081,94015,37.71447092203163,-122.43540015540373,200.00,7323.64,17270
95f78ac6-a516-88ab-21d9-b915f6a14a22,2003-10-09,,999-96-1085,S99959664,X75567389X,Mr.,Patricio639,Jacobo456,Gamez720,,,,white,hispanic,M,San Salvador  El Salvador  SV,327 Zboncak Passage Suite 3,South San Francisco,California,San Mateo County,6081,94005,37.602624293331026,-122.43616030119249,140579.48,834030.84,134498
5455300c-63cb-6b54-8cf1-ea4597a43dab,1981-06-11,,999-40-7953,S99991436,X26279291X,Mr.,Korey682,Roger751,Labadie908,,,M,white,nonhispanic,M,Florin  California  US,634 Abshire Lane Suite 93,Garden Grove,California,Orange County,6059,92844,33.79702666369779,-117.86374335946682,96552.13,8132.11,61715
5fe4ebfe-01da-e98e-dfdb-c257260251cc,2002-12-09,,999-45-5961,S99993353,X234334X,Ms.,Stefanie819,,Turcotte120,,,,black,nonhispanic,F,Seaside  California  US,859 Mante Trace Unit 64,Anaheim,California,Orange County,6059,92887,33.86686939536334,-117.81117021950219,5903.53,132978.72,7543
56f06543-a919-2df1-7ad3-a128ca22df7d,1998-04-07,2020-07-15,999-31-3645,S99973478,X12820480X,Ms.,Caridad510,Leonor133,Jasso472,,,,black,hispanic,F,Portsmouth  Saint John Parish  DM,512 Dickens Brook,Reedley,California,Fresno County,6019,93654,36.62617154155194,-119.42764184490731,6504.12,406888.63,11170
b5ee05a3-3b12-ae72-f79a-6d706deab8ef,2008-07-01,,999-70-4586,S99951342,,,Justa309,Tawna357,Welch179,,,,white,hispanic,F,Los Angeles  California  US,307 Rogahn Lane Apt 11,Huntington Park,California,Los Angeles County,6037,90001,33.98682299932297,-118.20644162956012,3564.89,147582.60,19990
ea33b520-0a27-607c-3394-596dab27ad7d,2011-07-24,,999-29-3127,,,,Vera718,,Boehm581,,,,white,nonhispanic,F,Los Angeles  California  US,236 Kub Glen,Lake Forest,California,Orange County,6059,92676,33.72997772855112,-117.64203456431088,57910.60,10751.00,177947
2a17394b-4aa0-a29b-d92f-5a6ad104ca53,2017-07-18,,999-88-6102,,,,Cherie102,Jena102,Franecki195,,,,white,nonhispanic,F,Nice  Provence-Alpes-Cote d'Azur  FR,138 Luettgen Rapid,Manhattan Beach,California,Los Angeles County,6037,90266,33.81703582803795,-118.41504103410409,18765.08,29026.22,53523
a2298c43-a0af-c0ab-5869-f98b3ab80f8e,1983-02-15,,999-58-7316,S99945096,X37809403X,Ms.,Cristina921,,Klein929,,,S,asian,nonhispanic,F,Osaka  Osaka  JP,398 Kessler Green,Fresno,California,Fresno County,6019,93725,36.83858618350627,-119.82952403805888,107532.90,1965670.16,10242
57436966-c011-f71b-98e0-a149d70bb853,2023-06-30,,999-51-5754,,,,Trenton748,Rolf983,Schamberger479,,,,white,nonhispanic,M,Bakersfield  California  US,167 Zieme Trafficway,Woodland,California,Yolo County,6113,95776,38.68257623232161,-121.79526404049025,7812.32,859.80,118428
d58ea18a-3e2d-3ca1-71e0-7b297a8b8d63,1970-05-05,,999-87-5334,S99924509,X43836188X,Mr.,Isaiah615,Richie600,Douglas31,,,M,white,nonhispanic,M,Arcadia  California  US,610 Wolf Trailer,Garden Grove,California,Orange County,6059,92802,33.75763001215781,-118.02903818490319,243665.74,29775.68,70873
e894c957-b6b2-6738-a4d3-fc71f0252fa6,1995-05-06,,999-43-3445,S99910369,X36106112X,Mrs.,Kristy290,,Ankunding277,,Lowe577,M,white,hispanic,F,San Bernardino  California  US,438 Cormier Harbor Apt 2,Hesperia,California,San Bernardino County,6071,92344,34.443423846317486,-117.44152608343073,155013.60,343549.67,465812
2bd0465a-7102-a3d1-39c8-0c1d82023046,2023-10-07,,999-29-6952,,,,Amalia471,Virginia437,Rivero165,,,,asian,hispanic,F,San Salvador  El Salvador  SV,1027 Heller Ranch,Shafter,California,Kern County,6029,93308,35.47419166808119,-119.24826645764797,200.00,6286.33,35725
85368072-13dc-98b4-4bd9-331fbe0c6eb3,1959-01-31,,999-81-3983,S99963681,X7141048X,Mr.,Darnell564,Richie600,Streich926,,,D,white,hispanic,M,Fresno  California  US,292 Wiza Gate Unit 37,Woodbridge,California,San Joaquin County,6077,95258,38.177862097554765,-121.29077885468854,700109.13,493497.74,83827
50ad677d-631f-d39b-58da-853f662b1f18,2002-11-11,,999-72-4628,S99941799,X14892015X,Ms.,Cecilia788,Guadalupe206,Domínguez946,,,,white,hispanic,F,Portsmouth  Saint John Parish  DM,988 Witting Trace Apt 49,Lancaster,California,Los Angeles County,6037,93551,34.599998747326154,-118.23908674009141,52068.02,347442.41,36569
8d6fee26-e6d8-0339-517f-c840d824d0b6,2001-03-29,,999-33-5232,S99997765,X18967200X,Mr.,Tyler508,Roland928,Hilpert278,,,,white,hispanic,M,Roseville  California  US,349 Romaguera Flat Apt 68,Temple City,California,Los Angeles County,6037,91776,34.07158263709201,-118.08971783938199,534885.37,475618.96,72937
57fc1c5d-eca0-d5d0-0b21-f31a92b7bdda,1998-04-07,,999-73-9204,S99966050,X64069293X,Ms.,Daniela614,Mónica985,Venegas795,,,,black,hispanic,F,Santo Domingo  National District  DO,412 Goodwin Club Unit 58,Reedley,California,Fresno County,6019,93654,36.647065320472805,-119.46731983716474,9000.00,686890.95,11170
d8f86263-4a52-d938-e41b-55310f910859,1982-11-01,,999-13-1481,S99984522,X53544440X,Mrs.,Bee658,Raymonde315,Kovacek682,,Leffler128,M,white,hispanic,F,Garden Grove  California  US,603 Kirlin Light Apt 19,Lake Forest,California,Orange County,6059,92618,33.711218143701736,-117.71296030859406,358240.03,1123507.61,50069
054d3281-9176-7fb6-0cf8-c8ae60bdf364,2004-05-27,,999-22-7470,S99956954,X46472268X,Mr.,Kris249,Garret233,Oberbrunner298,,,,other,nonhispanic,M,Jeddah  Tihamah  SA,1056 West Heights Unit 28,San Jose,California,Santa Clara County,6085,95139,37.44930841361106,-121.71549981114599,75528.18,2233.90,145967
afa50b62-fa58-f395-36b6-9ffad8b2f074,1994-12-10,,999-76-1995,S99983339,X7495521X,Mr.,Ricky354,Kendrick479,McClure239,,,S,asian,nonhispanic,M,Cantho  Cần Thơ  VN,116 Powlowski Lock,Los Angeles,California,Los Angeles County,6037,91342,33.983799097766926,-118.22296160942507,20067.70,86034.58,30949
654b066e-18b0-1d4d-fdd4-bb0b8361fcb8,1951-05-15,,999-15-5205,S99918436,X26311133X,Mr.,Jesus702,Odis959,Blanda868,,,M,white,nonhispanic,M,San Diego  California  US,166 Reilly Club,Brentwood,California,Contra Costa County,6013,94513,37.87708912643316,-121.69253416542013,288932.25,137901.59,104711
6267db19-4fd6-0ea8-6e8e-6e20b8213661,1991-07-07,2010-11-04,999-52-5840,S99945497,,Ms.,Maricruz991,Mickie472,Zboncak558,,,,white,nonhispanic,F,Chula Vista  California  US,329 McLaughlin View,San Mateo,California,San Mateo County,6081,94403,37.49102169720875,-122.382149122513,137151.57,0.00,46223
c891e399-5190-50e1-02d3-372b2ee2e3b3,2010-11-03,,999-52-8708,,,,Shanon591,Dortha70,Abernathy524,,,,white,nonhispanic,F,Rialto  California  US,980 Miller Street Unit 47,Roseville,California,Placer County,6061,95746,38.76387744839899,-121.24499739265754,2926.33,68446.52,34727
843ac901-12aa-cc61-9776-b963088f781a,1954-03-05,,999-88-1085,S99913351,X27617626X,Mr.,Arturo47,,Ramón841,,,D,white,hispanic,M,Bayamon  Puerto Rico  PR,220 Goodwin Arcade,Paramount,California,Los Angeles County,6037,90723,33.97283275889726,-118.20027911300284,37461.42,902707.96,12016
21c4ee3f-1c63-a7e8-1f71-15c6fbda99a2,1974-03-29,,999-32-9824,S99915160,X84182057X,Mr.,Brendon298,Carlos172,Hickle134,,,W,white,nonhispanic,M,Sacramento  California  US,126 Nienow Heights Suite 32,Ukiah,California,Mendocino County,6045,95482,39.15166604645568,-123.26011247446395,469251.70,15360.10,70103
ef8c01dd-fa07-0b75-5727-61e84f4768ee,1959-07-10,,999-86-8929,S99942804,X52929310X,Mr.,Barrett790,Loren192,Zboncak558,,,D,white,nonhispanic,M,Bakersfield  California  US,161 Conn Gardens Unit 75,Lincoln,California,Placer County,6061,95650,37.9676517780997,-121.30296377063038,223173.70,83704.38,64998
a8b68c90-d3eb-291b-37bb-89cf58ec92c1,2018-06-21,,999-19-6401,,,,Lanora971,,McKenzie376,,,,native,nonhispanic,F,Long Beach  California  US,494 Lehner Brook Unit 15,Lancaster,California,Los Angeles County,6037,93535,34.74745839672117,-118.3350260815714,22324.93,1938.95,88335
f47ca95a-6771-ebed-0c19-e287b6409fea,1957-06-11,2023-04-04,999-11-4859,S99994444,X66809536X,Mr.,Noble66,Normand813,Heathcote539,,,D,white,nonhispanic,M,Carlsbad  California  US,668 Gislason Flat Unit 48,Fremont,California,Alameda County,6001,94536,37.49855405194382,-122.00615099167763,122168.95,1007603.92,498912
081882ca-447d-7cef-54b6-e03b0f00a9bb,1979-01-29,,999-83-1494,S99952002,X39226428X,Ms.,Ming325,Demetrius568,Waelchi213,,,S,white,nonhispanic,F,Oildale  California  US,362 Lemke Brook,Los Angeles,California,Los Angeles County,6037,90094,34.25442201742867,-118.29936734719796,18485.41,1532166.67,16161
e6f1cbf3-50dd-f194-7c4f-adc0f7405b3a,1977-10-21,,999-56-5858,S99936388,X78283675X,Mr.,Vicente970,Raúl937,Cervantes583,,,M,white,hispanic,M,Tegucigalpa  Francisco Morazán  HN,363 Lind Trafficway,Clovis,California,Fresno County,6039,93626,36.85118530329359,-119.73363908365965,586932.94,457040.67,63482
671aba5f-a94d-5be3-40d5-c651eeb460eb,1991-07-07,,999-16-2365,S99970293,X78722030X,Mrs.,Joetta231,,Brekke496,,Pfeffer420,M,white,nonhispanic,F,Garden Grove  California  US,221 Swaniawski Flat,San Mateo,California,San Mateo County,6081,94403,37.462470303564245,-122.21516657488867,840733.57,394708.99,46223
18b1d1d0-6cb5-819d-30e3-3784f82a8df2,1944-07-03,,999-44-2749,S99992149,X33392428X,Mr.,Roberto515,,Salinas3,,,S,white,hispanic,M,Portsmouth  Saint John Parish  DM,501 Dooley View,La Habra,California,Orange County,6059,90631,33.910488860827016,-117.86924710444922,546284.32,481086.36,48319
8b51de33-f5ee-786e-329c-2a2ef0171e6d,1982-04-30,,999-78-5277,S99983479,X60811219X,Mrs.,Lorene243,Tisha655,Spinka232,,Rohan584,M,white,nonhispanic,F,Pico Rivera  California  US,988 Christiansen Port Suite 70,Fountain Valley,California,Orange County,6059,92708,33.73261739286722,-117.95304074633833,620626.71,715451.06,52313
4b6bd784-a805-8674-a676-31ba5583681a,1955-12-06,,999-12-8329,S99940137,X78245503X,Ms.,Alejandra902,,Boyle917,,,S,white,nonhispanic,F,North Highlands  California  US,1052 Pfeffer Boulevard,Los Angeles,California,Los Angeles County,6037,90049,34.1916891659787,-118.33576087302835,273954.56,520839.78,197329
074e7bd8-6085-5493-e69b-670b5c05951c,1966-07-28,,999-97-2155,S99985537,X81122950X,Mrs.,Melia148,,Kessler503,,Torphy630,W,white,nonhispanic,F,Fowler  California  US,189 Lesch Extension Unit 29,Huntington Beach,California,Orange County,6059,92683,33.7056156482352,-118.07954280209832,466006.05,1794063.31,163364
9a784aba-5ce7-5e89-eb8f-73b6af13463a,1981-10-20,2024-02-15,999-25-7278,S99928881,X11861952X,Mrs.,Birgit199,Doretha289,Jones311,,Stoltenberg489,M,asian,nonhispanic,F,Oceanside  California  US,734 Block Underpass Suite 0,Santa Clara,California,Santa Clara County,6085,95053,37.328840725555224,-121.95815252003935,274532.29,2539571.36,825730
b2e720fd-225f-2af0-caf9-48be128d18e4,1953-06-19,2008-07-27,999-42-8094,S99927584,X32717964X,Mr.,Julio255,Rodrigo242,Alcántar600,,,S,white,hispanic,M,Bayamon  Puerto Rico  PR,967 Casper View Unit 64,Elk Grove,California,Sacramento County,6067,95758,38.460535663819854,-121.33080208916063,690115.31,265471.24,99041
f31863ed-59c9-4ffa-df6a-bb25c67a22ea,1978-05-28,,999-79-4443,S99997530,X20574080X,Mr.,Kennith515,,Beier427,,,S,white,nonhispanic,M,Poway  California  US,537 Spinka Grove Unit 78,Bell Canyon,California,Ventura County,6037,91307,34.22933064457695,-118.63140697972625,216837.86,45515.66,707469
ad7f6352-deaf-2184-3600-0688fe385c41,1988-07-02,1993-03-24,999-16-7497,,,,Kimberli643,Tinisha932,Reinger292,,,,white,nonhispanic,F,San Francisco  California  US,707 Rolfson Passage Apt 95,Napa,California,Napa County,6055,94558,38.347783714896536,-122.26192316713163,297828.50,202857.87,92308
32b98e4a-70f6-60ca-3704-60ee0f8b66e6,1997-08-16,,999-51-8274,S99953099,X46292431X,Mr.,Alberto639,Ricardo560,Terán294,,,M,white,hispanic,M,Portsmouth  Saint John Parish  DM,268 Tremblay Pathway,Tulare,California,Tulare County,6107,93274,36.21758622907508,-119.39127220594082,16664.81,113048.19,24269
103b5434-5e41-b1d4-c742-5c50c1adaace,1967-10-02,2024-12-01,999-97-4800,S99984750,X70724214X,Mr.,Jim478,Buddy254,Jaskolski867,,,S,black,nonhispanic,M,Stockton  California  US,213 Shanahan Stravenue,Los Angeles,California,Los Angeles County,6037,90230,34.1665611275865,-118.38416910824789,11048.25,238673.46,14508
57ad7d4d-bc14-4e35-7c87-2af5d8ec9782,1915-09-20,1978-04-22,999-93-9903,S99917472,X33718732X,Mr.,Emmanuel930,Rodrigo242,Schinner682,,,D,white,nonhispanic,M,Monrovia  California  US,603 Hauck Track,Vallejo,California,Solano County,6095,94591,38.09034798762683,-122.292015107095,404604.78,67711.72,38635
94417312-150c-5cfc-31a3-0613cd58af34,1971-12-06,2022-09-07,999-79-6872,S99954812,X26800001X,Mrs.,Mathilda200,Guadalupe206,Leuschke194,,Prohaska837,M,white,nonhispanic,F,Diamond Bar  California  US,434 Sipes Rapid Apt 28,San Diego,California,San Diego County,6073,92128,32.755773014363,-117.20648988908103,323090.36,2010782.77,72317
490dffbc-8bcb-51fe-003d-29c4e5e56bcc,1957-06-11,2024-03-22,999-41-4414,S99992249,X45025844X,Mr.,Shad704,Jordan900,Bayer639,,,M,white,nonhispanic,M,Murrieta  California  US,508 Krajcik Manor Apt 51,Fremont,California,Alameda County,6001,94539,37.516708627637726,-121.98826693208912,224630.27,310850.69,498912
c2e8b315-1510-beae-67b6-3d89b535aff6,1944-10-10,,999-28-5464,S99936077,X66724549X,Ms.,Valerie954,,Brown30,,,S,asian,hispanic,F,Mountain View  California  US,896 Jaskolski Extension Unit 90,Los Angeles,California,Los Angeles County,6037,91316,34.0329440597314,-118.4127930328028,445755.80,1028290.69,165993
8de3909c-a98a-d258-817c-9f59aa457275,1967-10-02,1993-09-08,999-68-6291,S99989376,X39213093X,Mr.,Shaun461,Gavin481,Batz141,,,,black,nonhispanic,M,West Sacramento  California  US,144 Muller Viaduct,Los Angeles,California,Los Angeles County,6037,91411,33.78970153100639,-118.33319096300905,5151.50,78237.81,14508
bf0028bd-c8e6-3395-4ad9-da48fe419e0f,1969-03-14,,999-20-1448,S99982861,X11247373X,Mr.,Milford485,Hollis7,Turcotte120,,,M,white,nonhispanic,M,Santa Monica  California  US,317 Glover Byway,Ontario,California,San Bernardino County,6071,91761,34.08098427009881,-117.54685051631188,227913.99,150538.86,67975
3fca5746-34a7-362d-3adc-712eb4508999,1994-05-30,,999-69-6209,S99967125,X881891X,Mrs.,Micaela928,Ana972,Rodarte647,,Figueroa648,M,white,hispanic,F,Juarez  Chihuahua  MX,826 Stoltenberg Ranch,Los Angeles,California,Los Angeles County,6037,91330,34.1010656865807,-118.4408755890001,241775.57,1331916.31,62564
30e55eda-bdf5-afa7-3c9d-5a9a64da61de,1988-07-02,,999-52-4209,S99981115,X51003685X,Mrs.,Georgeann302,Justa309,Considine820,,Turner526,M,white,nonhispanic,F,Maywood  California  US,698 Schneider Trailer Unit 13,Napa,California,Napa County,6055,94558,38.18539220292421,-122.30285717113019,599627.40,38760.65,92308
948660bd-6f68-c160-ed15-885f36c446c0,1981-10-20,,999-34-8277,S99930739,X26684959X,Mrs.,Tomeka87,Tressie547,Sawayn19,,Bartoletti50,M,asian,nonhispanic,F,Modesto  California  US,1002 Wisoky Road,Santa Clara,California,Santa Clara County,6085,95110,37.32244518188432,-121.88440708052492,56507.63,954463.08,825730
d45603b6-dd68-7439-c3dd-418321214f87,2005-12-30,,999-29-7344,S99968385,X46414897X,Mr.,Malcom15,,Emmerich580,,,,white,nonhispanic,M,Coalinga  California  US,918 Pfannerstill Promenade Unit 29,Rialto,California,San Bernardino County,6071,92376,34.0986887138066,-117.39126417999304,9694.95,98255.41,38922
1da4fd42-0290-6bdc-3772-ae1bcdcfa791,2007-06-15,,999-23-5707,S99952602,,Mr.,Keven605,Eugene421,Kub800,,,,white,nonhispanic,M,Calexico  California  US,248 Runolfsdottir Dale Unit 94,San Marcos,California,San Diego County,6073,92069,33.25448172452836,-117.23010676700598,99691.02,879949.88,53072
cd746a78-bb52-15e7-9a5e-9ee5029e9f7f,1952-12-22,,999-95-7684,S99957412,X77257171X,Mr.,Johnathan55,Renaldo199,Johnston597,,,D,white,hispanic,M,San Jose  California  US,168 Jaskolski Street Suite 95,San Lorenzo,California,Alameda County,6001,94580,37.64996347509435,-122.13012816617947,407006.08,127767.79,56681
c5db1904-5e94-5be8-4905-da35d465c813,1971-12-06,,999-30-9580,S99955060,X64363523X,Mrs.,Lorean637,Pamella8,Bayer639,,Bashirian201,M,white,nonhispanic,F,San Jose  California  US,812 Murphy Lane Suite 13,San Diego,California,San Diego County,6073,92110,32.548077439558774,-117.12501538402671,1165984.79,551594.45,72317
59d255a5-2589-e922-e90c-811f297a65f2,1967-10-02,,999-56-6343,S99961094,X21169025X,Mr.,Nickolas58,Darius626,Weissnat378,,,W,black,nonhispanic,M,Pasadena  California  US,390 Armstrong Lane,Los Angeles,California,Los Angeles County,6037,90095,34.095423789406475,-118.40203097635025,13628.08,216908.70,14508
7ca44574-f3e3-3711-8795-3c5828eef73e,1957-06-11,,999-79-2303,S99975047,X45617589X,Mr.,Zachary28,Shelby741,Lesch175,,,M,white,nonhispanic,M,Perris  California  US,220 Dach Byway Unit 54,Fremont,California,Alameda County,6001,94555,37.57323162377217,-122.02838624151465,202006.48,119196.24,498912
8f5b2809-1047-5999-08a2-2dcf7b6e0218,1996-10-25,,999-22-4119,S99973804,X23688921X,Mrs.,Charlene806,,Collier206,,Kreiger457,M,white,hispanic,F,San Francisco  California  US,192 Durgan Mews Unit 21,Long Beach,California,Los Angeles County,6037,90755,33.80315021368122,-118.13734297786847,9720.14,783878.44,7582
6665ff06-fd96-cd96-bfff-f3eefd891ee9,1993-06-19,,999-11-9253,S99929776,X72420670X,Mr.,Olen518,Mike230,Witting912,,,M,white,hispanic,M,Fountain Valley  California  US,1037 Moen Extension,Los Angeles,California,Los Angeles County,6037,91606,34.10910949472122,-118.33676497328909,113637.06,24684.73,68841
a49f325c-2855-f3d8-7fed-9447ed067c8b,1953-06-19,,999-66-7596,S99961297,X32010680X,Mr.,Salvador46,Octavio643,Sáenz811,,,M,white,hispanic,M,San Jose  San Jose  CR,452 Hoppe Center Suite 9,Elk Grove,California,Sacramento County,6067,95758,38.51226437328481,-121.26507780098953,144127.40,265380.96,99041
ddc78522-e92b-9235-d0d2-65668157f8d7,1915-09-20,1989-04-21,999-34-7291,S99963548,X75817549X,Mr.,Lynn917,Brent147,Pfeffer420,,,D,white,nonhispanic,M,Oakland  California  US,569 Lindgren Extension Apt 65,Vallejo,California,Solano County,6095,94592,38.12831244271614,-122.24581597297382,421392.02,3577684.77,38635
77ec697b-51bb-09f8-c664-d689fdf16cf8,1966-02-06,,999-50-2561,S99966595,X68841108X,Mrs.,Shirly501,Dacia646,Beier427,,Runolfsson901,D,white,nonhispanic,F,Delano  California  US,570 Bode Camp Unit 64,Chula Vista,California,San Diego County,6073,91902,32.67781434647051,-117.03845449394916,307835.74,2591858.42,30099
7b617eb4-2ee5-63c9-5b4c-af57b327542a,1980-06-20,,999-39-6545,S99997615,X60008751X,Mrs.,Diana207,,Pulido715,,Barrera709,M,white,hispanic,F,Caracas  Capital District  VE,389 Leuschke Road,Los Angeles,California,Los Angeles County,6037,91423,33.99794731520441,-118.3926877208696,210122.83,2073444.24,423828
897f4888-d746-2d3d-b6f7-35677e3f2244,1926-08-22,,999-41-6091,S99992853,X13773069X,Mr.,Benny518,Blaine377,Nolan344,,,D,asian,nonhispanic,M,Thousand Oaks  California  US,134 Buckridge Quay,Hayward,California,Alameda County,6001,94588,37.6719626148288,-122.07604636332555,322372.38,1679184.61,95373
9f231835-3fbb-0c30-a12c-c43e996db67a,1975-02-01,,999-85-4973,S99958623,X2020405X,Mr.,Gayle448,,Herzog843,,,M,white,hispanic,M,Oakland  California  US,516 Lubowitz Bypass,Long Beach,California,Los Angeles County,6037,90807,33.81136685396945,-118.14237384253454,118215.83,202084.13,374
05c35158-dab1-1459-d437-b2d728621008,1982-03-19,,999-10-7319,S99998058,X56143379X,Mr.,Rosario163,Nathanial472,Swaniawski813,,,S,white,nonhispanic,M,Thousand Oaks  California  US,889 Huel Run Suite 27,Redding,California,Shasta County,6089,96003,40.58537776880925,-122.38788056496306,70005.66,82222.41,26506
b4721449-96f0-356f-6b62-49268daf5b48,2021-06-04,,999-73-1494,,,,Vena594,Cassey386,Rice937,,,,asian,nonhispanic,F,Los Angeles  California  US,959 Beier Mill,Long Beach,California,Los Angeles County,6037,90813,33.85049836343639,-118.23471286094669,17055.83,5049.80,60473
e27a38cd-6855-41a1-8d53-86fd8952b061,1987-08-13,,999-75-8566,S99929900,X76151164X,Mr.,Gus973,Joel444,Ledner144,,,M,white,nonhispanic,M,Pico Rivera  California  US,508 Abernathy Loaf Unit 60,Coachella,California,Riverside County,6065,92274,33.489436619132114,-116.06650156045322,64342.73,593325.97,33182
5c8d6bf8-9456-b50a-7a69-645949c701d8,2024-01-01,,999-10-7040,,,,Eduardo902,Jaime666,Gil594,,,,white,hispanic,M,Santo Domingo  National District  DO,552 Langworth Mission,Santa Clarita,California,Los Angeles County,6037,91321,34.43541743813522,-118.71950185599277,3979.12,4252.53,61951
d6cdba16-06c3-39a8-267c-fc80eebadbf4,1979-07-13,,999-75-8176,S99984361,X25186525X,Mrs.,Raelene218,Dawne25,Beatty507,,Orn563,M,white,nonhispanic,F,Oakland  California  US,651 Spencer Tunnel,San Luis Obispo,California,San Luis Obispo County,6079,93405,35.2563819607579,-120.77653344742558,729119.55,567049.64,65615
873c46a7-e641-51db-90ae-078747018836,1969-12-21,,999-25-4028,S99978183,X68691335X,Mr.,Emilio417,Raúl937,Villa94,,,S,white,hispanic,M,Carolina  Puerto Rico  PR,556 Harris Divide,Gardena,California,Los Angeles County,6037,90248,33.86207549561272,-118.36446907978417,15748.94,406254.10,21691
028e88db-b688-6ef3-ffd8-c38d3e5ba6b1,2008-04-14,,999-62-8842,S99975755,,,Georgiann138,Tisa11,Konopelski743,,,,white,hispanic,F,Glendale  California  US,207 Shanahan Alley Apt 58,Fallbrook,California,San Diego County,6073,92028,33.364536319822655,-117.16991016106392,73398.90,8500.18,140553
31dc919d-b407-d4b9-9998-d2ba0d9c9893,1983-11-10,,999-85-8699,S99996843,X35011674X,Mrs.,Eilene124,Lieselotte680,Koelpin146,,Braun514,M,white,nonhispanic,F,Brawley  California  US,962 Ruecker Center Unit 10,Carson,California,Los Angeles County,6037,90220,33.86182413306152,-118.22253080548556,248445.85,457037.70,72270
1c4320e1-ea87-594b-40d6-ffdfc59f3e21,2009-03-12,,999-76-8895,S99919921,,,Katharyn928,Viola977,Casper496,,,,white,nonhispanic,F,Mission Viejo  California  US,137 Erdman Orchard Suite 90,Downey,California,Los Angeles County,6037,90650,33.91611352616721,-118.1623562632035,49760.59,63494.83,50804
6a93261a-e341-7ff2-65ee-37af1e5fc7b6,1956-09-17,,999-73-4153,S99910880,X30710632X,Mrs.,Ciera654,Kerri159,Hammes673,,Dickinson688,M,white,hispanic,F,Fullerton  California  US,114 Gulgowski Ville Apt 80,Chula Vista,California,San Diego County,6073,91902,32.584993514971195,-117.02336055987202,1120035.57,241320.90,85528
c7c5f016-40df-965b-2772-45a03bcef8b7,1948-06-03,,999-81-2823,S99913945,X66077757X,Mr.,Barney639,,Haley279,,,S,white,nonhispanic,M,San Diego  California  US,288 Gerlach Junction Suite 6,Santa Maria,California,Santa Barbara County,6083,93455,34.90151426212489,-120.34511123314628,165170.58,594957.07,956075
92caed7c-db6a-8e8d-94e3-e0b0024ebed2,1966-10-24,,999-52-4319,S99947746,X57522975X,Mrs.,Mittie376,Elvina437,Mills423,,Green467,W,black,nonhispanic,F,Rodeo  California  US,199 Prohaska Manor,Victorville,California,San Bernardino County,6071,92301,34.53894533214532,-117.12777584554597,956444.06,244625.32,58952
ef33b118-af46-bce6-c99a-95708892eb77,1983-07-04,,999-55-8856,S99930086,X57272292X,Mrs.,Catherina275,Lisa683,Erdman779,,Effertz744,M,asian,nonhispanic,F,San Marcos  California  US,797 Conn Esplanade Suite 34,Reedley,California,Fresno County,6019,93654,36.690176164847394,-119.45092746452187,211275.78,1501458.03,23765
c0dea335-7555-faca-b537-0e99702d9c20,2002-01-21,,999-36-8003,S99989062,X29153277X,Mr.,Stuart913,Orlando897,Nolan344,,,,white,nonhispanic,M,Tustin  California  US,404 Quigley View Suite 50,Palmdale,California,Los Angeles County,6037,91390,34.58987466181839,-118.27860431025033,4584.05,97599.00,16868
a8f079c9-eda6-5acf-f710-2d1864e6c7e4,2021-01-18,,999-75-5341,,,,Rayford811,Claudio955,Quigley282,,,,white,nonhispanic,M,San Diego  California  US,255 Littel Junction,Rosedale,California,Kern County,,00000,35.36626761621187,-119.25553380357225,21332.28,2300.31,794832
8f1a6afb-98d7-8f99-6ef0-2dfea967ceb8,1986-09-01,,999-76-3319,S99921761,X5236440X,Mr.,Alejandro916,José Emilio366,Rivera179,,,M,asian,hispanic,M,Bogota  Bogota  CO,454 Sporer Trace Apt 25,Camarillo,California,Ventura County,6111,93010,34.16314898734686,-118.9905054136653,6204.89,126372.24,13954
09136320-f29f-867c-0582-f6c62ca785be,2010-11-14,,999-99-6002,,,,Alan320,,Wilderman619,,,,white,nonhispanic,M,Long Beach  California  US,828 Jaskolski Way,Fairfield,California,Solano County,6095,94533,38.32471249957722,-121.9626252723214,27860.60,29577.02,188343
53acab48-a39b-d0f3-2176-4554d0e3eca4,1981-06-16,,999-24-6271,S99938369,X34783822X,Mrs.,Vicky438,Maricruz991,Quitzon246,,Bode78,M,white,nonhispanic,F,Richmond  California  US,524 Koelpin Highlands Unit 42,Oxnard,California,Ventura County,6111,93036,34.158960276344025,-119.14262755378557,30093.37,2146109.64,15308
395577c9-fa16-8b36-4393-43140615ea93,2001-01-17,,999-27-1951,S99984066,X20001744X,Ms.,Velia837,Kazuko67,Mueller846,,,,asian,nonhispanic,F,Folsom  California  US,805 Kshlerin Boulevard,San Francisco,California,San Francisco County,6075,94118,37.77530534994086,-122.43008317258126,8072.45,429958.21,10284
9bb77371-92e6-39dc-a4c4-bbc90806946f,1960-04-21,,999-66-9265,S99920447,X86985078X,Mr.,Cliff504,,Sauer652,,,D,white,nonhispanic,M,Orcutt  California  US,611 Morissette Wynd Unit 13,Santa Clara,California,Santa Clara County,6085,95126,37.37175644580577,-122.07644234031015,30174.20,254741.57,405
a0c18909-c0a9-a091-3609-9ff88cf845f2,2000-07-27,,999-66-1531,S99989518,X71695778X,Mr.,David908,Juan Carlos348,Galindo802,,,,white,hispanic,M,Havana  Havana  CU,1065 Russel Trailer,Lancaster,California,Los Angeles County,6037,93536,34.57069198734814,-118.28231161345644,6307.19,110990.88,31601
10ead49a-7265-7cb3-36d5-edfa28d1ce9d,2001-01-26,,999-35-3647,S99991074,X51168203X,Mr.,Ward668,Zachery872,Schimmel440,,,,native,nonhispanic,M,Torrance  California  US,219 Goldner Meadow Suite 22,Lake Forest,California,Orange County,6059,92691,33.583092733513226,-117.63313673146956,78111.47,4419.21,72514
8f1b11b2-15f9-b298-4eb4-a5d4578aeb97,1969-07-19,,999-24-8191,S99970482,X24996373X,Mr.,Dean966,Ronnie7,Walter473,,,D,white,nonhispanic,M,Moorpark  California  US,976 Paucek Quay,Oroville East,California,Butte County,,00000,39.482842295058504,-121.51224884956281,172993.96,80358.87,70478
1054bf00-c904-8f81-ccd0-5ca93208bf0e,1999-01-27,,999-97-2912,S99921444,X72060732X,Ms.,Shaniqua618,,Mueller846,,,,white,nonhispanic,F,Shasta Lake  California  US,188 Leuschke Port,Roseville,California,Placer County,6061,95765,38.852480140206,-121.25934028153547,123724.75,279836.47,173604
5fb81fbc-92f0-58f6-f490-f250ae8e1029,1988-05-11,,999-98-8592,S99945474,X38018719X,Mr.,Robert854,Sidney996,Jacobs452,,,M,white,nonhispanic,M,Barstow  California  US,102 Brown Vista Unit 20,Fresno,California,Fresno County,6019,93706,36.79975397640213,-119.7674325179959,595058.57,386048.71,71703
1aed2491-fc8f-6d00-38e1-8f2d18cd5811,1983-07-01,,999-11-1777,S99983110,X58718279X,Mr.,Bruno518,Isiah14,Shields502,,,M,white,nonhispanic,M,San Jose  California  US,157 Mann Street Suite 82,Citrus Heights,California,Sacramento County,6067,95842,38.71796693113526,-121.3126697987877,125622.22,12639.40,110268
399dedf7-6b7f-3182-f058-14d29003eee9,2002-09-19,,999-55-3022,S99972218,X25056536X,Mr.,Joey457,Solomon675,Barrows492,,,,white,nonhispanic,M,Rocklin  California  US,283 Dickens Club Apt 71,Dana Point,California,Orange County,6059,92651,33.61833803133941,-117.74155927945621,85378.21,21023.30,203862
1a4467f7-652b-9203-98b9-234958f911b9,1961-03-08,,999-54-9261,S99946602,X13492872X,Mrs.,Connie24,Meghann680,Mueller846,,Ward668,M,white,nonhispanic,F,South Whittier  California  US,980 Hane Ville Suite 52,Fremont,California,Alameda County,6001,94555,37.507684597035045,-121.98791972351297,157095.51,1331266.11,33337
3b3c0278-dd42-ce02-3a39-b9d3434fdf5a,1969-05-26,,999-75-2744,S99911145,X23846900X,Mr.,Ashley34,,Dare640,,,M,white,nonhispanic,M,Altadena  California  US,985 Abernathy Rapid,Sunnyvale,California,Santa Clara County,6085,94089,37.40013827446373,-122.00383768743835,155036.98,58316.75,171088
bcf88c20-72a2-8683-d20c-d700696677b4,1999-01-21,,999-68-9703,S99989511,X56397482X,Mr.,Joaquín233,Mateo562,Almanza534,,,,white,hispanic,M,Carolina  Puerto Rico  PR,152 Nader Ferry,San Bruno,California,San Mateo County,6081,94080,37.66460848040614,-122.3856593584344,94010.52,24156.42,146873
117d38bd-a17f-302a-3d60-5ccb59427ad0,1915-09-20,,999-66-3916,S99960926,X84829530X,Mr.,Josh874,Roberto515,Kihn564,,,S,white,nonhispanic,M,Cerritos  California  US,313 Kuhic Union,Vallejo,California,Solano County,6095,94592,38.04786687561917,-122.24985255988001,365873.66,1160963.20,38635
14f8311b-9f71-a653-4703-1c67c5257abe,1998-12-05,,999-42-1396,S99991994,X3047894X,Mr.,Hugo693,Mariano761,Solano766,,,,white,hispanic,M,Caguas  Puerto Rico  PR,187 Towne Key,Hollister,California,San Benito County,6069,95045,36.826350554753326,-121.32309709081329,13434.48,68088.45,45106
175fb04f-fb2f-2b2b-61e3-4408d6141275,1997-09-21,,999-90-5419,S99921142,X46869889X,Mr.,Darren774,Dario75,Brekke496,,,S,white,nonhispanic,M,Stockton  California  US,888 Borer Rapid,Huntington Park,California,Los Angeles County,6037,90255,33.95923212672447,-118.23253516619701,35906.70,51863.86,26438
4b149c67-f2bb-bb90-d7fc-b97e5278ea51,2020-02-10,,999-14-3047,,,,Luisa710,Carlota980,Negrón227,,,,white,hispanic,F,Caguas  Puerto Rico  PR,701 Marvin Mall,West Sacramento,California,Yolo County,6095,95620,38.55766471816684,-121.72171155106976,1634.05,26353.28,21665
ccfa7540-62da-50a6-cfc3-f3654abd6948,2015-09-28,,999-94-4179,,,,Criselda629,Roselyn270,Cremin516,,,,black,nonhispanic,F,Sacramento  California  US,440 Conn Highlands,Dixon,California,Solano County,6095,95620,38.42890295834275,-121.75361097726851,39591.26,20957.72,105197
de4b718e-7a6d-70ed-223d-1a5f91783cf8,1971-10-24,,999-12-4388,S99974274,X40023852X,Mr.,Parker433,,Hyatt152,,,W,white,nonhispanic,M,San Buenaventura (Ventura)  California  US,624 Heller Gardens,Long Beach,California,Los Angeles County,6037,90755,33.80383515498617,-118.17873968367688,107865.72,86583.95,42013
1533ff02-4d89-9ac9-fe0f-95eb366c5974,2009-05-21,,999-16-5999,S99931869,,,Melodee943,Deonna907,Treutel973,,,,white,nonhispanic,F,Woodland  California  US,561 Cartwright Village Apt 36,Riverside,California,Riverside County,6065,92503,33.914847156726296,-117.34444641767682,4750.00,115794.80,21286
06352227-9437-8068-6865-f74b408d89dd,2002-04-02,,999-94-1351,S99976497,X3790227X,Ms.,Adelle43,Lissette621,Tillman293,,,,white,hispanic,F,Kerman  California  US,278 Simonis Rapid Apt 80,Palmdale,California,Los Angeles County,6037,93550,34.58387576179428,-118.26705972952023,154118.47,1230762.58,49621
60fb95d2-0f92-eb0e-26c3-964f1729a38b,2024-07-08,,999-84-5917,,,,Sergio619,Ramiro608,Negrete68,,,,white,hispanic,M,Mexico City  Mexico City  MX,131 Blanda Fork,Merced,California,Merced County,6047,95348,37.2278349326462,-120.54900187531557,4338.23,5688.99,98131
a068b6b1-3a3f-c0f2-b81e-1a3515e22076,1982-07-07,,999-63-6035,S99960744,X26315796X,Mr.,Rodrigo242,Lorenzo669,Fierro365,,,M,white,hispanic,M,Bogota  Bogota  CO,588 Fritsch Manor Apt 39,Yucca Valley,California,San Bernardino County,6071,92284,34.172114568184554,-116.44845950738184,15451.22,276169.38,22039
6e52b935-016f-5738-cae2-ceeb0d2ab4c4,1967-06-09,,999-46-1161,S99941696,X22982502X,Mr.,Grady603,Bobbie849,O'Kon634,,,M,white,nonhispanic,M,San Francisco  California  US,1038 Parker Burg,El Cajon,California,San Diego County,6073,92071,32.71629334768769,-116.99193135191734,15571.00,1154021.97,15953
9e04d37a-d849-8207-d456-87b5b2435851,1979-01-06,,999-90-8694,S99929948,X12142613X,Mr.,Bill567,Dominique369,Swift555,,,M,black,nonhispanic,M,Rosemont  California  US,442 Bogan Meadow,Fremont,California,Alameda County,6001,94538,37.591419096022165,-122.01384675271348,172668.22,19915.54,111036
8f2e0368-baff-7a82-57a3-6f9d85523d6e,2002-11-01,,999-30-7826,S99928042,X13025635X,Mr.,Virgilio529,Nathaniel596,Lind531,,,,white,nonhispanic,M,Los Angeles  California  US,1073 Upton Fort Unit 72,Kingsburg,California,Fresno County,6107,93631,36.52619452466472,-119.48001839117684,5381.87,82735.27,18390
235129bb-1311-cdaf-3449-4b48e6dead55,1985-03-21,,999-60-3870,S99992620,X729298X,Mrs.,Randy380,Kathlene786,Kassulke119,,Rosenbaum794,M,white,hispanic,F,Napa  California  US,866 Homenick Trail Unit 70,San Buenaventura (Ventura),California,Ventura County,6111,93001,34.27740111071024,-119.20952475934851,258768.76,379852.15,83334
80ab07b1-0858-b0f1-e321-5deeaa543ae6,1951-10-31,,999-72-8009,S99963186,X7156289X,Mrs.,Elvira561,Francisca486,Rosales49,,Aragón562,D,white,hispanic,F,San Salvador  El Salvador  SV,114 Keeling Rapid Apt 59,Oakland,California,Alameda County,6001,94606,37.836602382788435,-122.14486068479329,732600.24,248325.41,85100
aa7f8c64-e4f5-cff8-59f0-ab8dcd05cb14,1977-09-10,,999-56-1396,S99926130,X84737285X,Mrs.,María Eugenia578,Estela596,Mojica921,,Otero621,M,white,hispanic,F,San Jose  San Jose  CR,613 Schultz Drive,La Habra,California,Orange County,6059,90631,33.880386794690956,-117.94354177598827,833225.51,527851.15,87152
dfd98efb-6cff-fe54-316e-51fc9974e7b0,1969-07-14,,999-46-4309,S99997123,X57009055X,Mr.,Gale827,Truman805,McCullough561,,,D,black,nonhispanic,M,Chino Hills  California  US,351 Russel Mission,Los Angeles,California,Los Angeles County,6037,91325,34.022989464146015,-118.40388162583328,160435.64,190855.71,126639
45c350b3-a01b-0695-bac6-ef7edd76b45e,1989-08-06,,999-84-9359,S99950924,X9810743X,Mr.,Micheal721,Benito209,Aufderhar910,,,M,white,nonhispanic,M,Thousand Oaks  California  US,476 O'Kon Wall Apt 43,Santa Ana,California,Orange County,6059,92701,33.75843472654996,-117.95420255093423,565467.69,454506.31,114308
e09fb61f-b6c1-4f09-0524-78fde87d8221,2012-04-11,,999-10-3275,,,,Tammera223,Helen432,Grant908,,,,white,nonhispanic,F,Los Angeles  California  US,1083 Langosh Ranch,Hollister,California,San Benito County,6069,95023,36.79613754952289,-121.30871648389908,3960.74,84944.41,16888
47966557-19de-48c4-dd62-f45414c80577,1988-03-31,,999-18-8131,S99934955,X26177187X,Ms.,Pauletta164,Cory323,Kuvalis369,,,S,asian,nonhispanic,F,Hong Kong  Hong Kong Special Administrative Region  CN,252 Rolfson Rest Apt 19,Inglewood,California,Los Angeles County,6037,90045,33.98436111343669,-118.38446851528265,244330.70,1351238.46,92182
ef366d4d-d98c-c02e-1c26-5a9dc6d21908,2010-11-26,,999-88-5868,,,,Rodrigo242,Joaquín233,García15,,,,asian,hispanic,M,Bayamon  Puerto Rico  PR,625 Morissette View Apt 39,Walnut,California,Los Angeles County,6037,91789,34.08073044095996,-117.75785653497888,41912.02,11484.97,75874
e6c4a5f9-4772-863c-089b-663db10c692d,1996-04-14,,999-28-2212,S99941721,X58499444X,Mr.,Joe656,,Mueller846,,,M,hawaiian,nonhispanic,M,Burbank  California  US,229 Goodwin Station,Mission Viejo,California,Orange County,6059,92692,33.57971538031291,-117.64607183389396,87931.92,19796.85,180397
30f61dec-828f-7ae1-4c4d-25b93ae406c5,1935-08-20,1997-04-21,999-61-6123,S99977534,X48802451X,Mr.,Dwayne786,Brendan864,Hegmann834,,,M,white,nonhispanic,M,Escondido  California  US,889 Collins Approach,Avila Beach,California,San Luis Obispo County,6079,93424,35.23344484568511,-120.74658482168124,179911.65,136492.76,144811
0a3b294a-7b2b-3842-7604-50ef6bb78bf2,1943-06-12,,999-95-5018,S99912312,X70007240X,Mr.,Esteban536,José Eduardo181,Arguello39,,,M,white,hispanic,M,Caguas  Puerto Rico  PR,417 Green Trailer,Oceanside,California,San Diego County,6073,92083,33.21067271792054,-117.28050556840749,425038.46,970025.65,96896
6c1da8a3-0003-da69-c591-61abc1c89750,1990-04-16,,999-63-1113,S99964662,X5427487X,Mrs.,Vasiliki884,Roxie199,Renner328,,Tillman293,M,white,nonhispanic,F,Santa Clara  California  US,120 Zieme Annex Suite 22,San Diego,California,San Diego County,6073,92116,32.70205941295475,-117.05947283666202,161203.43,661514.71,44829
3b575a4c-6c45-15ed-4d38-ddb522861642,1968-01-03,,999-84-8342,S99999977,X82207634X,Mr.,Roderick835,Elliott563,West559,,,M,white,hispanic,M,Antelope  California  US,108 Glover Ranch,West Covina,California,Los Angeles County,6037,91791,33.97847413566719,-117.85292651077762,50701.27,997483.81,15317
b8f955e8-3d06-3663-c8c0-0ae3efef85f0,1957-08-10,,999-31-6805,S99952689,X50882795X,Mr.,Alfredo17,,Avilés474,,,M,white,hispanic,M,Caracas  Capital District  VE,1023 Predovic Way Suite 11,La Cañada Flintridge,California,Los Angeles County,6037,91020,34.20769452356858,-118.21047714504661,122959.79,1167029.85,4902
7c88abd1-7ac5-f4b8-b133-973da9cb0ba4,1956-09-12,,999-16-8036,S99932341,X23196337X,Mr.,Ernesto186,Luis923,Valladares149,,,M,white,hispanic,M,Ponce  Puerto Rico  PR,434 Smitham Skyway Apt 34,El Monte,California,Los Angeles County,6037,91770,34.02842803749043,-118.00559466891863,23738.11,1105643.87,13019
0cc1cb56-4e80-9d75-3ecf-916b526e7fe9,1954-10-03,,999-24-8266,S99931071,X73804230X,Mr.,Gabriel934,Federico589,Montero62,,,M,white,hispanic,M,San Salvador  El Salvador  SV,361 Legros Bay Unit 93,Yucaipa,California,San Bernardino County,6071,92359,34.052321049808114,-117.19714890008471,162750.12,77746.47,108539
37001be9-64ad-230d-e439-c8714c84cdd7,1964-05-11,,999-64-7648,S99961448,X85182701X,Mr.,Wayne846,Seth414,Greenholt190,,,M,white,nonhispanic,M,Moraga  California  US,521 Reichel Ramp Apt 18,San Pablo,California,Contra Costa County,6013,94804,37.94232882289101,-122.28893865538312,189871.80,164105.84,52593
fbd803ba-619e-b324-da2c-bf575536b408,1955-04-03,,999-64-5692,S99959593,X88199231X,Mr.,Homero668,Clemente531,Gaona896,,,M,white,hispanic,M,Carolina  Puerto Rico  PR,210 Bode Harbor Apt 90,Santa Paula,California,Ventura County,6111,93060,34.358360423576634,-119.0903320365922,271995.90,990525.75,45075
da596426-4a4a-4f7d-9291-ca8a7796e2a6,2006-03-26,,999-65-9472,S99957907,,Mr.,Antonio44,,Kessler503,,,,white,nonhispanic,M,Mono Vista  California  US,459 Moen Center Suite 17,Vista,California,San Diego County,6073,92056,33.24287901002422,-117.25104281009233,33694.15,39240.85,197041
d63faf31-318f-2542-01c3-ecd0189b64d9,1974-08-31,,999-38-4040,S99930345,X84024542X,Mrs.,Carmen818,Elena945,Barreto785,,Sierra982,D,white,hispanic,F,Puebla  Puebla  MX,456 West Trailer Apt 90,San Pablo,California,Contra Costa County,6013,94805,37.96789277150733,-122.32471476569025,679666.98,326860.33,84379
e8b54cc4-58e8-cc1e-f05a-94d116040454,1975-08-06,,999-13-6239,S99911879,X77063778X,Mrs.,Neda956,Dayna943,Treutel973,,Russel238,D,white,nonhispanic,F,Sacramento  California  US,850 Schamberger Fork Apt 36,Vallejo,California,Solano County,6095,94590,38.09846360287852,-122.24596443457003,866374.27,1022700.72,79723
0da73027-9748-bde8-4d6b-f1e4b93a49cc,1935-08-20,2003-01-24,999-19-6332,S99923200,X17733771X,Mr.,Rene434,Kenneth671,Roberts511,,,S,white,nonhispanic,M,Moorpark  California  US,255 Champlin Promenade Apt 60,Avila Beach,California,San Luis Obispo County,6079,93424,35.1901783761595,-120.6891333252357,184985.66,89364.22,144811
3c584e65-60b1-d414-4c70-54e50a293533,1936-09-17,2007-07-16,999-60-1667,S99991501,X47395562X,Mr.,Stephen891,Rusty501,Cummerata161,,,S,asian,nonhispanic,M,Macau  Macao Special Administrative Region of the People's Republic of China  CN,786 Raynor Course,Sunnyvale,California,Santa Clara County,6085,94086,37.443202650780165,-122.03692245467744,309477.45,3310096.78,66173
70a24912-b457-4942-9282-81889808106d,2008-05-02,,999-22-8838,S99919115,,,Teodoro374,,Ojeda263,,,,white,hispanic,M,Panama City  Panama  PA,877 Hane Frontage road,Anaheim,California,Orange County,6059,92804,33.76945019042691,-117.96593098360609,3798.95,88222.04,6507
bfae2ceb-bb71-6419-1c8d-9483a2aee067,1932-11-23,2001-06-06,999-63-9319,S99952476,X19937460X,Mr.,Henry768,Everette494,Little434,,,M,white,nonhispanic,M,San Francisco  California  US,360 Hudson Village,Lakeside,California,San Diego County,6073,92040,32.87944870516826,-116.84984989378073,745776.36,2420723.16,75275
13a557bc-8127-3c4d-182d-b555d4ef3821,1981-01-06,,999-68-4864,S99999783,X52375472X,Mr.,Warren653,Saul605,Padberg411,,,M,white,nonhispanic,M,Covina  California  US,330 Rath Road,Cypress,California,Orange County,6059,90720,33.7866930912742,-118.03593454722511,112942.52,145125.75,25536
1c001bcd-220c-362d-3582-daa8197a281e,1976-02-25,,999-55-6615,S99957943,X35665824X,Mr.,Timothy142,,Leffler128,,,M,white,nonhispanic,M,San Marcos  California  US,572 Lakin Manor,Simi Valley,California,Ventura County,6111,93021,34.31830362014496,-118.85902274972649,182354.78,408467.99,155831
53587240-cba3-b443-c30f-94e86ab51ae6,1971-11-20,,999-49-4485,S99916221,X80712522X,Mrs.,Jennine355,Ming325,Kreiger457,,Schiller186,D,other,nonhispanic,F,Najran  Najran  SA,714 Wyman Extension Unit 75,Oakland,California,Alameda County,6001,94606,37.769834644581714,-122.17303836721871,148809.26,1757805.06,28230
bbbf8ad1-a77e-d7f6-a4ef-8941fa8a5914,1963-05-29,,999-45-8062,S99964328,X78123204X,Mr.,Raymond398,Samual455,Lemke654,,,M,white,nonhispanic,M,Indio  California  US,157 Blanda Ramp Suite 92,San Francisco,California,San Francisco County,6075,94104,37.73177819300428,-122.43136899215371,237770.49,81734.22,143027
45745f2a-e357-fcb6-4daa-b53e9e44286c,1973-08-07,,999-11-2512,S99966531,X18242315X,Mr.,Cletus494,,Ondricka197,,,D,white,nonhispanic,M,Novato  California  US,287 Renner Street Unit 15,Moreno Valley,California,Riverside County,6065,92551,33.82749004970998,-117.17056454012884,667143.55,374476.71,48739
9f9b9eb5-3f85-a63d-e232-3e2241a7c4c9,1936-09-17,2021-01-06,999-60-1993,S99999253,X60828408X,Mr.,Winfred745,Austin578,Reynolds644,,,M,asian,nonhispanic,M,Beijing  Beijing Municipality  CN,174 Balistreri Fork Unit 10,Sunnyvale,California,Santa Clara County,6085,95014,37.41642985255861,-121.98224591330015,371663.95,262005.64,66173
892a0be1-3c20-a78b-7f48-c50bfd25a2d6,1936-09-17,1997-01-21,999-23-4583,S99939714,X50041142X,Mr.,Devon268,,Willms744,,,M,asian,nonhispanic,M,Shanghai  Shanghai Municipality  CN,533 Weber Loaf Unit 49,Sunnyvale,California,Santa Clara County,6085,94024,37.412650148872615,-122.02815277318697,339842.29,36377.03,66173
16a5dcbe-e9d3-141f-be09-82a124070b0c,1935-08-20,,999-98-6628,S99934701,X11978553X,Mr.,Isaac321,Ricky354,Bauch723,,,S,white,nonhispanic,M,Fairfield  California  US,478 Vandervort Drive,Avila Beach,California,San Luis Obispo County,6079,93424,35.206087254296804,-120.73935901206569,343533.52,2281834.56,144811
cc7207ed-a5d0-5c58-f8cb-21391fc0cb65,1932-11-23,,999-94-6239,S99940218,X51834546X,Mr.,Michael441,,Frami345,,,M,white,nonhispanic,M,Santa Clarita  California  US,547 Rogahn Trailer,Lakeside,California,San Diego County,6073,92040,32.909962165498975,-116.8422791564649,424721.68,1325400.62,75275
1e1bbbb5-76cf-861d-1717-25c683520f83,1936-09-17,2011-03-10,999-16-9835,S99947040,X8745815X,Mr.,Raul814,Jeramy610,Lindgren255,,,M,asian,nonhispanic,M,Shanghai  Shanghai Municipality  CN,712 Roberts Brook Suite 64,Sunnyvale,California,Santa Clara County,6085,94043,37.39882826235561,-122.07860832595782,452173.31,129657.21,66173
df4397cf-5a83-684e-d881-9412d6004661,1936-09-17,,999-79-8832,S99933856,X46942755X,Mr.,Delmar187,Nestor901,Boehm581,,,M,asian,nonhispanic,M,Chongqing  Chongqing Municipality  CN,238 Crooks View,Sunnyvale,California,Santa Clara County,6085,94085,37.379595015905686,-121.99221623399659,320844.56,337844.96,66173
